Workbook

Sheet 사용안내
B2: 부서 업무일지 · 출장 / 분석 / 일일 통합 관리
B4: 시트 구성
B5: 월력표 | C5: 연·월을 고르면 달력이 그려집니다. 각 날짜의 파란 줄은 자동 집계, 흰 칸은 자유 메모.
B6: 업무일지 | C6: 출장·분석 1건 = 1행. 사건번호를 고르면 사건명·요청처·담당자가 통째로 자동 연동.
B7: 일일실시사항 | C7: 출장·분석 외 부서의 모든 일일 업무(행정·교육·회의·장비관리·당직 등)를 기록.
B8: 사건마스터 | C8: 사건을 한 번만 등록하고 담당자 배정표에서 여러 명을 [주담당]·[참여]로 선택 → 업무일지로 전달.
B9: 부서 전체현황 | C9: 기준연도 1칸만 바꾸면 월별 추이·유형별·팀별·요청처별·일일실시 집계가 전부 갱신.
B10: 사건별 현황 | C10: 사건번호 기준 누계(전체 기간). 아래쪽에서 사건 하나를 골라 상세 조회.
B11: 개인별 현황 | C11: 담당자별 주담당/참여 분리 집계, 투입시간 누계, 월별 참여건수 매트릭스.
B12: 코드설정 | C12: 모든 드롭다운의 원본. 담당자·팀·유형·공휴일을 여기서 관리.
B14: 입력 순서
B15: ① 코드설정 | C15: 담당자·소속팀·팀 마스터·요청처를 우리 부서에 맞게 수정합니다.
B16: ② 사건마스터 | C16: 사건번호·사건명·요청처를 등록하고, L열부터 담당자 배정칸에서 참여자를 모두 선택합니다.
B17: ③ 업무일지 | C17: 5행의 예시를 지우고, 사건번호를 고른 뒤 날짜·유형·시간을 입력합니다. 담당자는 자동으로 들어옵니다.
B18: ④ 일일실시사항 | C18: 사건과 무관한 일일 업무를 그날그날 기록합니다.
B19: ⑤ 현황 시트 | C19: 기준연도만 바꿔 가며 결과를 확인합니다. 입력할 것은 없습니다.
B21: 색상 규칙
B22: 파란 글씨 | C22: 직접 입력하는 칸
B23: 검정 글씨 | C23: 같은 시트 안에서 자동 계산되는 칸 (덮어쓰지 마세요)
B24: 초록 글씨 | C24: 다른 시트에서 자동으로 끌어온 칸 (업무일지 담당자칸은 덮어써서 그 행만 바꿀 수 있음)
B25: 노란 배경 | C25: 반드시 확인·변경해야 하는 핵심 입력값 (기준연도, 조회 연·월, 사건번호 선택)
B26: 주황 배경 행 | C26: 각 시트 5행의 작성 예시 — 실제 사용 전 내용을 지우세요
B27: 행 배경색 | C27: 완료 = 연녹색 / 보류 = 주황 / 종료일이 지났는데 미완료 = 빨강
B29: 집계 기준
B30: 총 인시(H) | C30: 1인 투입시간 × 투입인원. 부서가 그 건에 실제로 쓴 총 공수입니다.
B31: 본인 투입시간(H) | C31: 그 건의 1인 투입시간을 개인별로 합산한 값 (총 인시와 다릅니다).
B32: 연인원(명) | C32: 각 건의 투입인원을 그대로 합산 — 같은 사람이 여러 건에 참여하면 중복 계상됩니다.
B33: 월 귀속 | C33: 출장·분석은 '시작일', 일일실시사항은 '일자'가 속한 달로 집계됩니다.
B34: 팀별 집계 | C34: 주담당자의 소속팀 기준입니다.
B36: 주의
B37: 동명이인 | C37: 참여자 집계가 이름 부분일치 방식이라 '김디지(1팀)'처럼 반드시 구분해 등록하세요.
B38: 입력 한도 | C38: 업무일지·일일실시사항 각 1000건(5~1004행), 사건 60건, 담당자 20명입니다.
B39: 월력표 메모 | C39: 연·월을 바꿔도 메모 칸은 그대로 남습니다. 한 달이 끝나면 시트를 복사해 보관하세요.
B40: 참여자 6명 초과 | C40: 사건마스터에서 6명 넘게 배정하면 업무일지엔 주담당 + 참여자 5명까지만 전달됩니다.

Sheet 월력표
A1: 월력표 · 월간 업무 캘린더
A2: ※ 노란 칸(연도·월)만 바꾸면 달력이 다시 그려집니다. ※ 각 날짜의 파란 줄은 [업무일지]·[일일실시사항]에서 자동 집계된 건수입니다. ※ 흰 칸은 자유 메모입니다 — 연·월을 바꿔도 메모는 그대로 남으니, 달이 끝나면 시트를 복사해 보관하세요.
A4: 연도 | B4: 2026 | C4: 월 | D4: 3 | E4: =TEXT(DATE($B$4,$D$4,1),"yyyy년 m월") | H4: =DATE($B$4,$D$4,1)-WEEKDAY(DATE($B$4,$D$4,1))+1
A6: 일 | B6: 월 | C6: 화 | D6: 수 | E6: 목 | F6: 금 | G6: 토
A7: =IF(MONTH($H$4+0)<>$D$4,"",$H$4+0) | B7: =IF(MONTH($H$4+1)<>$D$4,"",$H$4+1) | C7: =IF(MONTH($H$4+2)<>$D$4,"",$H$4+2) | D7: =IF(MONTH($H$4+3)<>$D$4,"",$H$4+3) | E7: =IF(MONTH($H$4+4)<>$D$4,"",$H$4+4) | F7: =IF(MONTH($H$4+5)<>$D$4,"",$H$4+5) | G7: =IF(MONTH($H$4+6)<>$D$4,"",$H$4+6) | J7: =IF(A7="",0,COUNTIFS(업무일지!$B$5:$B$1004,"<="&A7,업무일지!$C$5:$C$1004,">="&A7,업무일지!$D$5:$D$1004,"출장")) | K7: =IF(B7="",0,COUNTIFS(업무일지!$B$5:$B$1004,"<="&B7,업무일지!$C$5:$C$1004,">="&B7,업무일지!$D$5:$D$1004,"출장")) | L7: =IF(C7="",0,COUNTIFS(업무일지!$B$5:$B$1004,"<="&C7,업무일지!$C$5:$C$1004,">="&C7,업무일지!$D$5:$D$1004,"출장")) | M7: =IF(D7="",0,COUNTIFS(업무일지!$B$5:$B$1004,"<="&D7,업무일지!$C$5:$C$1004,">="&D7,업무일지!$D$5:$D$1004,"출장")) | N7: =IF(E7="",0,COUNTIFS(업무일지!$B$5:$B$1004,"<="&E7,업무일지!$C$5:$C$1004,">="&E7,업무일지!$D$5:$D$1004,"출장")) | O7: =IF(F7="",0,COUNTIFS(업무일지!$B$5:$B$1004,"<="&F7,업무일지!$C$5:$C$1004,">="&F7,업무일지!$D$5:$D$1004,"출장")) | P7: =IF(G7="",0,COUNTIFS(업무일지!$B$5:$B$1004,"<="&G7,업무일지!$C$5:$C$1004,">="&G7,업무일지!$D$5:$D$1004,"출장")) | Q7: =IF(A7="",0,COUNTIFS(업무일지!$B$5:$B$1004,"<="&A7,업무일지!$C$5:$C$1004,">="&A7,업무일지!$D$5:$D$1004,"분석")) | R7: =IF(B7="",0,COUNTIFS(업무일지!$B$5:$B$1004,"<="&B7,업무일지!$C$5:$C$1004,">="&B7,업무일지!$D$5:$D$1004,"분석")) | S7: =IF(C7="",0,COUNTIFS(업무일지!$B$5:$B$1004,"<="&C7,업무일지!$C$5:$C$1004,">="&C7,업무일지!$D$5:$D$1004,"분석")) | T7: =IF(D7="",0,COUNTIFS(업무일지!$B$5:$B$1004,"<="&D7,업무일지!$C$5:$C$1004,">="&D7,업무일지!$D$5:$D$1004,"분석")) | U7: =IF(E7="",0,COUNTIFS(업무일지!$B$5:$B$1004,"<="&E7,업무일지!$C$5:$C$1004,">="&E7,업무일지!$D$5:$D$1004,"분석")) | V7: =IF(F7="",0,COUNTIFS(업무일지!$B$5:$B$1004,"<="&F7,업무일지!$C$5:$C$1004,">="&F7,업무일지!$D$5:$D$1004,"분석")) | W7: =IF(G7="",0,COUNTIFS(업무일지!$B$5:$B$1004,"<="&G7,업무일지!$C$5:$C$1004,">="&G7,업무일지!$D$5:$D$1004,"분석")) | X7: =IF(A7="",0,COUNTIFS(일일실시사항!$B$5:$B$1004,A7)) | Y7: =IF(B7="",0,COUNTIFS(일일실시사항!$B$5:$B$1004,B7)) | Z7: =IF(C7="",0,COUNTIFS(일일실시사항!$B$5:$B$1004,C7)) | AA7: =IF(D7="",0,COUNTIFS(일일실시사항!$B$5:$B$1004,D7)) | AB7: =IF(E7="",0,COUNTIFS(일일실시사항!$B$5:$B$1004,E7)) | AC7: =IF(F7="",0,COUNTIFS(일일실시사항!$B$5:$B$1004,F7)) | AD7: =IF(G7="",0,COUNTIFS(일일실시사항!$B$5:$B$1004,G7))
A8: =IF(A7="","",IF(J7+Q7+X7=0,"",IF(J7=0,"","출장 "&J7&" ")&IF(Q7=0,"","분석 "&Q7&" ")&IF(X7=0,"","일일 "&X7))) | B8: =IF(B7="","",IF(K7+R7+Y7=0,"",IF(K7=0,"","출장 "&K7&" ")&IF(R7=0,"","분석 "&R7&" ")&IF(Y7=0,"","일일 "&Y7))) | C8: =IF(C7="","",IF(L7+S7+Z7=0,"",IF(L7=0,"","출장 "&L7&" ")&IF(S7=0,"","분석 "&S7&" ")&IF(Z7=0,"","일일 "&Z7))) | D8: =IF(D7="","",IF(M7+T7+AA7=0,"",IF(M7=0,"","출장 "&M7&" ")&IF(T7=0,"","분석 "&T7&" ")&IF(AA7=0,"","일일 "&AA7))) | E8: =IF(E7="","",IF(N7+U7+AB7=0,"",IF(N7=0,"","출장 "&N7&" ")&IF(U7=0,"","분석 "&U7&" ")&IF(AB7=0,"","일일 "&AB7))) | F8: =IF(F7="","",IF(O7+V7+AC7=0,"",IF(O7=0,"","출장 "&O7&" ")&IF(V7=0,"","분석 "&V7&" ")&IF(AC7=0,"","일일 "&AC7))) | G8: =IF(G7="","",IF(P7+W7+AD7=0,"",IF(P7=0,"","출장 "&P7&" ")&IF(W7=0,"","분석 "&W7&" ")&IF(AD7=0,"","일일 "&AD7))) | J8: =IF(A10="",0,COUNTIFS(업무일지!$B$5:$B$1004,"<="&A10,업무일지!$C$5:$C$1004,">="&A10,업무일지!$D$5:$D$1004,"출장")) | K8: =IF(B10="",0,COUNTIFS(업무일지!$B$5:$B$1004,"<="&B10,업무일지!$C$5:$C$1004,">="&B10,업무일지!$D$5:$D$1004,"출장")) | L8: =IF(C10="",0,COUNTIFS(업무일지!$B$5:$B$1004,"<="&C10,업무일지!$C$5:$C$1004,">="&C10,업무일지!$D$5:$D$1004,"출장")) | M8: =IF(D10="",0,COUNTIFS(업무일지!$B$5:$B$1004,"<="&D10,업무일지!$C$5:$C$1004,">="&D10,업무일지!$D$5:$D$1004,"출장")) | N8: =IF(E10="",0,COUNTIFS(업무일지!$B$5:$B$1004,"<="&E10,업무일지!$C$5:$C$1004,">="&E10,업무일지!$D$5:$D$1004,"출장")) | O8: =IF(F10="",0,COUNTIFS(업무일지!$B$5:$B$1004,"<="&F10,업무일지!$C$5:$C$1004,">="&F10,업무일지!$D$5:$D$1004,"출장")) | P8: =IF(G10="",0,COUNTIFS(업무일지!$B$5:$B$1004,"<="&G10,업무일지!$C$5:$C$1004,">="&G10,업무일지!$D$5:$D$1004,"출장")) | Q8: =IF(A10="",0,COUNTIFS(업무일지!$B$5:$B$1004,"<="&A10,업무일지!$C$5:$C$1004,">="&A10,업무일지!$D$5:$D$1004,"분석")) | R8: =IF(B10="",0,COUNTIFS(업무일지!$B$5:$B$1004,"<="&B10,업무일지!$C$5:$C$1004,">="&B10,업무일지!$D$5:$D$1004,"분석")) | S8: =IF(C10="",0,COUNTIFS(업무일지!$B$5:$B$1004,"<="&C10,업무일지!$C$5:$C$1004,">="&C10,업무일지!$D$5:$D$1004,"분석")) | T8: =IF(D10="",0,COUNTIFS(업무일지!$B$5:$B$1004,"<="&D10,업무일지!$C$5:$C$1004,">="&D10,업무일지!$D$5:$D$1004,"분석")) | U8: =IF(E10="",0,COUNTIFS(업무일지!$B$5:$B$1004,"<="&E10,업무일지!$C$5:$C$1004,">="&E10,업무일지!$D$5:$D$1004,"분석")) | V8: =IF(F10="",0,COUNTIFS(업무일지!$B$5:$B$1004,"<="&F10,업무일지!$C$5:$C$1004,">="&F10,업무일지!$D$5:$D$1004,"분석")) | W8: =IF(G10="",0,COUNTIFS(업무일지!$B$5:$B$1004,"<="&G10,업무일지!$C$5:$C$1004,">="&G10,업무일지!$D$5:$D$1004,"분석")) | X8: =IF(A10="",0,COUNTIFS(일일실시사항!$B$5:$B$1004,A10)) | Y8: =IF(B10="",0,COUNTIFS(일일실시사항!$B$5:$B$1004,B10)) | Z8: =IF(C10="",0,COUNTIFS(일일실시사항!$B$5:$B$1004,C10)) | AA8: =IF(D10="",0,COUNTIFS(일일실시사항!$B$5:$B$1004,D10)) | AB8: =IF(E10="",0,COUNTIFS(일일실시사항!$B$5:$B$1004,E10)) | AC8: =IF(F10="",0,COUNTIFS(일일실시사항!$B$5:$B$1004,F10)) | AD8: =IF(G10="",0,COUNTIFS(일일실시사항!$B$5:$B$1004,G10))
J9: =IF(A13="",0,COUNTIFS(업무일지!$B$5:$B$1004,"<="&A13,업무일지!$C$5:$C$1004,">="&A13,업무일지!$D$5:$D$1004,"출장")) | K9: =IF(B13="",0,COUNTIFS(업무일지!$B$5:$B$1004,"<="&B13,업무일지!$C$5:$C$1004,">="&B13,업무일지!$D$5:$D$1004,"출장")) | L9: =IF(C13="",0,COUNTIFS(업무일지!$B$5:$B$1004,"<="&C13,업무일지!$C$5:$C$1004,">="&C13,업무일지!$D$5:$D$1004,"출장")) | M9: =IF(D13="",0,COUNTIFS(업무일지!$B$5:$B$1004,"<="&D13,업무일지!$C$5:$C$1004,">="&D13,업무일지!$D$5:$D$1004,"출장")) | N9: =IF(E13="",0,COUNTIFS(업무일지!$B$5:$B$1004,"<="&E13,업무일지!$C$5:$C$1004,">="&E13,업무일지!$D$5:$D$1004,"출장")) | O9: =IF(F13="",0,COUNTIFS(업무일지!$B$5:$B$1004,"<="&F13,업무일지!$C$5:$C$1004,">="&F13,업무일지!$D$5:$D$1004,"출장")) | P9: =IF(G13="",0,COUNTIFS(업무일지!$B$5:$B$1004,"<="&G13,업무일지!$C$5:$C$1004,">="&G13,업무일지!$D$5:$D$1004,"출장")) | Q9: =IF(A13="",0,COUNTIFS(업무일지!$B$5:$B$1004,"<="&A13,업무일지!$C$5:$C$1004,">="&A13,업무일지!$D$5:$D$1004,"분석")) | R9: =IF(B13="",0,COUNTIFS(업무일지!$B$5:$B$1004,"<="&B13,업무일지!$C$5:$C$1004,">="&B13,업무일지!$D$5:$D$1004,"분석")) | S9: =IF(C13="",0,COUNTIFS(업무일지!$B$5:$B$1004,"<="&C13,업무일지!$C$5:$C$1004,">="&C13,업무일지!$D$5:$D$1004,"분석")) | T9: =IF(D13="",0,COUNTIFS(업무일지!$B$5:$B$1004,"<="&D13,업무일지!$C$5:$C$1004,">="&D13,업무일지!$D$5:$D$1004,"분석")) | U9: =IF(E13="",0,COUNTIFS(업무일지!$B$5:$B$1004,"<="&E13,업무일지!$C$5:$C$1004,">="&E13,업무일지!$D$5:$D$1004,"분석")) | V9: =IF(F13="",0,COUNTIFS(업무일지!$B$5:$B$1004,"<="&F13,업무일지!$C$5:$C$1004,">="&F13,업무일지!$D$5:$D$1004,"분석")) | W9: =IF(G13="",0,COUNTIFS(업무일지!$B$5:$B$1004,"<="&G13,업무일지!$C$5:$C$1004,">="&G13,업무일지!$D$5:$D$1004,"분석")) | X9: =IF(A13="",0,COUNTIFS(일일실시사항!$B$5:$B$1004,A13)) | Y9: =IF(B13="",0,COUNTIFS(일일실시사항!$B$5:$B$1004,B13)) | Z9: =IF(C13="",0,COUNTIFS(일일실시사항!$B$5:$B$1004,C13)) | AA9: =IF(D13="",0,COUNTIFS(일일실시사항!$B$5:$B$1004,D13)) | AB9: =IF(E13="",0,COUNTIFS(일일실시사항!$B$5:$B$1004,E13)) | AC9: =IF(F13="",0,COUNTIFS(일일실시사항!$B$5:$B$1004,F13)) | AD9: =IF(G13="",0,COUNTIFS(일일실시사항!$B$5:$B$1004,G13))
A10: =IF(MONTH($H$4+7)<>$D$4,"",$H$4+7) | B10: =IF(MONTH($H$4+8)<>$D$4,"",$H$4+8) | C10: =IF(MONTH($H$4+9)<>$D$4,"",$H$4+9) | D10: =IF(MONTH($H$4+10)<>$D$4,"",$H$4+10) | E10: =IF(MONTH($H$4+11)<>$D$4,"",$H$4+11) | F10: =IF(MONTH($H$4+12)<>$D$4,"",$H$4+12) | G10: =IF(MONTH($H$4+13)<>$D$4,"",$H$4+13) | J10: =IF(A16="",0,COUNTIFS(업무일지!$B$5:$B$1004,"<="&A16,업무일지!$C$5:$C$1004,">="&A16,업무일지!$D$5:$D$1004,"출장")) | K10: =IF(B16="",0,COUNTIFS(업무일지!$B$5:$B$1004,"<="&B16,업무일지!$C$5:$C$1004,">="&B16,업무일지!$D$5:$D$1004,"출장")) | L10: =IF(C16="",0,COUNTIFS(업무일지!$B$5:$B$1004,"<="&C16,업무일지!$C$5:$C$1004,">="&C16,업무일지!$D$5:$D$1004,"출장")) | M10: =IF(D16="",0,COUNTIFS(업무일지!$B$5:$B$1004,"<="&D16,업무일지!$C$5:$C$1004,">="&D16,업무일지!$D$5:$D$1004,"출장")) | N10: =IF(E16="",0,COUNTIFS(업무일지!$B$5:$B$1004,"<="&E16,업무일지!$C$5:$C$1004,">="&E16,업무일지!$D$5:$D$1004,"출장")) | O10: =IF(F16="",0,COUNTIFS(업무일지!$B$5:$B$1004,"<="&F16,업무일지!$C$5:$C$1004,">="&F16,업무일지!$D$5:$D$1004,"출장")) | P10: =IF(G16="",0,COUNTIFS(업무일지!$B$5:$B$1004,"<="&G16,업무일지!$C$5:$C$1004,">="&G16,업무일지!$D$5:$D$1004,"출장")) | Q10: =IF(A16="",0,COUNTIFS(업무일지!$B$5:$B$1004,"<="&A16,업무일지!$C$5:$C$1004,">="&A16,업무일지!$D$5:$D$1004,"분석")) | R10: =IF(B16="",0,COUNTIFS(업무일지!$B$5:$B$1004,"<="&B16,업무일지!$C$5:$C$1004,">="&B16,업무일지!$D$5:$D$1004,"분석")) | S10: =IF(C16="",0,COUNTIFS(업무일지!$B$5:$B$1004,"<="&C16,업무일지!$C$5:$C$1004,">="&C16,업무일지!$D$5:$D$1004,"분석")) | T10: =IF(D16="",0,COUNTIFS(업무일지!$B$5:$B$1004,"<="&D16,업무일지!$C$5:$C$1004,">="&D16,업무일지!$D$5:$D$1004,"분석")) | U10: =IF(E16="",0,COUNTIFS(업무일지!$B$5:$B$1004,"<="&E16,업무일지!$C$5:$C$1004,">="&E16,업무일지!$D$5:$D$1004,"분석")) | V10: =IF(F16="",0,COUNTIFS(업무일지!$B$5:$B$1004,"<="&F16,업무일지!$C$5:$C$1004,">="&F16,업무일지!$D$5:$D$1004,"분석")) | W10: =IF(G16="",0,COUNTIFS(업무일지!$B$5:$B$1004,"<="&G16,업무일지!$C$5:$C$1004,">="&G16,업무일지!$D$5:$D$1004,"분석")) | X10: =IF(A16="",0,COUNTIFS(일일실시사항!$B$5:$B$1004,A16)) | Y10: =IF(B16="",0,COUNTIFS(일일실시사항!$B$5:$B$1004,B16)) | Z10: =IF(C16="",0,COUNTIFS(일일실시사항!$B$5:$B$1004,C16)) | AA10: =IF(D16="",0,COUNTIFS(일일실시사항!$B$5:$B$1004,D16)) | AB10: =IF(E16="",0,COUNTIFS(일일실시사항!$B$5:$B$1004,E16)) | AC10: =IF(F16="",0,COUNTIFS(일일실시사항!$B$5:$B$1004,F16)) | AD10: =IF(G16="",0,COUNTIFS(일일실시사항!$B$5:$B$1004,G16))
A11: =IF(A10="","",IF(J8+Q8+X8=0,"",IF(J8=0,"","출장 "&J8&" ")&IF(Q8=0,"","분석 "&Q8&" ")&IF(X8=0,"","일일 "&X8))) | B11: =IF(B10="","",IF(K8+R8+Y8=0,"",IF(K8=0,"","출장 "&K8&" ")&IF(R8=0,"","분석 "&R8&" ")&IF(Y8=0,"","일일 "&Y8))) | C11: =IF(C10="","",IF(L8+S8+Z8=0,"",IF(L8=0,"","출장 "&L8&" ")&IF(S8=0,"","분석 "&S8&" ")&IF(Z8=0,"","일일 "&Z8))) | D11: =IF(D10="","",IF(M8+T8+AA8=0,"",IF(M8=0,"","출장 "&M8&" ")&IF(T8=0,"","분석 "&T8&" ")&IF(AA8=0,"","일일 "&AA8))) | E11: =IF(E10="","",IF(N8+U8+AB8=0,"",IF(N8=0,"","출장 "&N8&" ")&IF(U8=0,"","분석 "&U8&" ")&IF(AB8=0,"","일일 "&AB8))) | F11: =IF(F10="","",IF(O8+V8+AC8=0,"",IF(O8=0,"","출장 "&O8&" ")&IF(V8=0,"","분석 "&V8&" ")&IF(AC8=0,"","일일 "&AC8))) | G11: =IF(G10="","",IF(P8+W8+AD8=0,"",IF(P8=0,"","출장 "&P8&" ")&IF(W8=0,"","분석 "&W8&" ")&IF(AD8=0,"","일일 "&AD8))) | J11: =IF(A19="",0,COUNTIFS(업무일지!$B$5:$B$1004,"<="&A19,업무일지!$C$5:$C$1004,">="&A19,업무일지!$D$5:$D$1004,"출장")) | K11: =IF(B19="",0,COUNTIFS(업무일지!$B$5:$B$1004,"<="&B19,업무일지!$C$5:$C$1004,">="&B19,업무일지!$D$5:$D$1004,"출장")) | L11: =IF(C19="",0,COUNTIFS(업무일지!$B$5:$B$1004,"<="&C19,업무일지!$C$5:$C$1004,">="&C19,업무일지!$D$5:$D$1004,"출장")) | M11: =IF(D19="",0,COUNTIFS(업무일지!$B$5:$B$1004,"<="&D19,업무일지!$C$5:$C$1004,">="&D19,업무일지!$D$5:$D$1004,"출장")) | N11: =IF(E19="",0,COUNTIFS(업무일지!$B$5:$B$1004,"<="&E19,업무일지!$C$5:$C$1004,">="&E19,업무일지!$D$5:$D$1004,"출장")) | O11: =IF(F19="",0,COUNTIFS(업무일지!$B$5:$B$1004,"<="&F19,업무일지!$C$5:$C$1004,">="&F19,업무일지!$D$5:$D$1004,"출장")) | P11: =IF(G19="",0,COUNTIFS(업무일지!$B$5:$B$1004,"<="&G19,업무일지!$C$5:$C$1004,">="&G19,업무일지!$D$5:$D$1004,"출장")) | Q11: =IF(A19="",0,COUNTIFS(업무일지!$B$5:$B$1004,"<="&A19,업무일지!$C$5:$C$1004,">="&A19,업무일지!$D$5:$D$1004,"분석")) | R11: =IF(B19="",0,COUNTIFS(업무일지!$B$5:$B$1004,"<="&B19,업무일지!$C$5:$C$1004,">="&B19,업무일지!$D$5:$D$1004,"분석")) | S11: =IF(C19="",0,COUNTIFS(업무일지!$B$5:$B$1004,"<="&C19,업무일지!$C$5:$C$1004,">="&C19,업무일지!$D$5:$D$1004,"분석")) | T11: =IF(D19="",0,COUNTIFS(업무일지!$B$5:$B$1004,"<="&D19,업무일지!$C$5:$C$1004,">="&D19,업무일지!$D$5:$D$1004,"분석")) | U11: =IF(E19="",0,COUNTIFS(업무일지!$B$5:$B$1004,"<="&E19,업무일지!$C$5:$C$1004,">="&E19,업무일지!$D$5:$D$1004,"분석")) | V11: =IF(F19="",0,COUNTIFS(업무일지!$B$5:$B$1004,"<="&F19,업무일지!$C$5:$C$1004,">="&F19,업무일지!$D$5:$D$1004,"분석")) | W11: =IF(G19="",0,COUNTIFS(업무일지!$B$5:$B$1004,"<="&G19,업무일지!$C$5:$C$1004,">="&G19,업무일지!$D$5:$D$1004,"분석")) | X11: =IF(A19="",0,COUNTIFS(일일실시사항!$B$5:$B$1004,A19)) | Y11: =IF(B19="",0,COUNTIFS(일일실시사항!$B$5:$B$1004,B19)) | Z11: =IF(C19="",0,COUNTIFS(일일실시사항!$B$5:$B$1004,C19)) | AA11: =IF(D19="",0,COUNTIFS(일일실시사항!$B$5:$B$1004,D19)) | AB11: =IF(E19="",0,COUNTIFS(일일실시사항!$B$5:$B$1004,E19)) | AC11: =IF(F19="",0,COUNTIFS(일일실시사항!$B$5:$B$1004,F19)) | AD11: =IF(G19="",0,COUNTIFS(일일실시사항!$B$5:$B$1004,G19))
J12: =IF(A22="",0,COUNTIFS(업무일지!$B$5:$B$1004,"<="&A22,업무일지!$C$5:$C$1004,">="&A22,업무일지!$D$5:$D$1004,"출장")) | K12: =IF(B22="",0,COUNTIFS(업무일지!$B$5:$B$1004,"<="&B22,업무일지!$C$5:$C$1004,">="&B22,업무일지!$D$5:$D$1004,"출장")) | L12: =IF(C22="",0,COUNTIFS(업무일지!$B$5:$B$1004,"<="&C22,업무일지!$C$5:$C$1004,">="&C22,업무일지!$D$5:$D$1004,"출장")) | M12: =IF(D22="",0,COUNTIFS(업무일지!$B$5:$B$1004,"<="&D22,업무일지!$C$5:$C$1004,">="&D22,업무일지!$D$5:$D$1004,"출장")) | N12: =IF(E22="",0,COUNTIFS(업무일지!$B$5:$B$1004,"<="&E22,업무일지!$C$5:$C$1004,">="&E22,업무일지!$D$5:$D$1004,"출장")) | O12: =IF(F22="",0,COUNTIFS(업무일지!$B$5:$B$1004,"<="&F22,업무일지!$C$5:$C$1004,">="&F22,업무일지!$D$5:$D$1004,"출장")) | P12: =IF(G22="",0,COUNTIFS(업무일지!$B$5:$B$1004,"<="&G22,업무일지!$C$5:$C$1004,">="&G22,업무일지!$D$5:$D$1004,"출장")) | Q12: =IF(A22="",0,COUNTIFS(업무일지!$B$5:$B$1004,"<="&A22,업무일지!$C$5:$C$1004,">="&A22,업무일지!$D$5:$D$1004,"분석")) | R12: =IF(B22="",0,COUNTIFS(업무일지!$B$5:$B$1004,"<="&B22,업무일지!$C$5:$C$1004,">="&B22,업무일지!$D$5:$D$1004,"분석")) | S12: =IF(C22="",0,COUNTIFS(업무일지!$B$5:$B$1004,"<="&C22,업무일지!$C$5:$C$1004,">="&C22,업무일지!$D$5:$D$1004,"분석")) | T12: =IF(D22="",0,COUNTIFS(업무일지!$B$5:$B$1004,"<="&D22,업무일지!$C$5:$C$1004,">="&D22,업무일지!$D$5:$D$1004,"분석")) | U12: =IF(E22="",0,COUNTIFS(업무일지!$B$5:$B$1004,"<="&E22,업무일지!$C$5:$C$1004,">="&E22,업무일지!$D$5:$D$1004,"분석")) | V12: =IF(F22="",0,COUNTIFS(업무일지!$B$5:$B$1004,"<="&F22,업무일지!$C$5:$C$1004,">="&F22,업무일지!$D$5:$D$1004,"분석")) | W12: =IF(G22="",0,COUNTIFS(업무일지!$B$5:$B$1004,"<="&G22,업무일지!$C$5:$C$1004,">="&G22,업무일지!$D$5:$D$1004,"분석")) | X12: =IF(A22="",0,COUNTIFS(일일실시사항!$B$5:$B$1004,A22)) | Y12: =IF(B22="",0,COUNTIFS(일일실시사항!$B$5:$B$1004,B22)) | Z12: =IF(C22="",0,COUNTIFS(일일실시사항!$B$5:$B$1004,C22)) | AA12: =IF(D22="",0,COUNTIFS(일일실시사항!$B$5:$B$1004,D22)) | AB12: =IF(E22="",0,COUNTIFS(일일실시사항!$B$5:$B$1004,E22)) | AC12: =IF(F22="",0,COUNTIFS(일일실시사항!$B$5:$B$1004,F22)) | AD12: =IF(G22="",0,COUNTIFS(일일실시사항!$B$5:$B$1004,G22))
A13: =IF(MONTH($H$4+14)<>$D$4,"",$H$4+14) | B13: =IF(MONTH($H$4+15)<>$D$4,"",$H$4+15) | C13: =IF(MONTH($H$4+16)<>$D$4,"",$H$4+16) | D13: =IF(MONTH($H$4+17)<>$D$4,"",$H$4+17) | E13: =IF(MONTH($H$4+18)<>$D$4,"",$H$4+18) | F13: =IF(MONTH($H$4+19)<>$D$4,"",$H$4+19) | G13: =IF(MONTH($H$4+20)<>$D$4,"",$H$4+20)
A14: =IF(A13="","",IF(J9+Q9+X9=0,"",IF(J9=0,"","출장 "&J9&" ")&IF(Q9=0,"","분석 "&Q9&" ")&IF(X9=0,"","일일 "&X9))) | B14: =IF(B13="","",IF(K9+R9+Y9=0,"",IF(K9=0,"","출장 "&K9&" ")&IF(R9=0,"","분석 "&R9&" ")&IF(Y9=0,"","일일 "&Y9))) | C14: =IF(C13="","",IF(L9+S9+Z9=0,"",IF(L9=0,"","출장 "&L9&" ")&IF(S9=0,"","분석 "&S9&" ")&IF(Z9=0,"","일일 "&Z9))) | D14: =IF(D13="","",IF(M9+T9+AA9=0,"",IF(M9=0,"","출장 "&M9&" ")&IF(T9=0,"","분석 "&T9&" ")&IF(AA9=0,"","일일 "&AA9))) | E14: =IF(E13="","",IF(N9+U9+AB9=0,"",IF(N9=0,"","출장 "&N9&" ")&IF(U9=0,"","분석 "&U9&" ")&IF(AB9=0,"","일일 "&AB9))) | F14: =IF(F13="","",IF(O9+V9+AC9=0,"",IF(O9=0,"","출장 "&O9&" ")&IF(V9=0,"","분석 "&V9&" ")&IF(AC9=0,"","일일 "&AC9))) | G14: =IF(G13="","",IF(P9+W9+AD9=0,"",IF(P9=0,"","출장 "&P9&" ")&IF(W9=0,"","분석 "&W9&" ")&IF(AD9=0,"","일일 "&AD9)))
A16: =IF(MONTH($H$4+21)<>$D$4,"",$H$4+21) | B16: =IF(MONTH($H$4+22)<>$D$4,"",$H$4+22) | C16: =IF(MONTH($H$4+23)<>$D$4,"",$H$4+23) | D16: =IF(MONTH($H$4+24)<>$D$4,"",$H$4+24) | E16: =IF(MONTH($H$4+25)<>$D$4,"",$H$4+25) | F16: =IF(MONTH($H$4+26)<>$D$4,"",$H$4+26) | G16: =IF(MONTH($H$4+27)<>$D$4,"",$H$4+27)
A17: =IF(A16="","",IF(J10+Q10+X10=0,"",IF(J10=0,"","출장 "&J10&" ")&IF(Q10=0,"","분석 "&Q10&" ")&IF(X10=0,"","일일 "&X10))) | B17: =IF(B16="","",IF(K10+R10+Y10=0,"",IF(K10=0,"","출장 "&K10&" ")&IF(R10=0,"","분석 "&R10&" ")&IF(Y10=0,"","일일 "&Y10))) | C17: =IF(C16="","",IF(L10+S10+Z10=0,"",IF(L10=0,"","출장 "&L10&" ")&IF(S10=0,"","분석 "&S10&" ")&IF(Z10=0,"","일일 "&Z10))) | D17: =IF(D16="","",IF(M10+T10+AA10=0,"",IF(M10=0,"","출장 "&M10&" ")&IF(T10=0,"","분석 "&T10&" ")&IF(AA10=0,"","일일 "&AA10))) | E17: =IF(E16="","",IF(N10+U10+AB10=0,"",IF(N10=0,"","출장 "&N10&" ")&IF(U10=0,"","분석 "&U10&" ")&IF(AB10=0,"","일일 "&AB10))) | F17: =IF(F16="","",IF(O10+V10+AC10=0,"",IF(O10=0,"","출장 "&O10&" ")&IF(V10=0,"","분석 "&V10&" ")&IF(AC10=0,"","일일 "&AC10))) | G17: =IF(G16="","",IF(P10+W10+AD10=0,"",IF(P10=0,"","출장 "&P10&" ")&IF(W10=0,"","분석 "&W10&" ")&IF(AD10=0,"","일일 "&AD10)))
A19: =IF(MONTH($H$4+28)<>$D$4,"",$H$4+28) | B19: =IF(MONTH($H$4+29)<>$D$4,"",$H$4+29) | C19: =IF(MONTH($H$4+30)<>$D$4,"",$H$4+30) | D19: =IF(MONTH($H$4+31)<>$D$4,"",$H$4+31) | E19: =IF(MONTH($H$4+32)<>$D$4,"",$H$4+32) | F19: =IF(MONTH($H$4+33)<>$D$4,"",$H$4+33) | G19: =IF(MONTH($H$4+34)<>$D$4,"",$H$4+34)
A20: =IF(A19="","",IF(J11+Q11+X11=0,"",IF(J11=0,"","출장 "&J11&" ")&IF(Q11=0,"","분석 "&Q11&" ")&IF(X11=0,"","일일 "&X11))) | B20: =IF(B19="","",IF(K11+R11+Y11=0,"",IF(K11=0,"","출장 "&K11&" ")&IF(R11=0,"","분석 "&R11&" ")&IF(Y11=0,"","일일 "&Y11))) | C20: =IF(C19="","",IF(L11+S11+Z11=0,"",IF(L11=0,"","출장 "&L11&" ")&IF(S11=0,"","분석 "&S11&" ")&IF(Z11=0,"","일일 "&Z11))) | D20: =IF(D19="","",IF(M11+T11+AA11=0,"",IF(M11=0,"","출장 "&M11&" ")&IF(T11=0,"","분석 "&T11&" ")&IF(AA11=0,"","일일 "&AA11))) | E20: =IF(E19="","",IF(N11+U11+AB11=0,"",IF(N11=0,"","출장 "&N11&" ")&IF(U11=0,"","분석 "&U11&" ")&IF(AB11=0,"","일일 "&AB11))) | F20: =IF(F19="","",IF(O11+V11+AC11=0,"",IF(O11=0,"","출장 "&O11&" ")&IF(V11=0,"","분석 "&V11&" ")&IF(AC11=0,"","일일 "&AC11))) | G20: =IF(G19="","",IF(P11+W11+AD11=0,"",IF(P11=0,"","출장 "&P11&" ")&IF(W11=0,"","분석 "&W11&" ")&IF(AD11=0,"","일일 "&AD11)))
A22: =IF(MONTH($H$4+35)<>$D$4,"",$H$4+35) | B22: =IF(MONTH($H$4+36)<>$D$4,"",$H$4+36) | C22: =IF(MONTH($H$4+37)<>$D$4,"",$H$4+37) | D22: =IF(MONTH($H$4+38)<>$D$4,"",$H$4+38) | E22: =IF(MONTH($H$4+39)<>$D$4,"",$H$4+39) | F22: =IF(MONTH($H$4+40)<>$D$4,"",$H$4+40) | G22: =IF(MONTH($H$4+41)<>$D$4,"",$H$4+41)
A23: =IF(A22="","",IF(J12+Q12+X12=0,"",IF(J12=0,"","출장 "&J12&" ")&IF(Q12=0,"","분석 "&Q12&" ")&IF(X12=0,"","일일 "&X12))) | B23: =IF(B22="","",IF(K12+R12+Y12=0,"",IF(K12=0,"","출장 "&K12&" ")&IF(R12=0,"","분석 "&R12&" ")&IF(Y12=0,"","일일 "&Y12))) | C23: =IF(C22="","",IF(L12+S12+Z12=0,"",IF(L12=0,"","출장 "&L12&" ")&IF(S12=0,"","분석 "&S12&" ")&IF(Z12=0,"","일일 "&Z12))) | D23: =IF(D22="","",IF(M12+T12+AA12=0,"",IF(M12=0,"","출장 "&M12&" ")&IF(T12=0,"","분석 "&T12&" ")&IF(AA12=0,"","일일 "&AA12))) | E23: =IF(E22="","",IF(N12+U12+AB12=0,"",IF(N12=0,"","출장 "&N12&" ")&IF(U12=0,"","분석 "&U12&" ")&IF(AB12=0,"","일일 "&AB12))) | F23: =IF(F22="","",IF(O12+V12+AC12=0,"",IF(O12=0,"","출장 "&O12&" ")&IF(V12=0,"","분석 "&V12&" ")&IF(AC12=0,"","일일 "&AC12))) | G23: =IF(G22="","",IF(P12+W12+AD12=0,"",IF(P12=0,"","출장 "&P12&" ")&IF(W12=0,"","분석 "&W12&" ")&IF(AD12=0,"","일일 "&AD12)))
A26: 이달 요약
A27: 구분 | B27: 건수 | C27: 총 인시(H) | D27: 출장 소요일수 | E27: 대상매체(건) | F27: 데이터량(GB) | G27: 진행중
A28: 출장 | B28: =COUNTIFS(업무일지!$B$5:$B$1004,">="&DATE($B$4,$D$4,1),업무일지!$B$5:$B$1004,"<"&DATE($B$4,$D$4+1,1),업무일지!$D$5:$D$1004,"출장") | C28: =SUMIFS(업무일지!$W$5:$W$1004,업무일지!$B$5:$B$1004,">="&DATE($B$4,$D$4,1),업무일지!$B$5:$B$1004,"<"&DATE($B$4,$D$4+1,1),업무일지!$D$5:$D$1004,"출장") | D28: =SUMIFS(업무일지!$U$5:$U$1004,업무일지!$B$5:$B$1004,">="&DATE($B$4,$D$4,1),업무일지!$B$5:$B$1004,"<"&DATE($B$4,$D$4+1,1),업무일지!$D$5:$D$1004,"출장") | E28: =SUMIFS(업무일지!$S$5:$S$1004,업무일지!$B$5:$B$1004,">="&DATE($B$4,$D$4,1),업무일지!$B$5:$B$1004,"<"&DATE($B$4,$D$4+1,1),업무일지!$D$5:$D$1004,"출장") | F28: =SUMIFS(업무일지!$T$5:$T$1004,업무일지!$B$5:$B$1004,">="&DATE($B$4,$D$4,1),업무일지!$B$5:$B$1004,"<"&DATE($B$4,$D$4+1,1),업무일지!$D$5:$D$1004,"출장") | G28: =COUNTIFS(업무일지!$B$5:$B$1004,">="&DATE($B$4,$D$4,1),업무일지!$B$5:$B$1004,"<"&DATE($B$4,$D$4+1,1),업무일지!$D$5:$D$1004,"출장",업무일지!$X$5:$X$1004,"진행중")
A29: 분석 | B29: =COUNTIFS(업무일지!$B$5:$B$1004,">="&DATE($B$4,$D$4,1),업무일지!$B$5:$B$1004,"<"&DATE($B$4,$D$4+1,1),업무일지!$D$5:$D$1004,"분석") | C29: =SUMIFS(업무일지!$W$5:$W$1004,업무일지!$B$5:$B$1004,">="&DATE($B$4,$D$4,1),업무일지!$B$5:$B$1004,"<"&DATE($B$4,$D$4+1,1),업무일지!$D$5:$D$1004,"분석") | D29: =SUMIFS(업무일지!$U$5:$U$1004,업무일지!$B$5:$B$1004,">="&DATE($B$4,$D$4,1),업무일지!$B$5:$B$1004,"<"&DATE($B$4,$D$4+1,1),업무일지!$D$5:$D$1004,"분석") | E29: =SUMIFS(업무일지!$S$5:$S$1004,업무일지!$B$5:$B$1004,">="&DATE($B$4,$D$4,1),업무일지!$B$5:$B$1004,"<"&DATE($B$4,$D$4+1,1),업무일지!$D$5:$D$1004,"분석") | F29: =SUMIFS(업무일지!$T$5:$T$1004,업무일지!$B$5:$B$1004,">="&DATE($B$4,$D$4,1),업무일지!$B$5:$B$1004,"<"&DATE($B$4,$D$4+1,1),업무일지!$D$5:$D$1004,"분석") | G29: =COUNTIFS(업무일지!$B$5:$B$1004,">="&DATE($B$4,$D$4,1),업무일지!$B$5:$B$1004,"<"&DATE($B$4,$D$4+1,1),업무일지!$D$5:$D$1004,"분석",업무일지!$X$5:$X$1004,"진행중")
A30: 일일실시 | B30: =COUNTIFS(일일실시사항!$B$5:$B$1004,">="&DATE($B$4,$D$4,1),일일실시사항!$B$5:$B$1004,"<"&DATE($B$4,$D$4+1,1)) | C30: =SUMIFS(일일실시사항!$J$5:$J$1004,일일실시사항!$B$5:$B$1004,">="&DATE($B$4,$D$4,1),일일실시사항!$B$5:$B$1004,"<"&DATE($B$4,$D$4+1,1)) | D30: - | E30: - | F30: - | G30: =COUNTIFS(일일실시사항!$B$5:$B$1004,">="&DATE($B$4,$D$4,1),일일실시사항!$B$5:$B$1004,"<"&DATE($B$4,$D$4+1,1),일일실시사항!$K$5:$K$1004,"진행중")
A31: 합계 | B31: =SUM(B28:B30) | C31: =SUM(C28:C30) | D31: =SUM(D28:D29) | E31: =SUM(E28:E29) | F31: =SUM(F28:F29) | G31: =SUM(G28:G30)
A33: ※ 달력 칸의 자동 집계는 [업무일지]의 시작일~종료일 기간에 걸친 건과 [일일실시사항]의 해당 일자 건을 셉니다.
A34: ※ 오늘 날짜는 초록색, 공휴일([코드설정] K열)과 일요일은 빨간색으로 표시됩니다.

Sheet 업무일지
A1: 부서 업무일지 · 출장 / 분석 통합 대장
A2: ※ 출장·분석 1건 = 1행. 사건번호(F)를 고르면 사건명·요청처와 [사건마스터]에 배정된 담당자(I~N)가 통째로 따라옵니다. ※ 그 건에만 인원이 다르면 I~N칸을 직접 골라 덮어쓰세요(그 행만 수동으로 바뀝니다). ※ 파란 글씨 칸만 입력 / 초록 글씨는 사건마스터 연동 / 회색 칸은 자동. ※ 5행은 예시이므로 지우고 사용하세요.
A4: 연번 | B4: 시작일 | C4: 종료일 | D4: 직무구분 | E4: 세부유형 | F4: 사건번호 | G4: 사건명 · 업무명 | H4: 요청·의뢰처 | I4: 주담당자 | J4: 참여자 1 | K4: 참여자 2 | L4: 참여자 3 | M4: 참여자 4 | N4: 참여자 5 | O4: 투입인원(명) | P4: 참여자 명단(자동) | Q4: 소속팀 | R4: 장소 / 분석실 | S4: 대상매체(건) | T4: 데이터량(GB) | U4: 소요일수 | V4: 1인 투입시간(H) | W4: 총 인시(H) | X4: 진행상태 | Y4: 비고
A5: =IF($B5="","",COUNT($B$5:$B5)) | B5: 46085 | C5: 46086 | D5: 출장 | E5: 압수·수색 집행 | F5: 2026-형제-1024 | G5: =IF($F5="","",IFERROR(INDEX(사건마스터!$B$5:$B$64,MATCH($F5,사건마스터!$A$5:$A$64,0)),"")) | H5: =IF($F5="","",IFERROR(INDEX(사건마스터!$C$5:$C$64,MATCH($F5,사건마스터!$A$5:$A$64,0)),"")) | I5: =IF($F5="","",IFERROR(INDEX(사건마스터!$H$5:$H$64,MATCH($F5,사건마스터!$A$5:$A$64,0)),"")) | J5: =IF($F5="","",IFERROR(INDEX(사건마스터!$AH$5:$AH$64,MATCH($F5,사건마스터!$A$5:$A$64,0)),"")) | K5: =IF($F5="","",IFERROR(INDEX(사건마스터!$AI$5:$AI$64,MATCH($F5,사건마스터!$A$5:$A$64,0)),"")) | L5: =IF($F5="","",IFERROR(INDEX(사건마스터!$AJ$5:$AJ$64,MATCH($F5,사건마스터!$A$5:$A$64,0)),"")) | M5: =IF($F5="","",IFERROR(INDEX(사건마스터!$AK$5:$AK$64,MATCH($F5,사건마스터!$A$5:$A$64,0)),"")) | N5: =IF($F5="","",IFERROR(INDEX(사건마스터!$AL$5:$AL$64,MATCH($F5,사건마스터!$A$5:$A$64,0)),"")) | O5: =IF($I5="","",COUNTIF($I5:$N5,"?*")) | P5: =IF($I5="","",_xlfn.TEXTJOIN(", ",TRUE,$I5:$N5)) | Q5: =IF($I5="","",IFERROR(INDEX(코드설정!$D$5:$D$24,MATCH($I5,코드설정!$C$5:$C$24,0)),"")) | R5: 경기 성남시 판교 | S5: 6 | T5: 3200 | U5: =IF(OR($B5="",$C5=""),"",$C5-$B5+1) | V5: 16 | W5: =IF(OR($V5="",$O5=""),"",$V5*$O5) | X5: 완료 | Y5: ※ 예시 - 지우고 사용하세요
A6: =IF($B6="","",COUNT($B$5:$B6)) | G6: =IF($F6="","",IFERROR(INDEX(사건마스터!$B$5:$B$64,MATCH($F6,사건마스터!$A$5:$A$64,0)),"")) | H6: =IF($F6="","",IFERROR(INDEX(사건마스터!$C$5:$C$64,MATCH($F6,사건마스터!$A$5:$A$64,0)),"")) | I6: =IF($F6="","",IFERROR(INDEX(사건마스터!$H$5:$H$64,MATCH($F6,사건마스터!$A$5:$A$64,0)),"")) | J6: =IF($F6="","",IFERROR(INDEX(사건마스터!$AH$5:$AH$64,MATCH($F6,사건마스터!$A$5:$A$64,0)),"")) | K6: =IF($F6="","",IFERROR(INDEX(사건마스터!$AI$5:$AI$64,MATCH($F6,사건마스터!$A$5:$A$64,0)),"")) | L6: =IF($F6="","",IFERROR(INDEX(사건마스터!$AJ$5:$AJ$64,MATCH($F6,사건마스터!$A$5:$A$64,0)),"")) | M6: =IF($F6="","",IFERROR(INDEX(사건마스터!$AK$5:$AK$64,MATCH($F6,사건마스터!$A$5:$A$64,0)),"")) | N6: =IF($F6="","",IFERROR(INDEX(사건마스터!$AL$5:$AL$64,MATCH($F6,사건마스터!$A$5:$A$64,0)),"")) | O6: =IF($I6="","",COUNTIF($I6:$N6,"?*")) | P6: =IF($I6="","",_xlfn.TEXTJOIN(", ",TRUE,$I6:$N6)) | Q6: =IF($I6="","",IFERROR(INDEX(코드설정!$D$5:$D$24,MATCH($I6,코드설정!$C$5:$C$24,0)),"")) | U6: =IF(OR($B6="",$C6=""),"",$C6-$B6+1) | W6: =IF(OR($V6="",$O6=""),"",$V6*$O6)
A7: =IF($B7="","",COUNT($B$5:$B7)) | G7: =IF($F7="","",IFERROR(INDEX(사건마스터!$B$5:$B$64,MATCH($F7,사건마스터!$A$5:$A$64,0)),"")) | H7: =IF($F7="","",IFERROR(INDEX(사건마스터!$C$5:$C$64,MATCH($F7,사건마스터!$A$5:$A$64,0)),"")) | I7: =IF($F7="","",IFERROR(INDEX(사건마스터!$H$5:$H$64,MATCH($F7,사건마스터!$A$5:$A$64,0)),"")) | J7: =IF($F7="","",IFERROR(INDEX(사건마스터!$AH$5:$AH$64,MATCH($F7,사건마스터!$A$5:$A$64,0)),"")) | K7: =IF($F7="","",IFERROR(INDEX(사건마스터!$AI$5:$AI$64,MATCH($F7,사건마스터!$A$5:$A$64,0)),"")) | L7: =IF($F7="","",IFERROR(INDEX(사건마스터!$AJ$5:$AJ$64,MATCH($F7,사건마스터!$A$5:$A$64,0)),"")) | M7: =IF($F7="","",IFERROR(INDEX(사건마스터!$AK$5:$AK$64,MATCH($F7,사건마스터!$A$5:$A$64,0)),"")) | N7: =IF($F7="","",IFERROR(INDEX(사건마스터!$AL$5:$AL$64,MATCH($F7,사건마스터!$A$5:$A$64,0)),"")) | O7: =IF($I7="","",COUNTIF($I7:$N7,"?*")) | P7: =IF($I7="","",_xlfn.TEXTJOIN(", ",TRUE,$I7:$N7)) | Q7: =IF($I7="","",IFERROR(INDEX(코드설정!$D$5:$D$24,MATCH($I7,코드설정!$C$5:$C$24,0)),"")) | U7: =IF(OR($B7="",$C7=""),"",$C7-$B7+1) | W7: =IF(OR($V7="",$O7=""),"",$V7*$O7)
A8: =IF($B8="","",COUNT($B$5:$B8)) | G8: =IF($F8="","",IFERROR(INDEX(사건마스터!$B$5:$B$64,MATCH($F8,사건마스터!$A$5:$A$64,0)),"")) | H8: =IF($F8="","",IFERROR(INDEX(사건마스터!$C$5:$C$64,MATCH($F8,사건마스터!$A$5:$A$64,0)),"")) | I8: =IF($F8="","",IFERROR(INDEX(사건마스터!$H$5:$H$64,MATCH($F8,사건마스터!$A$5:$A$64,0)),"")) | J8: =IF($F8="","",IFERROR(INDEX(사건마스터!$AH$5:$AH$64,MATCH($F8,사건마스터!$A$5:$A$64,0)),"")) | K8: =IF($F8="","",IFERROR(INDEX(사건마스터!$AI$5:$AI$64,MATCH($F8,사건마스터!$A$5:$A$64,0)),"")) | L8: =IF($F8="","",IFERROR(INDEX(사건마스터!$AJ$5:$AJ$64,MATCH($F8,사건마스터!$A$5:$A$64,0)),"")) | M8: =IF($F8="","",IFERROR(INDEX(사건마스터!$AK$5:$AK$64,MATCH($F8,사건마스터!$A$5:$A$64,0)),"")) | N8: =IF($F8="","",IFERROR(INDEX(사건마스터!$AL$5:$AL$64,MATCH($F8,사건마스터!$A$5:$A$64,0)),"")) | O8: =IF($I8="","",COUNTIF($I8:$N8,"?*")) | P8: =IF($I8="","",_xlfn.TEXTJOIN(", ",TRUE,$I8:$N8)) | Q8: =IF($I8="","",IFERROR(INDEX(코드설정!$D$5:$D$24,MATCH($I8,코드설정!$C$5:$C$24,0)),"")) | U8: =IF(OR($B8="",$C8=""),"",$C8-$B8+1) | W8: =IF(OR($V8="",$O8=""),"",$V8*$O8)
A9: =IF($B9="","",COUNT($B$5:$B9)) | G9: =IF($F9="","",IFERROR(INDEX(사건마스터!$B$5:$B$64,MATCH($F9,사건마스터!$A$5:$A$64,0)),"")) | H9: =IF($F9="","",IFERROR(INDEX(사건마스터!$C$5:$C$64,MATCH($F9,사건마스터!$A$5:$A$64,0)),"")) | I9: =IF($F9="","",IFERROR(INDEX(사건마스터!$H$5:$H$64,MATCH($F9,사건마스터!$A$5:$A$64,0)),"")) | J9: =IF($F9="","",IFERROR(INDEX(사건마스터!$AH$5:$AH$64,MATCH($F9,사건마스터!$A$5:$A$64,0)),"")) | K9: =IF($F9="","",IFERROR(INDEX(사건마스터!$AI$5:$AI$64,MATCH($F9,사건마스터!$A$5:$A$64,0)),"")) | L9: =IF($F9="","",IFERROR(INDEX(사건마스터!$AJ$5:$AJ$64,MATCH($F9,사건마스터!$A$5:$A$64,0)),"")) | M9: =IF($F9="","",IFERROR(INDEX(사건마스터!$AK$5:$AK$64,MATCH($F9,사건마스터!$A$5:$A$64,0)),"")) | N9: =IF($F9="","",IFERROR(INDEX(사건마스터!$AL$5:$AL$64,MATCH($F9,사건마스터!$A$5:$A$64,0)),"")) | O9: =IF($I9="","",COUNTIF($I9:$N9,"?*")) | P9: =IF($I9="","",_xlfn.TEXTJOIN(", ",TRUE,$I9:$N9)) | Q9: =IF($I9="","",IFERROR(INDEX(코드설정!$D$5:$D$24,MATCH($I9,코드설정!$C$5:$C$24,0)),"")) | U9: =IF(OR($B9="",$C9=""),"",$C9-$B9+1) | W9: =IF(OR($V9="",$O9=""),"",$V9*$O9)
A10: =IF($B10="","",COUNT($B$5:$B10)) | G10: =IF($F10="","",IFERROR(INDEX(사건마스터!$B$5:$B$64,MATCH($F10,사건마스터!$A$5:$A$64,0)),"")) | H10: =IF($F10="","",IFERROR(INDEX(사건마스터!$C$5:$C$64,MATCH($F10,사건마스터!$A$5:$A$64,0)),"")) | I10: =IF($F10="","",IFERROR(INDEX(사건마스터!$H$5:$H$64,MATCH($F10,사건마스터!$A$5:$A$64,0)),"")) | J10: =IF($F10="","",IFERROR(INDEX(사건마스터!$AH$5:$AH$64,MATCH($F10,사건마스터!$A$5:$A$64,0)),"")) | K10: =IF($F10="","",IFERROR(INDEX(사건마스터!$AI$5:$AI$64,MATCH($F10,사건마스터!$A$5:$A$64,0)),"")) | L10: =IF($F10="","",IFERROR(INDEX(사건마스터!$AJ$5:$AJ$64,MATCH($F10,사건마스터!$A$5:$A$64,0)),"")) | M10: =IF($F10="","",IFERROR(INDEX(사건마스터!$AK$5:$AK$64,MATCH($F10,사건마스터!$A$5:$A$64,0)),"")) | N10: =IF($F10="","",IFERROR(INDEX(사건마스터!$AL$5:$AL$64,MATCH($F10,사건마스터!$A$5:$A$64,0)),"")) | O10: =IF($I10="","",COUNTIF($I10:$N10,"?*")) | P10: =IF($I10="","",_xlfn.TEXTJOIN(", ",TRUE,$I10:$N10)) | Q10: =IF($I10="","",IFERROR(INDEX(코드설정!$D$5:$D$24,MATCH($I10,코드설정!$C$5:$C$24,0)),"")) | U10: =IF(OR($B10="",$C10=""),"",$C10-$B10+1) | W10: =IF(OR($V10="",$O10=""),"",$V10*$O10)
A11: =IF($B11="","",COUNT($B$5:$B11)) | G11: =IF($F11="","",IFERROR(INDEX(사건마스터!$B$5:$B$64,MATCH($F11,사건마스터!$A$5:$A$64,0)),"")) | H11: =IF($F11="","",IFERROR(INDEX(사건마스터!$C$5:$C$64,MATCH($F11,사건마스터!$A$5:$A$64,0)),"")) | I11: =IF($F11="","",IFERROR(INDEX(사건마스터!$H$5:$H$64,MATCH($F11,사건마스터!$A$5:$A$64,0)),"")) | J11: =IF($F11="","",IFERROR(INDEX(사건마스터!$AH$5:$AH$64,MATCH($F11,사건마스터!$A$5:$A$64,0)),"")) | K11: =IF($F11="","",IFERROR(INDEX(사건마스터!$AI$5:$AI$64,MATCH($F11,사건마스터!$A$5:$A$64,0)),"")) | L11: =IF($F11="","",IFERROR(INDEX(사건마스터!$AJ$5:$AJ$64,MATCH($F11,사건마스터!$A$5:$A$64,0)),"")) | M11: =IF($F11="","",IFERROR(INDEX(사건마스터!$AK$5:$AK$64,MATCH($F11,사건마스터!$A$5:$A$64,0)),"")) | N11: =IF($F11="","",IFERROR(INDEX(사건마스터!$AL$5:$AL$64,MATCH($F11,사건마스터!$A$5:$A$64,0)),"")) | O11: =IF($I11="","",COUNTIF($I11:$N11,"?*")) | P11: =IF($I11="","",_xlfn.TEXTJOIN(", ",TRUE,$I11:$N11)) | Q11: =IF($I11="","",IFERROR(INDEX(코드설정!$D$5:$D$24,MATCH($I11,코드설정!$C$5:$C$24,0)),"")) | U11: =IF(OR($B11="",$C11=""),"",$C11-$B11+1) | W11: =IF(OR($V11="",$O11=""),"",$V11*$O11)
A12: =IF($B12="","",COUNT($B$5:$B12)) | G12: =IF($F12="","",IFERROR(INDEX(사건마스터!$B$5:$B$64,MATCH($F12,사건마스터!$A$5:$A$64,0)),"")) | H12: =IF($F12="","",IFERROR(INDEX(사건마스터!$C$5:$C$64,MATCH($F12,사건마스터!$A$5:$A$64,0)),"")) | I12: =IF($F12="","",IFERROR(INDEX(사건마스터!$H$5:$H$64,MATCH($F12,사건마스터!$A$5:$A$64,0)),"")) | J12: =IF($F12="","",IFERROR(INDEX(사건마스터!$AH$5:$AH$64,MATCH($F12,사건마스터!$A$5:$A$64,0)),"")) | K12: =IF($F12="","",IFERROR(INDEX(사건마스터!$AI$5:$AI$64,MATCH($F12,사건마스터!$A$5:$A$64,0)),"")) | L12: =IF($F12="","",IFERROR(INDEX(사건마스터!$AJ$5:$AJ$64,MATCH($F12,사건마스터!$A$5:$A$64,0)),"")) | M12: =IF($F12="","",IFERROR(INDEX(사건마스터!$AK$5:$AK$64,MATCH($F12,사건마스터!$A$5:$A$64,0)),"")) | N12: =IF($F12="","",IFERROR(INDEX(사건마스터!$AL$5:$AL$64,MATCH($F12,사건마스터!$A$5:$A$64,0)),"")) | O12: =IF($I12="","",COUNTIF($I12:$N12,"?*")) | P12: =IF($I12="","",_xlfn.TEXTJOIN(", ",TRUE,$I12:$N12)) | Q12: =IF($I12="","",IFERROR(INDEX(코드설정!$D$5:$D$24,MATCH($I12,코드설정!$C$5:$C$24,0)),"")) | U12: =IF(OR($B12="",$C12=""),"",$C12-$B12+1) | W12: =IF(OR($V12="",$O12=""),"",$V12*$O12)
A13: =IF($B13="","",COUNT($B$5:$B13)) | G13: =IF($F13="","",IFERROR(INDEX(사건마스터!$B$5:$B$64,MATCH($F13,사건마스터!$A$5:$A$64,0)),"")) | H13: =IF($F13="","",IFERROR(INDEX(사건마스터!$C$5:$C$64,MATCH($F13,사건마스터!$A$5:$A$64,0)),"")) | I13: =IF($F13="","",IFERROR(INDEX(사건마스터!$H$5:$H$64,MATCH($F13,사건마스터!$A$5:$A$64,0)),"")) | J13: =IF($F13="","",IFERROR(INDEX(사건마스터!$AH$5:$AH$64,MATCH($F13,사건마스터!$A$5:$A$64,0)),"")) | K13: =IF($F13="","",IFERROR(INDEX(사건마스터!$AI$5:$AI$64,MATCH($F13,사건마스터!$A$5:$A$64,0)),"")) | L13: =IF($F13="","",IFERROR(INDEX(사건마스터!$AJ$5:$AJ$64,MATCH($F13,사건마스터!$A$5:$A$64,0)),"")) | M13: =IF($F13="","",IFERROR(INDEX(사건마스터!$AK$5:$AK$64,MATCH($F13,사건마스터!$A$5:$A$64,0)),"")) | N13: =IF($F13="","",IFERROR(INDEX(사건마스터!$AL$5:$AL$64,MATCH($F13,사건마스터!$A$5:$A$64,0)),"")) | O13: =IF($I13="","",COUNTIF($I13:$N13,"?*")) | P13: =IF($I13="","",_xlfn.TEXTJOIN(", ",TRUE,$I13:$N13)) | Q13: =IF($I13="","",IFERROR(INDEX(코드설정!$D$5:$D$24,MATCH($I13,코드설정!$C$5:$C$24,0)),"")) | U13: =IF(OR($B13="",$C13=""),"",$C13-$B13+1) | W13: =IF(OR($V13="",$O13=""),"",$V13*$O13)
A14: =IF($B14="","",COUNT($B$5:$B14)) | G14: =IF($F14="","",IFERROR(INDEX(사건마스터!$B$5:$B$64,MATCH($F14,사건마스터!$A$5:$A$64,0)),"")) | H14: =IF($F14="","",IFERROR(INDEX(사건마스터!$C$5:$C$64,MATCH($F14,사건마스터!$A$5:$A$64,0)),"")) | I14: =IF($F14="","",IFERROR(INDEX(사건마스터!$H$5:$H$64,MATCH($F14,사건마스터!$A$5:$A$64,0)),"")) | J14: =IF($F14="","",IFERROR(INDEX(사건마스터!$AH$5:$AH$64,MATCH($F14,사건마스터!$A$5:$A$64,0)),"")) | K14: =IF($F14="","",IFERROR(INDEX(사건마스터!$AI$5:$AI$64,MATCH($F14,사건마스터!$A$5:$A$64,0)),"")) | L14: =IF($F14="","",IFERROR(INDEX(사건마스터!$AJ$5:$AJ$64,MATCH($F14,사건마스터!$A$5:$A$64,0)),"")) | M14: =IF($F14="","",IFERROR(INDEX(사건마스터!$AK$5:$AK$64,MATCH($F14,사건마스터!$A$5:$A$64,0)),"")) | N14: =IF($F14="","",IFERROR(INDEX(사건마스터!$AL$5:$AL$64,MATCH($F14,사건마스터!$A$5:$A$64,0)),"")) | O14: =IF($I14="","",COUNTIF($I14:$N14,"?*")) | P14: =IF($I14="","",_xlfn.TEXTJOIN(", ",TRUE,$I14:$N14)) | Q14: =IF($I14="","",IFERROR(INDEX(코드설정!$D$5:$D$24,MATCH($I14,코드설정!$C$5:$C$24,0)),"")) | U14: =IF(OR($B14="",$C14=""),"",$C14-$B14+1) | W14: =IF(OR($V14="",$O14=""),"",$V14*$O14)
A15: =IF($B15="","",COUNT($B$5:$B15)) | G15: =IF($F15="","",IFERROR(INDEX(사건마스터!$B$5:$B$64,MATCH($F15,사건마스터!$A$5:$A$64,0)),"")) | H15: =IF($F15="","",IFERROR(INDEX(사건마스터!$C$5:$C$64,MATCH($F15,사건마스터!$A$5:$A$64,0)),"")) | I15: =IF($F15="","",IFERROR(INDEX(사건마스터!$H$5:$H$64,MATCH($F15,사건마스터!$A$5:$A$64,0)),"")) | J15: =IF($F15="","",IFERROR(INDEX(사건마스터!$AH$5:$AH$64,MATCH($F15,사건마스터!$A$5:$A$64,0)),"")) | K15: =IF($F15="","",IFERROR(INDEX(사건마스터!$AI$5:$AI$64,MATCH($F15,사건마스터!$A$5:$A$64,0)),"")) | L15: =IF($F15="","",IFERROR(INDEX(사건마스터!$AJ$5:$AJ$64,MATCH($F15,사건마스터!$A$5:$A$64,0)),"")) | M15: =IF($F15="","",IFERROR(INDEX(사건마스터!$AK$5:$AK$64,MATCH($F15,사건마스터!$A$5:$A$64,0)),"")) | N15: =IF($F15="","",IFERROR(INDEX(사건마스터!$AL$5:$AL$64,MATCH($F15,사건마스터!$A$5:$A$64,0)),"")) | O15: =IF($I15="","",COUNTIF($I15:$N15,"?*")) | P15: =IF($I15="","",_xlfn.TEXTJOIN(", ",TRUE,$I15:$N15)) | Q15: =IF($I15="","",IFERROR(INDEX(코드설정!$D$5:$D$24,MATCH($I15,코드설정!$C$5:$C$24,0)),"")) | U15: =IF(OR($B15="",$C15=""),"",$C15-$B15+1) | W15: =IF(OR($V15="",$O15=""),"",$V15*$O15)
A16: =IF($B16="","",COUNT($B$5:$B16)) | G16: =IF($F16="","",IFERROR(INDEX(사건마스터!$B$5:$B$64,MATCH($F16,사건마스터!$A$5:$A$64,0)),"")) | H16: =IF($F16="","",IFERROR(INDEX(사건마스터!$C$5:$C$64,MATCH($F16,사건마스터!$A$5:$A$64,0)),"")) | I16: =IF($F16="","",IFERROR(INDEX(사건마스터!$H$5:$H$64,MATCH($F16,사건마스터!$A$5:$A$64,0)),"")) | J16: =IF($F16="","",IFERROR(INDEX(사건마스터!$AH$5:$AH$64,MATCH($F16,사건마스터!$A$5:$A$64,0)),"")) | K16: =IF($F16="","",IFERROR(INDEX(사건마스터!$AI$5:$AI$64,MATCH($F16,사건마스터!$A$5:$A$64,0)),"")) | L16: =IF($F16="","",IFERROR(INDEX(사건마스터!$AJ$5:$AJ$64,MATCH($F16,사건마스터!$A$5:$A$64,0)),"")) | M16: =IF($F16="","",IFERROR(INDEX(사건마스터!$AK$5:$AK$64,MATCH($F16,사건마스터!$A$5:$A$64,0)),"")) | N16: =IF($F16="","",IFERROR(INDEX(사건마스터!$AL$5:$AL$64,MATCH($F16,사건마스터!$A$5:$A$64,0)),"")) | O16: =IF($I16="","",COUNTIF($I16:$N16,"?*")) | P16: =IF($I16="","",_xlfn.TEXTJOIN(", ",TRUE,$I16:$N16)) | Q16: =IF($I16="","",IFERROR(INDEX(코드설정!$D$5:$D$24,MATCH($I16,코드설정!$C$5:$C$24,0)),"")) | U16: =IF(OR($B16="",$C16=""),"",$C16-$B16+1) | W16: =IF(OR($V16="",$O16=""),"",$V16*$O16)
A17: =IF($B17="","",COUNT($B$5:$B17)) | G17: =IF($F17="","",IFERROR(INDEX(사건마스터!$B$5:$B$64,MATCH($F17,사건마스터!$A$5:$A$64,0)),"")) | H17: =IF($F17="","",IFERROR(INDEX(사건마스터!$C$5:$C$64,MATCH($F17,사건마스터!$A$5:$A$64,0)),"")) | I17: =IF($F17="","",IFERROR(INDEX(사건마스터!$H$5:$H$64,MATCH($F17,사건마스터!$A$5:$A$64,0)),"")) | J17: =IF($F17="","",IFERROR(INDEX(사건마스터!$AH$5:$AH$64,MATCH($F17,사건마스터!$A$5:$A$64,0)),"")) | K17: =IF($F17="","",IFERROR(INDEX(사건마스터!$AI$5:$AI$64,MATCH($F17,사건마스터!$A$5:$A$64,0)),"")) | L17: =IF($F17="","",IFERROR(INDEX(사건마스터!$AJ$5:$AJ$64,MATCH($F17,사건마스터!$A$5:$A$64,0)),"")) | M17: =IF($F17="","",IFERROR(INDEX(사건마스터!$AK$5:$AK$64,MATCH($F17,사건마스터!$A$5:$A$64,0)),"")) | N17: =IF($F17="","",IFERROR(INDEX(사건마스터!$AL$5:$AL$64,MATCH($F17,사건마스터!$A$5:$A$64,0)),"")) | O17: =IF($I17="","",COUNTIF($I17:$N17,"?*")) | P17: =IF($I17="","",_xlfn.TEXTJOIN(", ",TRUE,$I17:$N17)) | Q17: =IF($I17="","",IFERROR(INDEX(코드설정!$D$5:$D$24,MATCH($I17,코드설정!$C$5:$C$24,0)),"")) | U17: =IF(OR($B17="",$C17=""),"",$C17-$B17+1) | W17: =IF(OR($V17="",$O17=""),"",$V17*$O17)
... A1004: =IF($B1004="","",COUNT($B$5:$B1004)) | G1004: =IF($F1004="","",IFERROR(INDEX(사건마스터!$B$5:$B$64,MATCH($F1004,사건마스터!$A$5:$A$64,0)),"")) | H1004: =IF($F1004="","",IFERROR(INDEX(사건마스터!$C$5:$C$64,MATCH($F1004,사건마스터!$A$5:$A$64,0)),"")) | I1004: =IF($F1004="","",IFERROR(INDEX(사건마스터!$H$5:$H$64,MATCH($F1004,사건마스터!$A$5:$A$64,0)),"")) | J1004: =IF($F1004="","",IFERROR(INDEX(사건마스터!$AH$5:$AH$64,MATCH($F1004,사건마스터!$A$5:$A$64,0)),"")) | K1004: =IF($F1004="","",IFERROR(INDEX(사건마스터!$AI$5:$AI$64,MATCH($F1004,사건마스터!$A$5:$A$64,0)),"")) | L1004: =IF($F1004="","",IFERROR(INDEX(사건마스터!$AJ$5:$AJ$64,MATCH($F1004,사건마스터!$A$5:$A$64,0)),"")) | M1004: =IF($F1004="","",IFERROR(INDEX(사건마스터!$AK$5:$AK$64,MATCH($F1004,사건마스터!$A$5:$A$64,0)),"")) | N1004: =IF($F1004="","",IFERROR(INDEX(사건마스터!$AL$5:$AL$64,MATCH($F1004,사건마스터!$A$5:$A$64,0)),"")) | O1004: =IF($I1004="","",COUNTIF($I1004:$N1004,"?*")) | P1004: =IF($I1004="","",_xlfn.TEXTJOIN(", ",TRUE,$I1004:$N1004)) | Q1004: =IF($I1004="","",IFERROR(INDEX(코드설정!$D$5:$D$24,MATCH($I1004,코드설정!$C$5:$C$24,0)),"")) | U1004: =IF(OR($B1004="",$C1004=""),"",$C1004-$B1004+1) | W1004: =IF(OR($V1004="",$O1004=""),"",$V1004*$O1004)

Sheet 일일실시사항
A1: 일일 실시사항 · 부서 일일 업무 기록
A2: ※ 출장·분석 외 부서의 모든 일일 업무를 여기에 기록합니다(행정·교육·회의·장비관리·당직 등). ※ 하루에 여러 건이면 여러 행으로 나눠 쓰세요. ※ 파란 글씨 칸만 입력 / 회색 칸은 자동.
A4: 연번 | B4: 일자 | C4: 요일 | D4: 담당자 | E4: 소속팀 | F4: 업무구분 | G4: 관련 사건번호 | H4: 실시 내용 | I4: 조치 · 결과 | J4: 투입시간(H) | K4: 진행상태 | L4: 특이사항 / 후속조치
A5: =IF($B5="","",COUNT($B$5:$B5)) | B5: 46087 | C5: =IF($B5="","",CHOOSE(WEEKDAY($B5),"일","월","화","수","목","금","토")) | D5: 최분석 | E5: =IF($D5="","",IFERROR(INDEX(코드설정!$D$5:$D$24,MATCH($D5,코드설정!$C$5:$C$24,0)),"")) | F5: 장비·시스템 관리 | H5: 포렌식 워크스테이션 2호기 이미징 장비 점검 및 펌웨어 업데이트 | I5: 정상 완료, 검증용 해시 테스트 통과 | J5: 3 | K5: 완료 | L5: ※ 예시 - 지우고 사용하세요
A6: =IF($B6="","",COUNT($B$5:$B6)) | C6: =IF($B6="","",CHOOSE(WEEKDAY($B6),"일","월","화","수","목","금","토")) | E6: =IF($D6="","",IFERROR(INDEX(코드설정!$D$5:$D$24,MATCH($D6,코드설정!$C$5:$C$24,0)),""))
A7: =IF($B7="","",COUNT($B$5:$B7)) | C7: =IF($B7="","",CHOOSE(WEEKDAY($B7),"일","월","화","수","목","금","토")) | E7: =IF($D7="","",IFERROR(INDEX(코드설정!$D$5:$D$24,MATCH($D7,코드설정!$C$5:$C$24,0)),""))
A8: =IF($B8="","",COUNT($B$5:$B8)) | C8: =IF($B8="","",CHOOSE(WEEKDAY($B8),"일","월","화","수","목","금","토")) | E8: =IF($D8="","",IFERROR(INDEX(코드설정!$D$5:$D$24,MATCH($D8,코드설정!$C$5:$C$24,0)),""))
A9: =IF($B9="","",COUNT($B$5:$B9)) | C9: =IF($B9="","",CHOOSE(WEEKDAY($B9),"일","월","화","수","목","금","토")) | E9: =IF($D9="","",IFERROR(INDEX(코드설정!$D$5:$D$24,MATCH($D9,코드설정!$C$5:$C$24,0)),""))
A10: =IF($B10="","",COUNT($B$5:$B10)) | C10: =IF($B10="","",CHOOSE(WEEKDAY($B10),"일","월","화","수","목","금","토")) | E10: =IF($D10="","",IFERROR(INDEX(코드설정!$D$5:$D$24,MATCH($D10,코드설정!$C$5:$C$24,0)),""))
A11: =IF($B11="","",COUNT($B$5:$B11)) | C11: =IF($B11="","",CHOOSE(WEEKDAY($B11),"일","월","화","수","목","금","토")) | E11: =IF($D11="","",IFERROR(INDEX(코드설정!$D$5:$D$24,MATCH($D11,코드설정!$C$5:$C$24,0)),""))
A12: =IF($B12="","",COUNT($B$5:$B12)) | C12: =IF($B12="","",CHOOSE(WEEKDAY($B12),"일","월","화","수","목","금","토")) | E12: =IF($D12="","",IFERROR(INDEX(코드설정!$D$5:$D$24,MATCH($D12,코드설정!$C$5:$C$24,0)),""))
A13: =IF($B13="","",COUNT($B$5:$B13)) | C13: =IF($B13="","",CHOOSE(WEEKDAY($B13),"일","월","화","수","목","금","토")) | E13: =IF($D13="","",IFERROR(INDEX(코드설정!$D$5:$D$24,MATCH($D13,코드설정!$C$5:$C$24,0)),""))
A14: =IF($B14="","",COUNT($B$5:$B14)) | C14: =IF($B14="","",CHOOSE(WEEKDAY($B14),"일","월","화","수","목","금","토")) | E14: =IF($D14="","",IFERROR(INDEX(코드설정!$D$5:$D$24,MATCH($D14,코드설정!$C$5:$C$24,0)),""))
A15: =IF($B15="","",COUNT($B$5:$B15)) | C15: =IF($B15="","",CHOOSE(WEEKDAY($B15),"일","월","화","수","목","금","토")) | E15: =IF($D15="","",IFERROR(INDEX(코드설정!$D$5:$D$24,MATCH($D15,코드설정!$C$5:$C$24,0)),""))
A16: =IF($B16="","",COUNT($B$5:$B16)) | C16: =IF($B16="","",CHOOSE(WEEKDAY($B16),"일","월","화","수","목","금","토")) | E16: =IF($D16="","",IFERROR(INDEX(코드설정!$D$5:$D$24,MATCH($D16,코드설정!$C$5:$C$24,0)),""))
A17: =IF($B17="","",COUNT($B$5:$B17)) | C17: =IF($B17="","",CHOOSE(WEEKDAY($B17),"일","월","화","수","목","금","토")) | E17: =IF($D17="","",IFERROR(INDEX(코드설정!$D$5:$D$24,MATCH($D17,코드설정!$C$5:$C$24,0)),""))
... A1004: =IF($B1004="","",COUNT($B$5:$B1004)) | C1004: =IF($B1004="","",CHOOSE(WEEKDAY($B1004),"일","월","화","수","목","금","토")) | E1004: =IF($D1004="","",IFERROR(INDEX(코드설정!$D$5:$D$24,MATCH($D1004,코드설정!$C$5:$C$24,0)),""))

Sheet 사건마스터
A1: 사건 마스터 · 사건 등록 및 담당자 배정
A2: ※ 사건을 여기 한 번만 등록하면 [업무일지]에서 사건번호만 골라도 사건명·요청처·담당자가 전부 자동으로 채워집니다. ※ L열부터 담당자별 배정칸입니다. 한 사건에 여러 명을 선택하세요 — [주담당] 1명, 나머지는 [참여] (참여자는 최대 5명까지 업무일지로 전달됩니다).
AG3: ▼ 아래 6개 열은 [업무일지]가 참조하는 자동 계산 열입니다. 지우지 마세요.
A4: 사건번호 | B4: 사건명 | C4: 요청·의뢰처 | D4: 접수일 | E4: 진행상태 | F4: 주무팀 | G4: 배정인원(명) | H4: 주담당(자동) | I4: 배정 담당자 명단(자동) | J4: 비고 | L4: =IF(코드설정!$C$5="","",코드설정!$C$5) | M4: =IF(코드설정!$C$6="","",코드설정!$C$6) | N4: =IF(코드설정!$C$7="","",코드설정!$C$7) | O4: =IF(코드설정!$C$8="","",코드설정!$C$8) | P4: =IF(코드설정!$C$9="","",코드설정!$C$9) | Q4: =IF(코드설정!$C$10="","",코드설정!$C$10) | R4: =IF(코드설정!$C$11="","",코드설정!$C$11) | S4: =IF(코드설정!$C$12="","",코드설정!$C$12) | T4: =IF(코드설정!$C$13="","",코드설정!$C$13) | U4: =IF(코드설정!$C$14="","",코드설정!$C$14) | V4: =IF(코드설정!$C$15="","",코드설정!$C$15) | W4: =IF(코드설정!$C$16="","",코드설정!$C$16) | X4: =IF(코드설정!$C$17="","",코드설정!$C$17) | Y4: =IF(코드설정!$C$18="","",코드설정!$C$18) | Z4: =IF(코드설정!$C$19="","",코드설정!$C$19) | AA4: =IF(코드설정!$C$20="","",코드설정!$C$20) | AB4: =IF(코드설정!$C$21="","",코드설정!$C$21) | AC4: =IF(코드설정!$C$22="","",코드설정!$C$22) | AD4: =IF(코드설정!$C$23="","",코드설정!$C$23) | AE4: =IF(코드설정!$C$24="","",코드설정!$C$24) | AG4: 참여자 명단(주담당 제외) | AH4: 참여자1 | AI4: 참여자2 | AJ4: 참여자3 | AK4: 참여자4 | AL4: 참여자5
A5: 2026-형제-1024 | B5: ○○ 기술유출 사건 | C5: 본청 수사과 | D5: 46083 | E5: 진행중 | F5: 포렌식1팀 | G5: =IF($A5="","",COUNTIF($L5:$AE5,"?*")) | H5: =IF($A5="","",IFERROR(INDEX($L$4:$AE$4,MATCH("주담당",$L5:$AE5,0)),"")) | I5: =IF($A5="","",_xlfn.TEXTJOIN(", ",TRUE,IF($L5="","",L$4),IF($M5="","",M$4),IF($N5="","",N$4),IF($O5="","",O$4),IF($P5="","",P$4),IF($Q5="","",Q$4),IF($R5="","",R$4),IF($S5="","",S$4),IF($T5="","",T$4),IF($U5="","",U$4),IF($V5="","",V$4),IF($W5="","",W$4),IF($X5="","",X$4),IF($Y5="","",Y$4),IF($Z5="","",Z$4),IF($AA5="","",AA$4),IF($AB5="","",AB$4),IF($AC5="","",AC$4),IF($AD5="","",AD$4),IF($AE5="","",AE$4))) | J5: ※ 예시 - 3인 배정 | L5: 주담당 | M5: 참여 | N5: 참여 | AG5: =IF($A5="","",_xlfn.TEXTJOIN(", ",TRUE,IF($L5="참여",L$4,""),IF($M5="참여",M$4,""),IF($N5="참여",N$4,""),IF($O5="참여",O$4,""),IF($P5="참여",P$4,""),IF($Q5="참여",Q$4,""),IF($R5="참여",R$4,""),IF($S5="참여",S$4,""),IF($T5="참여",T$4,""),IF($U5="참여",U$4,""),IF($V5="참여",V$4,""),IF($W5="참여",W$4,""),IF($X5="참여",X$4,""),IF($Y5="참여",Y$4,""),IF($Z5="참여",Z$4,""),IF($AA5="참여",AA$4,""),IF($AB5="참여",AB$4,""),IF($AC5="참여",AC$4,""),IF($AD5="참여",AD$4,""),IF($AE5="참여",AE$4,""))) | AH5: =IF($AG5="","",TRIM(MID(SUBSTITUTE($AG5,",",REPT(" ",100)),1,100))) | AI5: =IF($AG5="","",TRIM(MID(SUBSTITUTE($AG5,",",REPT(" ",100)),101,100))) | AJ5: =IF($AG5="","",TRIM(MID(SUBSTITUTE($AG5,",",REPT(" ",100)),201,100))) | AK5: =IF($AG5="","",TRIM(MID(SUBSTITUTE($AG5,",",REPT(" ",100)),301,100))) | AL5: =IF($AG5="","",TRIM(MID(SUBSTITUTE($AG5,",",REPT(" ",100)),401,100)))
G6: =IF($A6="","",COUNTIF($L6:$AE6,"?*")) | H6: =IF($A6="","",IFERROR(INDEX($L$4:$AE$4,MATCH("주담당",$L6:$AE6,0)),"")) | I6: =IF($A6="","",_xlfn.TEXTJOIN(", ",TRUE,IF($L6="","",L$4),IF($M6="","",M$4),IF($N6="","",N$4),IF($O6="","",O$4),IF($P6="","",P$4),IF($Q6="","",Q$4),IF($R6="","",R$4),IF($S6="","",S$4),IF($T6="","",T$4),IF($U6="","",U$4),IF($V6="","",V$4),IF($W6="","",W$4),IF($X6="","",X$4),IF($Y6="","",Y$4),IF($Z6="","",Z$4),IF($AA6="","",AA$4),IF($AB6="","",AB$4),IF($AC6="","",AC$4),IF($AD6="","",AD$4),IF($AE6="","",AE$4))) | AG6: =IF($A6="","",_xlfn.TEXTJOIN(", ",TRUE,IF($L6="참여",L$4,""),IF($M6="참여",M$4,""),IF($N6="참여",N$4,""),IF($O6="참여",O$4,""),IF($P6="참여",P$4,""),IF($Q6="참여",Q$4,""),IF($R6="참여",R$4,""),IF($S6="참여",S$4,""),IF($T6="참여",T$4,""),IF($U6="참여",U$4,""),IF($V6="참여",V$4,""),IF($W6="참여",W$4,""),IF($X6="참여",X$4,""),IF($Y6="참여",Y$4,""),IF($Z6="참여",Z$4,""),IF($AA6="참여",AA$4,""),IF($AB6="참여",AB$4,""),IF($AC6="참여",AC$4,""),IF($AD6="참여",AD$4,""),IF($AE6="참여",AE$4,""))) | AH6: =IF($AG6="","",TRIM(MID(SUBSTITUTE($AG6,",",REPT(" ",100)),1,100))) | AI6: =IF($AG6="","",TRIM(MID(SUBSTITUTE($AG6,",",REPT(" ",100)),101,100))) | AJ6: =IF($AG6="","",TRIM(MID(SUBSTITUTE($AG6,",",REPT(" ",100)),201,100))) | AK6: =IF($AG6="","",TRIM(MID(SUBSTITUTE($AG6,",",REPT(" ",100)),301,100))) | AL6: =IF($AG6="","",TRIM(MID(SUBSTITUTE($AG6,",",REPT(" ",100)),401,100)))
G7: =IF($A7="","",COUNTIF($L7:$AE7,"?*")) | H7: =IF($A7="","",IFERROR(INDEX($L$4:$AE$4,MATCH("주담당",$L7:$AE7,0)),"")) | I7: =IF($A7="","",_xlfn.TEXTJOIN(", ",TRUE,IF($L7="","",L$4),IF($M7="","",M$4),IF($N7="","",N$4),IF($O7="","",O$4),IF($P7="","",P$4),IF($Q7="","",Q$4),IF($R7="","",R$4),IF($S7="","",S$4),IF($T7="","",T$4),IF($U7="","",U$4),IF($V7="","",V$4),IF($W7="","",W$4),IF($X7="","",X$4),IF($Y7="","",Y$4),IF($Z7="","",Z$4),IF($AA7="","",AA$4),IF($AB7="","",AB$4),IF($AC7="","",AC$4),IF($AD7="","",AD$4),IF($AE7="","",AE$4))) | AG7: =IF($A7="","",_xlfn.TEXTJOIN(", ",TRUE,IF($L7="참여",L$4,""),IF($M7="참여",M$4,""),IF($N7="참여",N$4,""),IF($O7="참여",O$4,""),IF($P7="참여",P$4,""),IF($Q7="참여",Q$4,""),IF($R7="참여",R$4,""),IF($S7="참여",S$4,""),IF($T7="참여",T$4,""),IF($U7="참여",U$4,""),IF($V7="참여",V$4,""),IF($W7="참여",W$4,""),IF($X7="참여",X$4,""),IF($Y7="참여",Y$4,""),IF($Z7="참여",Z$4,""),IF($AA7="참여",AA$4,""),IF($AB7="참여",AB$4,""),IF($AC7="참여",AC$4,""),IF($AD7="참여",AD$4,""),IF($AE7="참여",AE$4,""))) | AH7: =IF($AG7="","",TRIM(MID(SUBSTITUTE($AG7,",",REPT(" ",100)),1,100))) | AI7: =IF($AG7="","",TRIM(MID(SUBSTITUTE($AG7,",",REPT(" ",100)),101,100))) | AJ7: =IF($AG7="","",TRIM(MID(SUBSTITUTE($AG7,",",REPT(" ",100)),201,100))) | AK7: =IF($AG7="","",TRIM(MID(SUBSTITUTE($AG7,",",REPT(" ",100)),301,100))) | AL7: =IF($AG7="","",TRIM(MID(SUBSTITUTE($AG7,",",REPT(" ",100)),401,100)))
G8: =IF($A8="","",COUNTIF($L8:$AE8,"?*")) | H8: =IF($A8="","",IFERROR(INDEX($L$4:$AE$4,MATCH("주담당",$L8:$AE8,0)),"")) | I8: =IF($A8="","",_xlfn.TEXTJOIN(", ",TRUE,IF($L8="","",L$4),IF($M8="","",M$4),IF($N8="","",N$4),IF($O8="","",O$4),IF($P8="","",P$4),IF($Q8="","",Q$4),IF($R8="","",R$4),IF($S8="","",S$4),IF($T8="","",T$4),IF($U8="","",U$4),IF($V8="","",V$4),IF($W8="","",W$4),IF($X8="","",X$4),IF($Y8="","",Y$4),IF($Z8="","",Z$4),IF($AA8="","",AA$4),IF($AB8="","",AB$4),IF($AC8="","",AC$4),IF($AD8="","",AD$4),IF($AE8="","",AE$4))) | AG8: =IF($A8="","",_xlfn.TEXTJOIN(", ",TRUE,IF($L8="참여",L$4,""),IF($M8="참여",M$4,""),IF($N8="참여",N$4,""),IF($O8="참여",O$4,""),IF($P8="참여",P$4,""),IF($Q8="참여",Q$4,""),IF($R8="참여",R$4,""),IF($S8="참여",S$4,""),IF($T8="참여",T$4,""),IF($U8="참여",U$4,""),IF($V8="참여",V$4,""),IF($W8="참여",W$4,""),IF($X8="참여",X$4,""),IF($Y8="참여",Y$4,""),IF($Z8="참여",Z$4,""),IF($AA8="참여",AA$4,""),IF($AB8="참여",AB$4,""),IF($AC8="참여",AC$4,""),IF($AD8="참여",AD$4,""),IF($AE8="참여",AE$4,""))) | AH8: =IF($AG8="","",TRIM(MID(SUBSTITUTE($AG8,",",REPT(" ",100)),1,100))) | AI8: =IF($AG8="","",TRIM(MID(SUBSTITUTE($AG8,",",REPT(" ",100)),101,100))) | AJ8: =IF($AG8="","",TRIM(MID(SUBSTITUTE($AG8,",",REPT(" ",100)),201,100))) | AK8: =IF($AG8="","",TRIM(MID(SUBSTITUTE($AG8,",",REPT(" ",100)),301,100))) | AL8: =IF($AG8="","",TRIM(MID(SUBSTITUTE($AG8,",",REPT(" ",100)),401,100)))
G9: =IF($A9="","",COUNTIF($L9:$AE9,"?*")) | H9: =IF($A9="","",IFERROR(INDEX($L$4:$AE$4,MATCH("주담당",$L9:$AE9,0)),"")) | I9: =IF($A9="","",_xlfn.TEXTJOIN(", ",TRUE,IF($L9="","",L$4),IF($M9="","",M$4),IF($N9="","",N$4),IF($O9="","",O$4),IF($P9="","",P$4),IF($Q9="","",Q$4),IF($R9="","",R$4),IF($S9="","",S$4),IF($T9="","",T$4),IF($U9="","",U$4),IF($V9="","",V$4),IF($W9="","",W$4),IF($X9="","",X$4),IF($Y9="","",Y$4),IF($Z9="","",Z$4),IF($AA9="","",AA$4),IF($AB9="","",AB$4),IF($AC9="","",AC$4),IF($AD9="","",AD$4),IF($AE9="","",AE$4))) | AG9: =IF($A9="","",_xlfn.TEXTJOIN(", ",TRUE,IF($L9="참여",L$4,""),IF($M9="참여",M$4,""),IF($N9="참여",N$4,""),IF($O9="참여",O$4,""),IF($P9="참여",P$4,""),IF($Q9="참여",Q$4,""),IF($R9="참여",R$4,""),IF($S9="참여",S$4,""),IF($T9="참여",T$4,""),IF($U9="참여",U$4,""),IF($V9="참여",V$4,""),IF($W9="참여",W$4,""),IF($X9="참여",X$4,""),IF($Y9="참여",Y$4,""),IF($Z9="참여",Z$4,""),IF($AA9="참여",AA$4,""),IF($AB9="참여",AB$4,""),IF($AC9="참여",AC$4,""),IF($AD9="참여",AD$4,""),IF($AE9="참여",AE$4,""))) | AH9: =IF($AG9="","",TRIM(MID(SUBSTITUTE($AG9,",",REPT(" ",100)),1,100))) | AI9: =IF($AG9="","",TRIM(MID(SUBSTITUTE($AG9,",",REPT(" ",100)),101,100))) | AJ9: =IF($AG9="","",TRIM(MID(SUBSTITUTE($AG9,",",REPT(" ",100)),201,100))) | AK9: =IF($AG9="","",TRIM(MID(SUBSTITUTE($AG9,",",REPT(" ",100)),301,100))) | AL9: =IF($AG9="","",TRIM(MID(SUBSTITUTE($AG9,",",REPT(" ",100)),401,100)))
G10: =IF($A10="","",COUNTIF($L10:$AE10,"?*")) | H10: =IF($A10="","",IFERROR(INDEX($L$4:$AE$4,MATCH("주담당",$L10:$AE10,0)),"")) | I10: =IF($A10="","",_xlfn.TEXTJOIN(", ",TRUE,IF($L10="","",L$4),IF($M10="","",M$4),IF($N10="","",N$4),IF($O10="","",O$4),IF($P10="","",P$4),IF($Q10="","",Q$4),IF($R10="","",R$4),IF($S10="","",S$4),IF($T10="","",T$4),IF($U10="","",U$4),IF($V10="","",V$4),IF($W10="","",W$4),IF($X10="","",X$4),IF($Y10="","",Y$4),IF($Z10="","",Z$4),IF($AA10="","",AA$4),IF($AB10="","",AB$4),IF($AC10="","",AC$4),IF($AD10="","",AD$4),IF($AE10="","",AE$4))) | AG10: =IF($A10="","",_xlfn.TEXTJOIN(", ",TRUE,IF($L10="참여",L$4,""),IF($M10="참여",M$4,""),IF($N10="참여",N$4,""),IF($O10="참여",O$4,""),IF($P10="참여",P$4,""),IF($Q10="참여",Q$4,""),IF($R10="참여",R$4,""),IF($S10="참여",S$4,""),IF($T10="참여",T$4,""),IF($U10="참여",U$4,""),IF($V10="참여",V$4,""),IF($W10="참여",W$4,""),IF($X10="참여",X$4,""),IF($Y10="참여",Y$4,""),IF($Z10="참여",Z$4,""),IF($AA10="참여",AA$4,""),IF($AB10="참여",AB$4,""),IF($AC10="참여",AC$4,""),IF($AD10="참여",AD$4,""),IF($AE10="참여",AE$4,""))) | AH10: =IF($AG10="","",TRIM(MID(SUBSTITUTE($AG10,",",REPT(" ",100)),1,100))) | AI10: =IF($AG10="","",TRIM(MID(SUBSTITUTE($AG10,",",REPT(" ",100)),101,100))) | AJ10: =IF($AG10="","",TRIM(MID(SUBSTITUTE($AG10,",",REPT(" ",100)),201,100))) | AK10: =IF($AG10="","",TRIM(MID(SUBSTITUTE($AG10,",",REPT(" ",100)),301,100))) | AL10: =IF($AG10="","",TRIM(MID(SUBSTITUTE($AG10,",",REPT(" ",100)),401,100)))
G11: =IF($A11="","",COUNTIF($L11:$AE11,"?*")) | H11: =IF($A11="","",IFERROR(INDEX($L$4:$AE$4,MATCH("주담당",$L11:$AE11,0)),"")) | I11: =IF($A11="","",_xlfn.TEXTJOIN(", ",TRUE,IF($L11="","",L$4),IF($M11="","",M$4),IF($N11="","",N$4),IF($O11="","",O$4),IF($P11="","",P$4),IF($Q11="","",Q$4),IF($R11="","",R$4),IF($S11="","",S$4),IF($T11="","",T$4),IF($U11="","",U$4),IF($V11="","",V$4),IF($W11="","",W$4),IF($X11="","",X$4),IF($Y11="","",Y$4),IF($Z11="","",Z$4),IF($AA11="","",AA$4),IF($AB11="","",AB$4),IF($AC11="","",AC$4),IF($AD11="","",AD$4),IF($AE11="","",AE$4))) | AG11: =IF($A11="","",_xlfn.TEXTJOIN(", ",TRUE,IF($L11="참여",L$4,""),IF($M11="참여",M$4,""),IF($N11="참여",N$4,""),IF($O11="참여",O$4,""),IF($P11="참여",P$4,""),IF($Q11="참여",Q$4,""),IF($R11="참여",R$4,""),IF($S11="참여",S$4,""),IF($T11="참여",T$4,""),IF($U11="참여",U$4,""),IF($V11="참여",V$4,""),IF($W11="참여",W$4,""),IF($X11="참여",X$4,""),IF($Y11="참여",Y$4,""),IF($Z11="참여",Z$4,""),IF($AA11="참여",AA$4,""),IF($AB11="참여",AB$4,""),IF($AC11="참여",AC$4,""),IF($AD11="참여",AD$4,""),IF($AE11="참여",AE$4,""))) | AH11: =IF($AG11="","",TRIM(MID(SUBSTITUTE($AG11,",",REPT(" ",100)),1,100))) | AI11: =IF($AG11="","",TRIM(MID(SUBSTITUTE($AG11,",",REPT(" ",100)),101,100))) | AJ11: =IF($AG11="","",TRIM(MID(SUBSTITUTE($AG11,",",REPT(" ",100)),201,100))) | AK11: =IF($AG11="","",TRIM(MID(SUBSTITUTE($AG11,",",REPT(" ",100)),301,100))) | AL11: =IF($AG11="","",TRIM(MID(SUBSTITUTE($AG11,",",REPT(" ",100)),401,100)))
G12: =IF($A12="","",COUNTIF($L12:$AE12,"?*")) | H12: =IF($A12="","",IFERROR(INDEX($L$4:$AE$4,MATCH("주담당",$L12:$AE12,0)),"")) | I12: =IF($A12="","",_xlfn.TEXTJOIN(", ",TRUE,IF($L12="","",L$4),IF($M12="","",M$4),IF($N12="","",N$4),IF($O12="","",O$4),IF($P12="","",P$4),IF($Q12="","",Q$4),IF($R12="","",R$4),IF($S12="","",S$4),IF($T12="","",T$4),IF($U12="","",U$4),IF($V12="","",V$4),IF($W12="","",W$4),IF($X12="","",X$4),IF($Y12="","",Y$4),IF($Z12="","",Z$4),IF($AA12="","",AA$4),IF($AB12="","",AB$4),IF($AC12="","",AC$4),IF($AD12="","",AD$4),IF($AE12="","",AE$4))) | AG12: =IF($A12="","",_xlfn.TEXTJOIN(", ",TRUE,IF($L12="참여",L$4,""),IF($M12="참여",M$4,""),IF($N12="참여",N$4,""),IF($O12="참여",O$4,""),IF($P12="참여",P$4,""),IF($Q12="참여",Q$4,""),IF($R12="참여",R$4,""),IF($S12="참여",S$4,""),IF($T12="참여",T$4,""),IF($U12="참여",U$4,""),IF($V12="참여",V$4,""),IF($W12="참여",W$4,""),IF($X12="참여",X$4,""),IF($Y12="참여",Y$4,""),IF($Z12="참여",Z$4,""),IF($AA12="참여",AA$4,""),IF($AB12="참여",AB$4,""),IF($AC12="참여",AC$4,""),IF($AD12="참여",AD$4,""),IF($AE12="참여",AE$4,""))) | AH12: =IF($AG12="","",TRIM(MID(SUBSTITUTE($AG12,",",REPT(" ",100)),1,100))) | AI12: =IF($AG12="","",TRIM(MID(SUBSTITUTE($AG12,",",REPT(" ",100)),101,100))) | AJ12: =IF($AG12="","",TRIM(MID(SUBSTITUTE($AG12,",",REPT(" ",100)),201,100))) | AK12: =IF($AG12="","",TRIM(MID(SUBSTITUTE($AG12,",",REPT(" ",100)),301,100))) | AL12: =IF($AG12="","",TRIM(MID(SUBSTITUTE($AG12,",",REPT(" ",100)),401,100)))
G13: =IF($A13="","",COUNTIF($L13:$AE13,"?*")) | H13: =IF($A13="","",IFERROR(INDEX($L$4:$AE$4,MATCH("주담당",$L13:$AE13,0)),"")) | I13: =IF($A13="","",_xlfn.TEXTJOIN(", ",TRUE,IF($L13="","",L$4),IF($M13="","",M$4),IF($N13="","",N$4),IF($O13="","",O$4),IF($P13="","",P$4),IF($Q13="","",Q$4),IF($R13="","",R$4),IF($S13="","",S$4),IF($T13="","",T$4),IF($U13="","",U$4),IF($V13="","",V$4),IF($W13="","",W$4),IF($X13="","",X$4),IF($Y13="","",Y$4),IF($Z13="","",Z$4),IF($AA13="","",AA$4),IF($AB13="","",AB$4),IF($AC13="","",AC$4),IF($AD13="","",AD$4),IF($AE13="","",AE$4))) | AG13: =IF($A13="","",_xlfn.TEXTJOIN(", ",TRUE,IF($L13="참여",L$4,""),IF($M13="참여",M$4,""),IF($N13="참여",N$4,""),IF($O13="참여",O$4,""),IF($P13="참여",P$4,""),IF($Q13="참여",Q$4,""),IF($R13="참여",R$4,""),IF($S13="참여",S$4,""),IF($T13="참여",T$4,""),IF($U13="참여",U$4,""),IF($V13="참여",V$4,""),IF($W13="참여",W$4,""),IF($X13="참여",X$4,""),IF($Y13="참여",Y$4,""),IF($Z13="참여",Z$4,""),IF($AA13="참여",AA$4,""),IF($AB13="참여",AB$4,""),IF($AC13="참여",AC$4,""),IF($AD13="참여",AD$4,""),IF($AE13="참여",AE$4,""))) | AH13: =IF($AG13="","",TRIM(MID(SUBSTITUTE($AG13,",",REPT(" ",100)),1,100))) | AI13: =IF($AG13="","",TRIM(MID(SUBSTITUTE($AG13,",",REPT(" ",100)),101,100))) | AJ13: =IF($AG13="","",TRIM(MID(SUBSTITUTE($AG13,",",REPT(" ",100)),201,100))) | AK13: =IF($AG13="","",TRIM(MID(SUBSTITUTE($AG13,",",REPT(" ",100)),301,100))) | AL13: =IF($AG13="","",TRIM(MID(SUBSTITUTE($AG13,",",REPT(" ",100)),401,100)))
G14: =IF($A14="","",COUNTIF($L14:$AE14,"?*")) | H14: =IF($A14="","",IFERROR(INDEX($L$4:$AE$4,MATCH("주담당",$L14:$AE14,0)),"")) | I14: =IF($A14="","",_xlfn.TEXTJOIN(", ",TRUE,IF($L14="","",L$4),IF($M14="","",M$4),IF($N14="","",N$4),IF($O14="","",O$4),IF($P14="","",P$4),IF($Q14="","",Q$4),IF($R14="","",R$4),IF($S14="","",S$4),IF($T14="","",T$4),IF($U14="","",U$4),IF($V14="","",V$4),IF($W14="","",W$4),IF($X14="","",X$4),IF($Y14="","",Y$4),IF($Z14="","",Z$4),IF($AA14="","",AA$4),IF($AB14="","",AB$4),IF($AC14="","",AC$4),IF($AD14="","",AD$4),IF($AE14="","",AE$4))) | AG14: =IF($A14="","",_xlfn.TEXTJOIN(", ",TRUE,IF($L14="참여",L$4,""),IF($M14="참여",M$4,""),IF($N14="참여",N$4,""),IF($O14="참여",O$4,""),IF($P14="참여",P$4,""),IF($Q14="참여",Q$4,""),IF($R14="참여",R$4,""),IF($S14="참여",S$4,""),IF($T14="참여",T$4,""),IF($U14="참여",U$4,""),IF($V14="참여",V$4,""),IF($W14="참여",W$4,""),IF($X14="참여",X$4,""),IF($Y14="참여",Y$4,""),IF($Z14="참여",Z$4,""),IF($AA14="참여",AA$4,""),IF($AB14="참여",AB$4,""),IF($AC14="참여",AC$4,""),IF($AD14="참여",AD$4,""),IF($AE14="참여",AE$4,""))) | AH14: =IF($AG14="","",TRIM(MID(SUBSTITUTE($AG14,",",REPT(" ",100)),1,100))) | AI14: =IF($AG14="","",TRIM(MID(SUBSTITUTE($AG14,",",REPT(" ",100)),101,100))) | AJ14: =IF($AG14="","",TRIM(MID(SUBSTITUTE($AG14,",",REPT(" ",100)),201,100))) | AK14: =IF($AG14="","",TRIM(MID(SUBSTITUTE($AG14,",",REPT(" ",100)),301,100))) | AL14: =IF($AG14="","",TRIM(MID(SUBSTITUTE($AG14,",",REPT(" ",100)),401,100)))
G15: =IF($A15="","",COUNTIF($L15:$AE15,"?*")) | H15: =IF($A15="","",IFERROR(INDEX($L$4:$AE$4,MATCH("주담당",$L15:$AE15,0)),"")) | I15: =IF($A15="","",_xlfn.TEXTJOIN(", ",TRUE,IF($L15="","",L$4),IF($M15="","",M$4),IF($N15="","",N$4),IF($O15="","",O$4),IF($P15="","",P$4),IF($Q15="","",Q$4),IF($R15="","",R$4),IF($S15="","",S$4),IF($T15="","",T$4),IF($U15="","",U$4),IF($V15="","",V$4),IF($W15="","",W$4),IF($X15="","",X$4),IF($Y15="","",Y$4),IF($Z15="","",Z$4),IF($AA15="","",AA$4),IF($AB15="","",AB$4),IF($AC15="","",AC$4),IF($AD15="","",AD$4),IF($AE15="","",AE$4))) | AG15: =IF($A15="","",_xlfn.TEXTJOIN(", ",TRUE,IF($L15="참여",L$4,""),IF($M15="참여",M$4,""),IF($N15="참여",N$4,""),IF($O15="참여",O$4,""),IF($P15="참여",P$4,""),IF($Q15="참여",Q$4,""),IF($R15="참여",R$4,""),IF($S15="참여",S$4,""),IF($T15="참여",T$4,""),IF($U15="참여",U$4,""),IF($V15="참여",V$4,""),IF($W15="참여",W$4,""),IF($X15="참여",X$4,""),IF($Y15="참여",Y$4,""),IF($Z15="참여",Z$4,""),IF($AA15="참여",AA$4,""),IF($AB15="참여",AB$4,""),IF($AC15="참여",AC$4,""),IF($AD15="참여",AD$4,""),IF($AE15="참여",AE$4,""))) | AH15: =IF($AG15="","",TRIM(MID(SUBSTITUTE($AG15,",",REPT(" ",100)),1,100))) | AI15: =IF($AG15="","",TRIM(MID(SUBSTITUTE($AG15,",",REPT(" ",100)),101,100))) | AJ15: =IF($AG15="","",TRIM(MID(SUBSTITUTE($AG15,",",REPT(" ",100)),201,100))) | AK15: =IF($AG15="","",TRIM(MID(SUBSTITUTE($AG15,",",REPT(" ",100)),301,100))) | AL15: =IF($AG15="","",TRIM(MID(SUBSTITUTE($AG15,",",REPT(" ",100)),401,100)))
G16: =IF($A16="","",COUNTIF($L16:$AE16,"?*")) | H16: =IF($A16="","",IFERROR(INDEX($L$4:$AE$4,MATCH("주담당",$L16:$AE16,0)),"")) | I16: =IF($A16="","",_xlfn.TEXTJOIN(", ",TRUE,IF($L16="","",L$4),IF($M16="","",M$4),IF($N16="","",N$4),IF($O16="","",O$4),IF($P16="","",P$4),IF($Q16="","",Q$4),IF($R16="","",R$4),IF($S16="","",S$4),IF($T16="","",T$4),IF($U16="","",U$4),IF($V16="","",V$4),IF($W16="","",W$4),IF($X16="","",X$4),IF($Y16="","",Y$4),IF($Z16="","",Z$4),IF($AA16="","",AA$4),IF($AB16="","",AB$4),IF($AC16="","",AC$4),IF($AD16="","",AD$4),IF($AE16="","",AE$4))) | AG16: =IF($A16="","",_xlfn.TEXTJOIN(", ",TRUE,IF($L16="참여",L$4,""),IF($M16="참여",M$4,""),IF($N16="참여",N$4,""),IF($O16="참여",O$4,""),IF($P16="참여",P$4,""),IF($Q16="참여",Q$4,""),IF($R16="참여",R$4,""),IF($S16="참여",S$4,""),IF($T16="참여",T$4,""),IF($U16="참여",U$4,""),IF($V16="참여",V$4,""),IF($W16="참여",W$4,""),IF($X16="참여",X$4,""),IF($Y16="참여",Y$4,""),IF($Z16="참여",Z$4,""),IF($AA16="참여",AA$4,""),IF($AB16="참여",AB$4,""),IF($AC16="참여",AC$4,""),IF($AD16="참여",AD$4,""),IF($AE16="참여",AE$4,""))) | AH16: =IF($AG16="","",TRIM(MID(SUBSTITUTE($AG16,",",REPT(" ",100)),1,100))) | AI16: =IF($AG16="","",TRIM(MID(SUBSTITUTE($AG16,",",REPT(" ",100)),101,100))) | AJ16: =IF($AG16="","",TRIM(MID(SUBSTITUTE($AG16,",",REPT(" ",100)),201,100))) | AK16: =IF($AG16="","",TRIM(MID(SUBSTITUTE($AG16,",",REPT(" ",100)),301,100))) | AL16: =IF($AG16="","",TRIM(MID(SUBSTITUTE($AG16,",",REPT(" ",100)),401,100)))
G17: =IF($A17="","",COUNTIF($L17:$AE17,"?*")) | H17: =IF($A17="","",IFERROR(INDEX($L$4:$AE$4,MATCH("주담당",$L17:$AE17,0)),"")) | I17: =IF($A17="","",_xlfn.TEXTJOIN(", ",TRUE,IF($L17="","",L$4),IF($M17="","",M$4),IF($N17="","",N$4),IF($O17="","",O$4),IF($P17="","",P$4),IF($Q17="","",Q$4),IF($R17="","",R$4),IF($S17="","",S$4),IF($T17="","",T$4),IF($U17="","",U$4),IF($V17="","",V$4),IF($W17="","",W$4),IF($X17="","",X$4),IF($Y17="","",Y$4),IF($Z17="","",Z$4),IF($AA17="","",AA$4),IF($AB17="","",AB$4),IF($AC17="","",AC$4),IF($AD17="","",AD$4),IF($AE17="","",AE$4))) | AG17: =IF($A17="","",_xlfn.TEXTJOIN(", ",TRUE,IF($L17="참여",L$4,""),IF($M17="참여",M$4,""),IF($N17="참여",N$4,""),IF($O17="참여",O$4,""),IF($P17="참여",P$4,""),IF($Q17="참여",Q$4,""),IF($R17="참여",R$4,""),IF($S17="참여",S$4,""),IF($T17="참여",T$4,""),IF($U17="참여",U$4,""),IF($V17="참여",V$4,""),IF($W17="참여",W$4,""),IF($X17="참여",X$4,""),IF($Y17="참여",Y$4,""),IF($Z17="참여",Z$4,""),IF($AA17="참여",AA$4,""),IF($AB17="참여",AB$4,""),IF($AC17="참여",AC$4,""),IF($AD17="참여",AD$4,""),IF($AE17="참여",AE$4,""))) | AH17: =IF($AG17="","",TRIM(MID(SUBSTITUTE($AG17,",",REPT(" ",100)),1,100))) | AI17: =IF($AG17="","",TRIM(MID(SUBSTITUTE($AG17,",",REPT(" ",100)),101,100))) | AJ17: =IF($AG17="","",TRIM(MID(SUBSTITUTE($AG17,",",REPT(" ",100)),201,100))) | AK17: =IF($AG17="","",TRIM(MID(SUBSTITUTE($AG17,",",REPT(" ",100)),301,100))) | AL17: =IF($AG17="","",TRIM(MID(SUBSTITUTE($AG17,",",REPT(" ",100)),401,100)))
... G64: =IF($A64="","",COUNTIF($L64:$AE64,"?*")) | H64: =IF($A64="","",IFERROR(INDEX($L$4:$AE$4,MATCH("주담당",$L64:$AE64,0)),"")) | I64: =IF($A64="","",_xlfn.TEXTJOIN(", ",TRUE,IF($L64="","",L$4),IF($M64="","",M$4),IF($N64="","",N$4),IF($O64="","",O$4),IF($P64="","",P$4),IF($Q64="","",Q$4),IF($R64="","",R$4),IF($S64="","",S$4),IF($T64="","",T$4),IF($U64="","",U$4),IF($V64="","",V$4),IF($W64="","",W$4),IF($X64="","",X$4),IF($Y64="","",Y$4),IF($Z64="","",Z$4),IF($AA64="","",AA$4),IF($AB64="","",AB$4),IF($AC64="","",AC$4),IF($AD64="","",AD$4),IF($AE64="","",AE$4))) | AG64: =IF($A64="","",_xlfn.TEXTJOIN(", ",TRUE,IF($L64="참여",L$4,""),IF($M64="참여",M$4,""),IF($N64="참여",N$4,""),IF($O64="참여",O$4,""),IF($P64="참여",P$4,""),IF($Q64="참여",Q$4,""),IF($R64="참여",R$4,""),IF($S64="참여",S$4,""),IF($T64="참여",T$4,""),IF($U64="참여",U$4,""),IF($V64="참여",V$4,""),IF($W64="참여",W$4,""),IF($X64="참여",X$4,""),IF($Y64="참여",Y$4,""),IF($Z64="참여",Z$4,""),IF($AA64="참여",AA$4,""),IF($AB64="참여",AB$4,""),IF($AC64="참여",AC$4,""),IF($AD64="참여",AD$4,""),IF($AE64="참여",AE$4,""))) | AH64: =IF($AG64="","",TRIM(MID(SUBSTITUTE($AG64,",",REPT(" ",100)),1,100))) | AI64: =IF($AG64="","",TRIM(MID(SUBSTITUTE($AG64,",",REPT(" ",100)),101,100))) | AJ64: =IF($AG64="","",TRIM(MID(SUBSTITUTE($AG64,",",REPT(" ",100)),201,100))) | AK64: =IF($AG64="","",TRIM(MID(SUBSTITUTE($AG64,",",REPT(" ",100)),301,100))) | AL64: =IF($AG64="","",TRIM(MID(SUBSTITUTE($AG64,",",REPT(" ",100)),401,100)))

Sheet 부서 전체현황
A1: 부서 전체 현황 · 출장 / 분석 / 일일
A2: ※ 노란 칸(기준연도)만 바꾸면 아래 모든 표가 다시 계산됩니다. ※ 건수 = '건' 단위 / 연인원 = 참여 인원 누계 / 총 인시 = 실제 투입 공수(1인 투입시간 × 투입인원).
A3: 기준연도 | B3: 2026
A5: 1. 월별 추이
A6: 월 | B6: 출장 건수 | C6: 분석 건수 | D6: 전체 건수 | E6: 출장 소요일수 | F6: 연인원(명) | G6: 총 인시(H) | H6: 대상매체(건) | I6: 일일실시(건) | J6: 1건당 인시(H)
A7: 1월 | B7: =COUNTIFS(업무일지!$B$5:$B$1004,">="&DATE($B$3,1,1),업무일지!$B$5:$B$1004,"<"&DATE($B$3,1+1,1),업무일지!$D$5:$D$1004,"출장") | C7: =COUNTIFS(업무일지!$B$5:$B$1004,">="&DATE($B$3,1,1),업무일지!$B$5:$B$1004,"<"&DATE($B$3,1+1,1),업무일지!$D$5:$D$1004,"분석") | D7: =B7+C7 | E7: =SUMIFS(업무일지!$U$5:$U$1004,업무일지!$B$5:$B$1004,">="&DATE($B$3,1,1),업무일지!$B$5:$B$1004,"<"&DATE($B$3,1+1,1),업무일지!$D$5:$D$1004,"출장") | F7: =SUMIFS(업무일지!$O$5:$O$1004,업무일지!$B$5:$B$1004,">="&DATE($B$3,1,1),업무일지!$B$5:$B$1004,"<"&DATE($B$3,1+1,1)) | G7: =SUMIFS(업무일지!$W$5:$W$1004,업무일지!$B$5:$B$1004,">="&DATE($B$3,1,1),업무일지!$B$5:$B$1004,"<"&DATE($B$3,1+1,1)) | H7: =SUMIFS(업무일지!$S$5:$S$1004,업무일지!$B$5:$B$1004,">="&DATE($B$3,1,1),업무일지!$B$5:$B$1004,"<"&DATE($B$3,1+1,1)) | I7: =COUNTIFS(일일실시사항!$B$5:$B$1004,">="&DATE($B$3,1,1),일일실시사항!$B$5:$B$1004,"<"&DATE($B$3,1+1,1)) | J7: =IFERROR(G7/D7,0)
A8: 2월 | B8: =COUNTIFS(업무일지!$B$5:$B$1004,">="&DATE($B$3,2,1),업무일지!$B$5:$B$1004,"<"&DATE($B$3,2+1,1),업무일지!$D$5:$D$1004,"출장") | C8: =COUNTIFS(업무일지!$B$5:$B$1004,">="&DATE($B$3,2,1),업무일지!$B$5:$B$1004,"<"&DATE($B$3,2+1,1),업무일지!$D$5:$D$1004,"분석") | D8: =B8+C8 | E8: =SUMIFS(업무일지!$U$5:$U$1004,업무일지!$B$5:$B$1004,">="&DATE($B$3,2,1),업무일지!$B$5:$B$1004,"<"&DATE($B$3,2+1,1),업무일지!$D$5:$D$1004,"출장") | F8: =SUMIFS(업무일지!$O$5:$O$1004,업무일지!$B$5:$B$1004,">="&DATE($B$3,2,1),업무일지!$B$5:$B$1004,"<"&DATE($B$3,2+1,1)) | G8: =SUMIFS(업무일지!$W$5:$W$1004,업무일지!$B$5:$B$1004,">="&DATE($B$3,2,1),업무일지!$B$5:$B$1004,"<"&DATE($B$3,2+1,1)) | H8: =SUMIFS(업무일지!$S$5:$S$1004,업무일지!$B$5:$B$1004,">="&DATE($B$3,2,1),업무일지!$B$5:$B$1004,"<"&DATE($B$3,2+1,1)) | I8: =COUNTIFS(일일실시사항!$B$5:$B$1004,">="&DATE($B$3,2,1),일일실시사항!$B$5:$B$1004,"<"&DATE($B$3,2+1,1)) | J8: =IFERROR(G8/D8,0)
A9: 3월 | B9: =COUNTIFS(업무일지!$B$5:$B$1004,">="&DATE($B$3,3,1),업무일지!$B$5:$B$1004,"<"&DATE($B$3,3+1,1),업무일지!$D$5:$D$1004,"출장") | C9: =COUNTIFS(업무일지!$B$5:$B$1004,">="&DATE($B$3,3,1),업무일지!$B$5:$B$1004,"<"&DATE($B$3,3+1,1),업무일지!$D$5:$D$1004,"분석") | D9: =B9+C9 | E9: =SUMIFS(업무일지!$U$5:$U$1004,업무일지!$B$5:$B$1004,">="&DATE($B$3,3,1),업무일지!$B$5:$B$1004,"<"&DATE($B$3,3+1,1),업무일지!$D$5:$D$1004,"출장") | F9: =SUMIFS(업무일지!$O$5:$O$1004,업무일지!$B$5:$B$1004,">="&DATE($B$3,3,1),업무일지!$B$5:$B$1004,"<"&DATE($B$3,3+1,1)) | G9: =SUMIFS(업무일지!$W$5:$W$1004,업무일지!$B$5:$B$1004,">="&DATE($B$3,3,1),업무일지!$B$5:$B$1004,"<"&DATE($B$3,3+1,1)) | H9: =SUMIFS(업무일지!$S$5:$S$1004,업무일지!$B$5:$B$1004,">="&DATE($B$3,3,1),업무일지!$B$5:$B$1004,"<"&DATE($B$3,3+1,1)) | I9: =COUNTIFS(일일실시사항!$B$5:$B$1004,">="&DATE($B$3,3,1),일일실시사항!$B$5:$B$1004,"<"&DATE($B$3,3+1,1)) | J9: =IFERROR(G9/D9,0)
A10: 4월 | B10: =COUNTIFS(업무일지!$B$5:$B$1004,">="&DATE($B$3,4,1),업무일지!$B$5:$B$1004,"<"&DATE($B$3,4+1,1),업무일지!$D$5:$D$1004,"출장") | C10: =COUNTIFS(업무일지!$B$5:$B$1004,">="&DATE($B$3,4,1),업무일지!$B$5:$B$1004,"<"&DATE($B$3,4+1,1),업무일지!$D$5:$D$1004,"분석") | D10: =B10+C10 | E10: =SUMIFS(업무일지!$U$5:$U$1004,업무일지!$B$5:$B$1004,">="&DATE($B$3,4,1),업무일지!$B$5:$B$1004,"<"&DATE($B$3,4+1,1),업무일지!$D$5:$D$1004,"출장") | F10: =SUMIFS(업무일지!$O$5:$O$1004,업무일지!$B$5:$B$1004,">="&DATE($B$3,4,1),업무일지!$B$5:$B$1004,"<"&DATE($B$3,4+1,1)) | G10: =SUMIFS(업무일지!$W$5:$W$1004,업무일지!$B$5:$B$1004,">="&DATE($B$3,4,1),업무일지!$B$5:$B$1004,"<"&DATE($B$3,4+1,1)) | H10: =SUMIFS(업무일지!$S$5:$S$1004,업무일지!$B$5:$B$1004,">="&DATE($B$3,4,1),업무일지!$B$5:$B$1004,"<"&DATE($B$3,4+1,1)) | I10: =COUNTIFS(일일실시사항!$B$5:$B$1004,">="&DATE($B$3,4,1),일일실시사항!$B$5:$B$1004,"<"&DATE($B$3,4+1,1)) | J10: =IFERROR(G10/D10,0)
A11: 5월 | B11: =COUNTIFS(업무일지!$B$5:$B$1004,">="&DATE($B$3,5,1),업무일지!$B$5:$B$1004,"<"&DATE($B$3,5+1,1),업무일지!$D$5:$D$1004,"출장") | C11: =COUNTIFS(업무일지!$B$5:$B$1004,">="&DATE($B$3,5,1),업무일지!$B$5:$B$1004,"<"&DATE($B$3,5+1,1),업무일지!$D$5:$D$1004,"분석") | D11: =B11+C11 | E11: =SUMIFS(업무일지!$U$5:$U$1004,업무일지!$B$5:$B$1004,">="&DATE($B$3,5,1),업무일지!$B$5:$B$1004,"<"&DATE($B$3,5+1,1),업무일지!$D$5:$D$1004,"출장") | F11: =SUMIFS(업무일지!$O$5:$O$1004,업무일지!$B$5:$B$1004,">="&DATE($B$3,5,1),업무일지!$B$5:$B$1004,"<"&DATE($B$3,5+1,1)) | G11: =SUMIFS(업무일지!$W$5:$W$1004,업무일지!$B$5:$B$1004,">="&DATE($B$3,5,1),업무일지!$B$5:$B$1004,"<"&DATE($B$3,5+1,1)) | H11: =SUMIFS(업무일지!$S$5:$S$1004,업무일지!$B$5:$B$1004,">="&DATE($B$3,5,1),업무일지!$B$5:$B$1004,"<"&DATE($B$3,5+1,1)) | I11: =COUNTIFS(일일실시사항!$B$5:$B$1004,">="&DATE($B$3,5,1),일일실시사항!$B$5:$B$1004,"<"&DATE($B$3,5+1,1)) | J11: =IFERROR(G11/D11,0)
A12: 6월 | B12: =COUNTIFS(업무일지!$B$5:$B$1004,">="&DATE($B$3,6,1),업무일지!$B$5:$B$1004,"<"&DATE($B$3,6+1,1),업무일지!$D$5:$D$1004,"출장") | C12: =COUNTIFS(업무일지!$B$5:$B$1004,">="&DATE($B$3,6,1),업무일지!$B$5:$B$1004,"<"&DATE($B$3,6+1,1),업무일지!$D$5:$D$1004,"분석") | D12: =B12+C12 | E12: =SUMIFS(업무일지!$U$5:$U$1004,업무일지!$B$5:$B$1004,">="&DATE($B$3,6,1),업무일지!$B$5:$B$1004,"<"&DATE($B$3,6+1,1),업무일지!$D$5:$D$1004,"출장") | F12: =SUMIFS(업무일지!$O$5:$O$1004,업무일지!$B$5:$B$1004,">="&DATE($B$3,6,1),업무일지!$B$5:$B$1004,"<"&DATE($B$3,6+1,1)) | G12: =SUMIFS(업무일지!$W$5:$W$1004,업무일지!$B$5:$B$1004,">="&DATE($B$3,6,1),업무일지!$B$5:$B$1004,"<"&DATE($B$3,6+1,1)) | H12: =SUMIFS(업무일지!$S$5:$S$1004,업무일지!$B$5:$B$1004,">="&DATE($B$3,6,1),업무일지!$B$5:$B$1004,"<"&DATE($B$3,6+1,1)) | I12: =COUNTIFS(일일실시사항!$B$5:$B$1004,">="&DATE($B$3,6,1),일일실시사항!$B$5:$B$1004,"<"&DATE($B$3,6+1,1)) | J12: =IFERROR(G12/D12,0)
A13: 7월 | B13: =COUNTIFS(업무일지!$B$5:$B$1004,">="&DATE($B$3,7,1),업무일지!$B$5:$B$1004,"<"&DATE($B$3,7+1,1),업무일지!$D$5:$D$1004,"출장") | C13: =COUNTIFS(업무일지!$B$5:$B$1004,">="&DATE($B$3,7,1),업무일지!$B$5:$B$1004,"<"&DATE($B$3,7+1,1),업무일지!$D$5:$D$1004,"분석") | D13: =B13+C13 | E13: =SUMIFS(업무일지!$U$5:$U$1004,업무일지!$B$5:$B$1004,">="&DATE($B$3,7,1),업무일지!$B$5:$B$1004,"<"&DATE($B$3,7+1,1),업무일지!$D$5:$D$1004,"출장") | F13: =SUMIFS(업무일지!$O$5:$O$1004,업무일지!$B$5:$B$1004,">="&DATE($B$3,7,1),업무일지!$B$5:$B$1004,"<"&DATE($B$3,7+1,1)) | G13: =SUMIFS(업무일지!$W$5:$W$1004,업무일지!$B$5:$B$1004,">="&DATE($B$3,7,1),업무일지!$B$5:$B$1004,"<"&DATE($B$3,7+1,1)) | H13: =SUMIFS(업무일지!$S$5:$S$1004,업무일지!$B$5:$B$1004,">="&DATE($B$3,7,1),업무일지!$B$5:$B$1004,"<"&DATE($B$3,7+1,1)) | I13: =COUNTIFS(일일실시사항!$B$5:$B$1004,">="&DATE($B$3,7,1),일일실시사항!$B$5:$B$1004,"<"&DATE($B$3,7+1,1)) | J13: =IFERROR(G13/D13,0)
A14: 8월 | B14: =COUNTIFS(업무일지!$B$5:$B$1004,">="&DATE($B$3,8,1),업무일지!$B$5:$B$1004,"<"&DATE($B$3,8+1,1),업무일지!$D$5:$D$1004,"출장") | C14: =COUNTIFS(업무일지!$B$5:$B$1004,">="&DATE($B$3,8,1),업무일지!$B$5:$B$1004,"<"&DATE($B$3,8+1,1),업무일지!$D$5:$D$1004,"분석") | D14: =B14+C14 | E14: =SUMIFS(업무일지!$U$5:$U$1004,업무일지!$B$5:$B$1004,">="&DATE($B$3,8,1),업무일지!$B$5:$B$1004,"<"&DATE($B$3,8+1,1),업무일지!$D$5:$D$1004,"출장") | F14: =SUMIFS(업무일지!$O$5:$O$1004,업무일지!$B$5:$B$1004,">="&DATE($B$3,8,1),업무일지!$B$5:$B$1004,"<"&DATE($B$3,8+1,1)) | G14: =SUMIFS(업무일지!$W$5:$W$1004,업무일지!$B$5:$B$1004,">="&DATE($B$3,8,1),업무일지!$B$5:$B$1004,"<"&DATE($B$3,8+1,1)) | H14: =SUMIFS(업무일지!$S$5:$S$1004,업무일지!$B$5:$B$1004,">="&DATE($B$3,8,1),업무일지!$B$5:$B$1004,"<"&DATE($B$3,8+1,1)) | I14: =COUNTIFS(일일실시사항!$B$5:$B$1004,">="&DATE($B$3,8,1),일일실시사항!$B$5:$B$1004,"<"&DATE($B$3,8+1,1)) | J14: =IFERROR(G14/D14,0)
A15: 9월 | B15: =COUNTIFS(업무일지!$B$5:$B$1004,">="&DATE($B$3,9,1),업무일지!$B$5:$B$1004,"<"&DATE($B$3,9+1,1),업무일지!$D$5:$D$1004,"출장") | C15: =COUNTIFS(업무일지!$B$5:$B$1004,">="&DATE($B$3,9,1),업무일지!$B$5:$B$1004,"<"&DATE($B$3,9+1,1),업무일지!$D$5:$D$1004,"분석") | D15: =B15+C15 | E15: =SUMIFS(업무일지!$U$5:$U$1004,업무일지!$B$5:$B$1004,">="&DATE($B$3,9,1),업무일지!$B$5:$B$1004,"<"&DATE($B$3,9+1,1),업무일지!$D$5:$D$1004,"출장") | F15: =SUMIFS(업무일지!$O$5:$O$1004,업무일지!$B$5:$B$1004,">="&DATE($B$3,9,1),업무일지!$B$5:$B$1004,"<"&DATE($B$3,9+1,1)) | G15: =SUMIFS(업무일지!$W$5:$W$1004,업무일지!$B$5:$B$1004,">="&DATE($B$3,9,1),업무일지!$B$5:$B$1004,"<"&DATE($B$3,9+1,1)) | H15: =SUMIFS(업무일지!$S$5:$S$1004,업무일지!$B$5:$B$1004,">="&DATE($B$3,9,1),업무일지!$B$5:$B$1004,"<"&DATE($B$3,9+1,1)) | I15: =COUNTIFS(일일실시사항!$B$5:$B$1004,">="&DATE($B$3,9,1),일일실시사항!$B$5:$B$1004,"<"&DATE($B$3,9+1,1)) | J15: =IFERROR(G15/D15,0)
A16: 10월 | B16: =COUNTIFS(업무일지!$B$5:$B$1004,">="&DATE($B$3,10,1),업무일지!$B$5:$B$1004,"<"&DATE($B$3,10+1,1),업무일지!$D$5:$D$1004,"출장") | C16: =COUNTIFS(업무일지!$B$5:$B$1004,">="&DATE($B$3,10,1),업무일지!$B$5:$B$1004,"<"&DATE($B$3,10+1,1),업무일지!$D$5:$D$1004,"분석") | D16: =B16+C16 | E16: =SUMIFS(업무일지!$U$5:$U$1004,업무일지!$B$5:$B$1004,">="&DATE($B$3,10,1),업무일지!$B$5:$B$1004,"<"&DATE($B$3,10+1,1),업무일지!$D$5:$D$1004,"출장") | F16: =SUMIFS(업무일지!$O$5:$O$1004,업무일지!$B$5:$B$1004,">="&DATE($B$3,10,1),업무일지!$B$5:$B$1004,"<"&DATE($B$3,10+1,1)) | G16: =SUMIFS(업무일지!$W$5:$W$1004,업무일지!$B$5:$B$1004,">="&DATE($B$3,10,1),업무일지!$B$5:$B$1004,"<"&DATE($B$3,10+1,1)) | H16: =SUMIFS(업무일지!$S$5:$S$1004,업무일지!$B$5:$B$1004,">="&DATE($B$3,10,1),업무일지!$B$5:$B$1004,"<"&DATE($B$3,10+1,1)) | I16: =COUNTIFS(일일실시사항!$B$5:$B$1004,">="&DATE($B$3,10,1),일일실시사항!$B$5:$B$1004,"<"&DATE($B$3,10+1,1)) | J16: =IFERROR(G16/D16,0)
A17: 11월 | B17: =COUNTIFS(업무일지!$B$5:$B$1004,">="&DATE($B$3,11,1),업무일지!$B$5:$B$1004,"<"&DATE($B$3,11+1,1),업무일지!$D$5:$D$1004,"출장") | C17: =COUNTIFS(업무일지!$B$5:$B$1004,">="&DATE($B$3,11,1),업무일지!$B$5:$B$1004,"<"&DATE($B$3,11+1,1),업무일지!$D$5:$D$1004,"분석") | D17: =B17+C17 | E17: =SUMIFS(업무일지!$U$5:$U$1004,업무일지!$B$5:$B$1004,">="&DATE($B$3,11,1),업무일지!$B$5:$B$1004,"<"&DATE($B$3,11+1,1),업무일지!$D$5:$D$1004,"출장") | F17: =SUMIFS(업무일지!$O$5:$O$1004,업무일지!$B$5:$B$1004,">="&DATE($B$3,11,1),업무일지!$B$5:$B$1004,"<"&DATE($B$3,11+1,1)) | G17: =SUMIFS(업무일지!$W$5:$W$1004,업무일지!$B$5:$B$1004,">="&DATE($B$3,11,1),업무일지!$B$5:$B$1004,"<"&DATE($B$3,11+1,1)) | H17: =SUMIFS(업무일지!$S$5:$S$1004,업무일지!$B$5:$B$1004,">="&DATE($B$3,11,1),업무일지!$B$5:$B$1004,"<"&DATE($B$3,11+1,1)) | I17: =COUNTIFS(일일실시사항!$B$5:$B$1004,">="&DATE($B$3,11,1),일일실시사항!$B$5:$B$1004,"<"&DATE($B$3,11+1,1)) | J17: =IFERROR(G17/D17,0)
A18: 12월 | B18: =COUNTIFS(업무일지!$B$5:$B$1004,">="&DATE($B$3,12,1),업무일지!$B$5:$B$1004,"<"&DATE($B$3,12+1,1),업무일지!$D$5:$D$1004,"출장") | C18: =COUNTIFS(업무일지!$B$5:$B$1004,">="&DATE($B$3,12,1),업무일지!$B$5:$B$1004,"<"&DATE($B$3,12+1,1),업무일지!$D$5:$D$1004,"분석") | D18: =B18+C18 | E18: =SUMIFS(업무일지!$U$5:$U$1004,업무일지!$B$5:$B$1004,">="&DATE($B$3,12,1),업무일지!$B$5:$B$1004,"<"&DATE($B$3,12+1,1),업무일지!$D$5:$D$1004,"출장") | F18: =SUMIFS(업무일지!$O$5:$O$1004,업무일지!$B$5:$B$1004,">="&DATE($B$3,12,1),업무일지!$B$5:$B$1004,"<"&DATE($B$3,12+1,1)) | G18: =SUMIFS(업무일지!$W$5:$W$1004,업무일지!$B$5:$B$1004,">="&DATE($B$3,12,1),업무일지!$B$5:$B$1004,"<"&DATE($B$3,12+1,1)) | H18: =SUMIFS(업무일지!$S$5:$S$1004,업무일지!$B$5:$B$1004,">="&DATE($B$3,12,1),업무일지!$B$5:$B$1004,"<"&DATE($B$3,12+1,1)) | I18: =COUNTIFS(일일실시사항!$B$5:$B$1004,">="&DATE($B$3,12,1),일일실시사항!$B$5:$B$1004,"<"&DATE($B$3,12+1,1)) | J18: =IFERROR(G18/D18,0)
A19: 합계 | B19: =SUM(B7:B18) | C19: =SUM(C7:C18) | D19: =SUM(D7:D18) | E19: =SUM(E7:E18) | F19: =SUM(F7:F18) | G19: =SUM(G7:G18) | H19: =SUM(H7:H18) | I19: =SUM(I7:I18) | J19: =IFERROR(G19/D19,0)
A21: 2. 직무구분 · 세부유형별 현황 (연간 누계)
A22: 직무구분 | B22: 세부유형 | C22: 건수 | D22: 비중 | E22: 연인원(명) | F22: 총 인시(H) | G22: 대상매체(건) | H22: 데이터량(GB) | I22: 평균 소요일수
A23: =IF(코드설정!$A5="","",코드설정!$A5) | B23: =IF(코드설정!$B5="","",코드설정!$B5) | C23: =IF($B23="","",COUNTIFS(업무일지!$B$5:$B$1004,">="&DATE($B$3,1,1),업무일지!$B$5:$B$1004,"<"&DATE($B$3+1,1,1),업무일지!$E$5:$E$1004,$B23)) | D23: =IFERROR(C23/$C$36,0) | E23: =IF($B23="","",SUMIFS(업무일지!$O$5:$O$1004,업무일지!$B$5:$B$1004,">="&DATE($B$3,1,1),업무일지!$B$5:$B$1004,"<"&DATE($B$3+1,1,1),업무일지!$E$5:$E$1004,$B23)) | F23: =IF($B23="","",SUMIFS(업무일지!$W$5:$W$1004,업무일지!$B$5:$B$1004,">="&DATE($B$3,1,1),업무일지!$B$5:$B$1004,"<"&DATE($B$3+1,1,1),업무일지!$E$5:$E$1004,$B23)) | G23: =IF($B23="","",SUMIFS(업무일지!$S$5:$S$1004,업무일지!$B$5:$B$1004,">="&DATE($B$3,1,1),업무일지!$B$5:$B$1004,"<"&DATE($B$3+1,1,1),업무일지!$E$5:$E$1004,$B23)) | H23: =IF($B23="","",SUMIFS(업무일지!$T$5:$T$1004,업무일지!$B$5:$B$1004,">="&DATE($B$3,1,1),업무일지!$B$5:$B$1004,"<"&DATE($B$3+1,1,1),업무일지!$E$5:$E$1004,$B23)) | I23: =IFERROR(SUMIFS(업무일지!$U$5:$U$1004,업무일지!$B$5:$B$1004,">="&DATE($B$3,1,1),업무일지!$B$5:$B$1004,"<"&DATE($B$3+1,1,1),업무일지!$E$5:$E$1004,$B23)/C23,0)
A24: =IF(코드설정!$A6="","",코드설정!$A6) | B24: =IF(코드설정!$B6="","",코드설정!$B6) | C24: =IF($B24="","",COUNTIFS(업무일지!$B$5:$B$1004,">="&DATE($B$3,1,1),업무일지!$B$5:$B$1004,"<"&DATE($B$3+1,1,1),업무일지!$E$5:$E$1004,$B24)) | D24: =IFERROR(C24/$C$36,0) | E24: =IF($B24="","",SUMIFS(업무일지!$O$5:$O$1004,업무일지!$B$5:$B$1004,">="&DATE($B$3,1,1),업무일지!$B$5:$B$1004,"<"&DATE($B$3+1,1,1),업무일지!$E$5:$E$1004,$B24)) | F24: =IF($B24="","",SUMIFS(업무일지!$W$5:$W$1004,업무일지!$B$5:$B$1004,">="&DATE($B$3,1,1),업무일지!$B$5:$B$1004,"<"&DATE($B$3+1,1,1),업무일지!$E$5:$E$1004,$B24)) | G24: =IF($B24="","",SUMIFS(업무일지!$S$5:$S$1004,업무일지!$B$5:$B$1004,">="&DATE($B$3,1,1),업무일지!$B$5:$B$1004,"<"&DATE($B$3+1,1,1),업무일지!$E$5:$E$1004,$B24)) | H24: =IF($B24="","",SUMIFS(업무일지!$T$5:$T$1004,업무일지!$B$5:$B$1004,">="&DATE($B$3,1,1),업무일지!$B$5:$B$1004,"<"&DATE($B$3+1,1,1),업무일지!$E$5:$E$1004,$B24)) | I24: =IFERROR(SUMIFS(업무일지!$U$5:$U$1004,업무일지!$B$5:$B$1004,">="&DATE($B$3,1,1),업무일지!$B$5:$B$1004,"<"&DATE($B$3+1,1,1),업무일지!$E$5:$E$1004,$B24)/C24,0)
A25: =IF(코드설정!$A7="","",코드설정!$A7) | B25: =IF(코드설정!$B7="","",코드설정!$B7) | C25: =IF($B25="","",COUNTIFS(업무일지!$B$5:$B$1004,">="&DATE($B$3,1,1),업무일지!$B$5:$B$1004,"<"&DATE($B$3+1,1,1),업무일지!$E$5:$E$1004,$B25)) | D25: =IFERROR(C25/$C$36,0) | E25: =IF($B25="","",SUMIFS(업무일지!$O$5:$O$1004,업무일지!$B$5:$B$1004,">="&DATE($B$3,1,1),업무일지!$B$5:$B$1004,"<"&DATE($B$3+1,1,1),업무일지!$E$5:$E$1004,$B25)) | F25: =IF($B25="","",SUMIFS(업무일지!$W$5:$W$1004,업무일지!$B$5:$B$1004,">="&DATE($B$3,1,1),업무일지!$B$5:$B$1004,"<"&DATE($B$3+1,1,1),업무일지!$E$5:$E$1004,$B25)) | G25: =IF($B25="","",SUMIFS(업무일지!$S$5:$S$1004,업무일지!$B$5:$B$1004,">="&DATE($B$3,1,1),업무일지!$B$5:$B$1004,"<"&DATE($B$3+1,1,1),업무일지!$E$5:$E$1004,$B25)) | H25: =IF($B25="","",SUMIFS(업무일지!$T$5:$T$1004,업무일지!$B$5:$B$1004,">="&DATE($B$3,1,1),업무일지!$B$5:$B$1004,"<"&DATE($B$3+1,1,1),업무일지!$E$5:$E$1004,$B25)) | I25: =IFERROR(SUMIFS(업무일지!$U$5:$U$1004,업무일지!$B$5:$B$1004,">="&DATE($B$3,1,1),업무일지!$B$5:$B$1004,"<"&DATE($B$3+1,1,1),업무일지!$E$5:$E$1004,$B25)/C25,0)
A26: =IF(코드설정!$A8="","",코드설정!$A8) | B26: =IF(코드설정!$B8="","",코드설정!$B8) | C26: =IF($B26="","",COUNTIFS(업무일지!$B$5:$B$1004,">="&DATE($B$3,1,1),업무일지!$B$5:$B$1004,"<"&DATE($B$3+1,1,1),업무일지!$E$5:$E$1004,$B26)) | D26: =IFERROR(C26/$C$36,0) | E26: =IF($B26="","",SUMIFS(업무일지!$O$5:$O$1004,업무일지!$B$5:$B$1004,">="&DATE($B$3,1,1),업무일지!$B$5:$B$1004,"<"&DATE($B$3+1,1,1),업무일지!$E$5:$E$1004,$B26)) | F26: =IF($B26="","",SUMIFS(업무일지!$W$5:$W$1004,업무일지!$B$5:$B$1004,">="&DATE($B$3,1,1),업무일지!$B$5:$B$1004,"<"&DATE($B$3+1,1,1),업무일지!$E$5:$E$1004,$B26)) | G26: =IF($B26="","",SUMIFS(업무일지!$S$5:$S$1004,업무일지!$B$5:$B$1004,">="&DATE($B$3,1,1),업무일지!$B$5:$B$1004,"<"&DATE($B$3+1,1,1),업무일지!$E$5:$E$1004,$B26)) | H26: =IF($B26="","",SUMIFS(업무일지!$T$5:$T$1004,업무일지!$B$5:$B$1004,">="&DATE($B$3,1,1),업무일지!$B$5:$B$1004,"<"&DATE($B$3+1,1,1),업무일지!$E$5:$E$1004,$B26)) | I26: =IFERROR(SUMIFS(업무일지!$U$5:$U$1004,업무일지!$B$5:$B$1004,">="&DATE($B$3,1,1),업무일지!$B$5:$B$1004,"<"&DATE($B$3+1,1,1),업무일지!$E$5:$E$1004,$B26)/C26,0)
A27: =IF(코드설정!$A9="","",코드설정!$A9) | B27: =IF(코드설정!$B9="","",코드설정!$B9) | C27: =IF($B27="","",COUNTIFS(업무일지!$B$5:$B$1004,">="&DATE($B$3,1,1),업무일지!$B$5:$B$1004,"<"&DATE($B$3+1,1,1),업무일지!$E$5:$E$1004,$B27)) | D27: =IFERROR(C27/$C$36,0) | E27: =IF($B27="","",SUMIFS(업무일지!$O$5:$O$1004,업무일지!$B$5:$B$1004,">="&DATE($B$3,1,1),업무일지!$B$5:$B$1004,"<"&DATE($B$3+1,1,1),업무일지!$E$5:$E$1004,$B27)) | F27: =IF($B27="","",SUMIFS(업무일지!$W$5:$W$1004,업무일지!$B$5:$B$1004,">="&DATE($B$3,1,1),업무일지!$B$5:$B$1004,"<"&DATE($B$3+1,1,1),업무일지!$E$5:$E$1004,$B27)) | G27: =IF($B27="","",SUMIFS(업무일지!$S$5:$S$1004,업무일지!$B$5:$B$1004,">="&DATE($B$3,1,1),업무일지!$B$5:$B$1004,"<"&DATE($B$3+1,1,1),업무일지!$E$5:$E$1004,$B27)) | H27: =IF($B27="","",SUMIFS(업무일지!$T$5:$T$1004,업무일지!$B$5:$B$1004,">="&DATE($B$3,1,1),업무일지!$B$5:$B$1004,"<"&DATE($B$3+1,1,1),업무일지!$E$5:$E$1004,$B27)) | I27: =IFERROR(SUMIFS(업무일지!$U$5:$U$1004,업무일지!$B$5:$B$1004,">="&DATE($B$3,1,1),업무일지!$B$5:$B$1004,"<"&DATE($B$3+1,1,1),업무일지!$E$5:$E$1004,$B27)/C27,0)
A28: =IF(코드설정!$A10="","",코드설정!$A10) | B28: =IF(코드설정!$B10="","",코드설정!$B10) | C28: =IF($B28="","",COUNTIFS(업무일지!$B$5:$B$1004,">="&DATE($B$3,1,1),업무일지!$B$5:$B$1004,"<"&DATE($B$3+1,1,1),업무일지!$E$5:$E$1004,$B28)) | D28: =IFERROR(C28/$C$36,0) | E28: =IF($B28="","",SUMIFS(업무일지!$O$5:$O$1004,업무일지!$B$5:$B$1004,">="&DATE($B$3,1,1),업무일지!$B$5:$B$1004,"<"&DATE($B$3+1,1,1),업무일지!$E$5:$E$1004,$B28)) | F28: =IF($B28="","",SUMIFS(업무일지!$W$5:$W$1004,업무일지!$B$5:$B$1004,">="&DATE($B$3,1,1),업무일지!$B$5:$B$1004,"<"&DATE($B$3+1,1,1),업무일지!$E$5:$E$1004,$B28)) | G28: =IF($B28="","",SUMIFS(업무일지!$S$5:$S$1004,업무일지!$B$5:$B$1004,">="&DATE($B$3,1,1),업무일지!$B$5:$B$1004,"<"&DATE($B$3+1,1,1),업무일지!$E$5:$E$1004,$B28)) | H28: =IF($B28="","",SUMIFS(업무일지!$T$5:$T$1004,업무일지!$B$5:$B$1004,">="&DATE($B$3,1,1),업무일지!$B$5:$B$1004,"<"&DATE($B$3+1,1,1),업무일지!$E$5:$E$1004,$B28)) | I28: =IFERROR(SUMIFS(업무일지!$U$5:$U$1004,업무일지!$B$5:$B$1004,">="&DATE($B$3,1,1),업무일지!$B$5:$B$1004,"<"&DATE($B$3+1,1,1),업무일지!$E$5:$E$1004,$B28)/C28,0)
A29: =IF(코드설정!$A11="","",코드설정!$A11) | B29: =IF(코드설정!$B11="","",코드설정!$B11) | C29: =IF($B29="","",COUNTIFS(업무일지!$B$5:$B$1004,">="&DATE($B$3,1,1),업무일지!$B$5:$B$1004,"<"&DATE($B$3+1,1,1),업무일지!$E$5:$E$1004,$B29)) | D29: =IFERROR(C29/$C$36,0) | E29: =IF($B29="","",SUMIFS(업무일지!$O$5:$O$1004,업무일지!$B$5:$B$1004,">="&DATE($B$3,1,1),업무일지!$B$5:$B$1004,"<"&DATE($B$3+1,1,1),업무일지!$E$5:$E$1004,$B29)) | F29: =IF($B29="","",SUMIFS(업무일지!$W$5:$W$1004,업무일지!$B$5:$B$1004,">="&DATE($B$3,1,1),업무일지!$B$5:$B$1004,"<"&DATE($B$3+1,1,1),업무일지!$E$5:$E$1004,$B29)) | G29: =IF($B29="","",SUMIFS(업무일지!$S$5:$S$1004,업무일지!$B$5:$B$1004,">="&DATE($B$3,1,1),업무일지!$B$5:$B$1004,"<"&DATE($B$3+1,1,1),업무일지!$E$5:$E$1004,$B29)) | H29: =IF($B29="","",SUMIFS(업무일지!$T$5:$T$1004,업무일지!$B$5:$B$1004,">="&DATE($B$3,1,1),업무일지!$B$5:$B$1004,"<"&DATE($B$3+1,1,1),업무일지!$E$5:$E$1004,$B29)) | I29: =IFERROR(SUMIFS(업무일지!$U$5:$U$1004,업무일지!$B$5:$B$1004,">="&DATE($B$3,1,1),업무일지!$B$5:$B$1004,"<"&DATE($B$3+1,1,1),업무일지!$E$5:$E$1004,$B29)/C29,0)
A30: =IF(코드설정!$A12="","",코드설정!$A12) | B30: =IF(코드설정!$B12="","",코드설정!$B12) | C30: =IF($B30="","",COUNTIFS(업무일지!$B$5:$B$1004,">="&DATE($B$3,1,1),업무일지!$B$5:$B$1004,"<"&DATE($B$3+1,1,1),업무일지!$E$5:$E$1004,$B30)) | D30: =IFERROR(C30/$C$36,0) | E30: =IF($B30="","",SUMIFS(업무일지!$O$5:$O$1004,업무일지!$B$5:$B$1004,">="&DATE($B$3,1,1),업무일지!$B$5:$B$1004,"<"&DATE($B$3+1,1,1),업무일지!$E$5:$E$1004,$B30)) | F30: =IF($B30="","",SUMIFS(업무일지!$W$5:$W$1004,업무일지!$B$5:$B$1004,">="&DATE($B$3,1,1),업무일지!$B$5:$B$1004,"<"&DATE($B$3+1,1,1),업무일지!$E$5:$E$1004,$B30)) | G30: =IF($B30="","",SUMIFS(업무일지!$S$5:$S$1004,업무일지!$B$5:$B$1004,">="&DATE($B$3,1,1),업무일지!$B$5:$B$1004,"<"&DATE($B$3+1,1,1),업무일지!$E$5:$E$1004,$B30)) | H30: =IF($B30="","",SUMIFS(업무일지!$T$5:$T$1004,업무일지!$B$5:$B$1004,">="&DATE($B$3,1,1),업무일지!$B$5:$B$1004,"<"&DATE($B$3+1,1,1),업무일지!$E$5:$E$1004,$B30)) | I30: =IFERROR(SUMIFS(업무일지!$U$5:$U$1004,업무일지!$B$5:$B$1004,">="&DATE($B$3,1,1),업무일지!$B$5:$B$1004,"<"&DATE($B$3+1,1,1),업무일지!$E$5:$E$1004,$B30)/C30,0)
A31: =IF(코드설정!$A13="","",코드설정!$A13) | B31: =IF(코드설정!$B13="","",코드설정!$B13) | C31: =IF($B31="","",COUNTIFS(업무일지!$B$5:$B$1004,">="&DATE($B$3,1,1),업무일지!$B$5:$B$1004,"<"&DATE($B$3+1,1,1),업무일지!$E$5:$E$1004,$B31)) | D31: =IFERROR(C31/$C$36,0) | E31: =IF($B31="","",SUMIFS(업무일지!$O$5:$O$1004,업무일지!$B$5:$B$1004,">="&DATE($B$3,1,1),업무일지!$B$5:$B$1004,"<"&DATE($B$3+1,1,1),업무일지!$E$5:$E$1004,$B31)) | F31: =IF($B31="","",SUMIFS(업무일지!$W$5:$W$1004,업무일지!$B$5:$B$1004,">="&DATE($B$3,1,1),업무일지!$B$5:$B$1004,"<"&DATE($B$3+1,1,1),업무일지!$E$5:$E$1004,$B31)) | G31: =IF($B31="","",SUMIFS(업무일지!$S$5:$S$1004,업무일지!$B$5:$B$1004,">="&DATE($B$3,1,1),업무일지!$B$5:$B$1004,"<"&DATE($B$3+1,1,1),업무일지!$E$5:$E$1004,$B31)) | H31: =IF($B31="","",SUMIFS(업무일지!$T$5:$T$1004,업무일지!$B$5:$B$1004,">="&DATE($B$3,1,1),업무일지!$B$5:$B$1004,"<"&DATE($B$3+1,1,1),업무일지!$E$5:$E$1004,$B31)) | I31: =IFERROR(SUMIFS(업무일지!$U$5:$U$1004,업무일지!$B$5:$B$1004,">="&DATE($B$3,1,1),업무일지!$B$5:$B$1004,"<"&DATE($B$3+1,1,1),업무일지!$E$5:$E$1004,$B31)/C31,0)
A32: =IF(코드설정!$A14="","",코드설정!$A14) | B32: =IF(코드설정!$B14="","",코드설정!$B14) | C32: =IF($B32="","",COUNTIFS(업무일지!$B$5:$B$1004,">="&DATE($B$3,1,1),업무일지!$B$5:$B$1004,"<"&DATE($B$3+1,1,1),업무일지!$E$5:$E$1004,$B32)) | D32: =IFERROR(C32/$C$36,0) | E32: =IF($B32="","",SUMIFS(업무일지!$O$5:$O$1004,업무일지!$B$5:$B$1004,">="&DATE($B$3,1,1),업무일지!$B$5:$B$1004,"<"&DATE($B$3+1,1,1),업무일지!$E$5:$E$1004,$B32)) | F32: =IF($B32="","",SUMIFS(업무일지!$W$5:$W$1004,업무일지!$B$5:$B$1004,">="&DATE($B$3,1,1),업무일지!$B$5:$B$1004,"<"&DATE($B$3+1,1,1),업무일지!$E$5:$E$1004,$B32)) | G32: =IF($B32="","",SUMIFS(업무일지!$S$5:$S$1004,업무일지!$B$5:$B$1004,">="&DATE($B$3,1,1),업무일지!$B$5:$B$1004,"<"&DATE($B$3+1,1,1),업무일지!$E$5:$E$1004,$B32)) | H32: =IF($B32="","",SUMIFS(업무일지!$T$5:$T$1004,업무일지!$B$5:$B$1004,">="&DATE($B$3,1,1),업무일지!$B$5:$B$1004,"<"&DATE($B$3+1,1,1),업무일지!$E$5:$E$1004,$B32)) | I32: =IFERROR(SUMIFS(업무일지!$U$5:$U$1004,업무일지!$B$5:$B$1004,">="&DATE($B$3,1,1),업무일지!$B$5:$B$1004,"<"&DATE($B$3+1,1,1),업무일지!$E$5:$E$1004,$B32)/C32,0)
A33: =IF(코드설정!$A15="","",코드설정!$A15) | B33: =IF(코드설정!$B15="","",코드설정!$B15) | C33: =IF($B33="","",COUNTIFS(업무일지!$B$5:$B$1004,">="&DATE($B$3,1,1),업무일지!$B$5:$B$1004,"<"&DATE($B$3+1,1,1),업무일지!$E$5:$E$1004,$B33)) | D33: =IFERROR(C33/$C$36,0) | E33: =IF($B33="","",SUMIFS(업무일지!$O$5:$O$1004,업무일지!$B$5:$B$1004,">="&DATE($B$3,1,1),업무일지!$B$5:$B$1004,"<"&DATE($B$3+1,1,1),업무일지!$E$5:$E$1004,$B33)) | F33: =IF($B33="","",SUMIFS(업무일지!$W$5:$W$1004,업무일지!$B$5:$B$1004,">="&DATE($B$3,1,1),업무일지!$B$5:$B$1004,"<"&DATE($B$3+1,1,1),업무일지!$E$5:$E$1004,$B33)) | G33: =IF($B33="","",SUMIFS(업무일지!$S$5:$S$1004,업무일지!$B$5:$B$1004,">="&DATE($B$3,1,1),업무일지!$B$5:$B$1004,"<"&DATE($B$3+1,1,1),업무일지!$E$5:$E$1004,$B33)) | H33: =IF($B33="","",SUMIFS(업무일지!$T$5:$T$1004,업무일지!$B$5:$B$1004,">="&DATE($B$3,1,1),업무일지!$B$5:$B$1004,"<"&DATE($B$3+1,1,1),업무일지!$E$5:$E$1004,$B33)) | I33: =IFERROR(SUMIFS(업무일지!$U$5:$U$1004,업무일지!$B$5:$B$1004,">="&DATE($B$3,1,1),업무일지!$B$5:$B$1004,"<"&DATE($B$3+1,1,1),업무일지!$E$5:$E$1004,$B33)/C33,0)
A34: =IF(코드설정!$A16="","",코드설정!$A16) | B34: =IF(코드설정!$B16="","",코드설정!$B16) | C34: =IF($B34="","",COUNTIFS(업무일지!$B$5:$B$1004,">="&DATE($B$3,1,1),업무일지!$B$5:$B$1004,"<"&DATE($B$3+1,1,1),업무일지!$E$5:$E$1004,$B34)) | D34: =IFERROR(C34/$C$36,0) | E34: =IF($B34="","",SUMIFS(업무일지!$O$5:$O$1004,업무일지!$B$5:$B$1004,">="&DATE($B$3,1,1),업무일지!$B$5:$B$1004,"<"&DATE($B$3+1,1,1),업무일지!$E$5:$E$1004,$B34)) | F34: =IF($B34="","",SUMIFS(업무일지!$W$5:$W$1004,업무일지!$B$5:$B$1004,">="&DATE($B$3,1,1),업무일지!$B$5:$B$1004,"<"&DATE($B$3+1,1,1),업무일지!$E$5:$E$1004,$B34)) | G34: =IF($B34="","",SUMIFS(업무일지!$S$5:$S$1004,업무일지!$B$5:$B$1004,">="&DATE($B$3,1,1),업무일지!$B$5:$B$1004,"<"&DATE($B$3+1,1,1),업무일지!$E$5:$E$1004,$B34)) | H34: =IF($B34="","",SUMIFS(업무일지!$T$5:$T$1004,업무일지!$B$5:$B$1004,">="&DATE($B$3,1,1),업무일지!$B$5:$B$1004,"<"&DATE($B$3+1,1,1),업무일지!$E$5:$E$1004,$B34)) | I34: =IFERROR(SUMIFS(업무일지!$U$5:$U$1004,업무일지!$B$5:$B$1004,">="&DATE($B$3,1,1),업무일지!$B$5:$B$1004,"<"&DATE($B$3+1,1,1),업무일지!$E$5:$E$1004,$B34)/C34,0)
A35: =IF(코드설정!$A17="","",코드설정!$A17) | B35: =IF(코드설정!$B17="","",코드설정!$B17) | C35: =IF($B35="","",COUNTIFS(업무일지!$B$5:$B$1004,">="&DATE($B$3,1,1),업무일지!$B$5:$B$1004,"<"&DATE($B$3+1,1,1),업무일지!$E$5:$E$1004,$B35)) | D35: =IFERROR(C35/$C$36,0) | E35: =IF($B35="","",SUMIFS(업무일지!$O$5:$O$1004,업무일지!$B$5:$B$1004,">="&DATE($B$3,1,1),업무일지!$B$5:$B$1004,"<"&DATE($B$3+1,1,1),업무일지!$E$5:$E$1004,$B35)) | F35: =IF($B35="","",SUMIFS(업무일지!$W$5:$W$1004,업무일지!$B$5:$B$1004,">="&DATE($B$3,1,1),업무일지!$B$5:$B$1004,"<"&DATE($B$3+1,1,1),업무일지!$E$5:$E$1004,$B35)) | G35: =IF($B35="","",SUMIFS(업무일지!$S$5:$S$1004,업무일지!$B$5:$B$1004,">="&DATE($B$3,1,1),업무일지!$B$5:$B$1004,"<"&DATE($B$3+1,1,1),업무일지!$E$5:$E$1004,$B35)) | H35: =IF($B35="","",SUMIFS(업무일지!$T$5:$T$1004,업무일지!$B$5:$B$1004,">="&DATE($B$3,1,1),업무일지!$B$5:$B$1004,"<"&DATE($B$3+1,1,1),업무일지!$E$5:$E$1004,$B35)) | I35: =IFERROR(SUMIFS(업무일지!$U$5:$U$1004,업무일지!$B$5:$B$1004,">="&DATE($B$3,1,1),업무일지!$B$5:$B$1004,"<"&DATE($B$3+1,1,1),업무일지!$E$5:$E$1004,$B35)/C35,0)
A36: 합계 | C36: =SUM(C23:C35) | D36: =IFERROR(C36/$C$36,0) | E36: =SUM(E23:E35) | F36: =SUM(F23:F35) | G36: =SUM(G23:G35) | H36: =SUM(H23:H35) | I36: =IFERROR(SUMIFS(업무일지!$U$5:$U$1004,업무일지!$B$5:$B$1004,">="&DATE($B$3,1,1),업무일지!$B$5:$B$1004,"<"&DATE($B$3+1,1,1))/C36,0)
A38: 3. 팀별 현황 (연간 누계) ※ 주담당자의 소속팀 기준
A39: 소속팀 | B39: 출장 건수 | C39: 분석 건수 | D39: 전체 건수 | E39: 출장 소요일수 | F39: 연인원(명) | G39: 총 인시(H) | H39: 대상매체(건) | I39: 진행중 건
A40: =IF(코드설정!$I5="","",코드설정!$I5) | B40: =IF($A40="","",COUNTIFS(업무일지!$B$5:$B$1004,">="&DATE($B$3,1,1),업무일지!$B$5:$B$1004,"<"&DATE($B$3+1,1,1),업무일지!$Q$5:$Q$1004,$A40,업무일지!$D$5:$D$1004,"출장")) | C40: =IF($A40="","",COUNTIFS(업무일지!$B$5:$B$1004,">="&DATE($B$3,1,1),업무일지!$B$5:$B$1004,"<"&DATE($B$3+1,1,1),업무일지!$Q$5:$Q$1004,$A40,업무일지!$D$5:$D$1004,"분석")) | D40: =IF($A40="","",B40+C40) | E40: =IF($A40="","",SUMIFS(업무일지!$U$5:$U$1004,업무일지!$B$5:$B$1004,">="&DATE($B$3,1,1),업무일지!$B$5:$B$1004,"<"&DATE($B$3+1,1,1),업무일지!$Q$5:$Q$1004,$A40,업무일지!$D$5:$D$1004,"출장")) | F40: =IF($A40="","",SUMIFS(업무일지!$O$5:$O$1004,업무일지!$B$5:$B$1004,">="&DATE($B$3,1,1),업무일지!$B$5:$B$1004,"<"&DATE($B$3+1,1,1),업무일지!$Q$5:$Q$1004,$A40)) | G40: =IF($A40="","",SUMIFS(업무일지!$W$5:$W$1004,업무일지!$B$5:$B$1004,">="&DATE($B$3,1,1),업무일지!$B$5:$B$1004,"<"&DATE($B$3+1,1,1),업무일지!$Q$5:$Q$1004,$A40)) | H40: =IF($A40="","",SUMIFS(업무일지!$S$5:$S$1004,업무일지!$B$5:$B$1004,">="&DATE($B$3,1,1),업무일지!$B$5:$B$1004,"<"&DATE($B$3+1,1,1),업무일지!$Q$5:$Q$1004,$A40)) | I40: =IF($A40="","",COUNTIFS(업무일지!$B$5:$B$1004,">="&DATE($B$3,1,1),업무일지!$B$5:$B$1004,"<"&DATE($B$3+1,1,1),업무일지!$Q$5:$Q$1004,$A40,업무일지!$X$5:$X$1004,"진행중"))
A41: =IF(코드설정!$I6="","",코드설정!$I6) | B41: =IF($A41="","",COUNTIFS(업무일지!$B$5:$B$1004,">="&DATE($B$3,1,1),업무일지!$B$5:$B$1004,"<"&DATE($B$3+1,1,1),업무일지!$Q$5:$Q$1004,$A41,업무일지!$D$5:$D$1004,"출장")) | C41: =IF($A41="","",COUNTIFS(업무일지!$B$5:$B$1004,">="&DATE($B$3,1,1),업무일지!$B$5:$B$1004,"<"&DATE($B$3+1,1,1),업무일지!$Q$5:$Q$1004,$A41,업무일지!$D$5:$D$1004,"분석")) | D41: =IF($A41="","",B41+C41) | E41: =IF($A41="","",SUMIFS(업무일지!$U$5:$U$1004,업무일지!$B$5:$B$1004,">="&DATE($B$3,1,1),업무일지!$B$5:$B$1004,"<"&DATE($B$3+1,1,1),업무일지!$Q$5:$Q$1004,$A41,업무일지!$D$5:$D$1004,"출장")) | F41: =IF($A41="","",SUMIFS(업무일지!$O$5:$O$1004,업무일지!$B$5:$B$1004,">="&DATE($B$3,1,1),업무일지!$B$5:$B$1004,"<"&DATE($B$3+1,1,1),업무일지!$Q$5:$Q$1004,$A41)) | G41: =IF($A41="","",SUMIFS(업무일지!$W$5:$W$1004,업무일지!$B$5:$B$1004,">="&DATE($B$3,1,1),업무일지!$B$5:$B$1004,"<"&DATE($B$3+1,1,1),업무일지!$Q$5:$Q$1004,$A41)) | H41: =IF($A41="","",SUMIFS(업무일지!$S$5:$S$1004,업무일지!$B$5:$B$1004,">="&DATE($B$3,1,1),업무일지!$B$5:$B$1004,"<"&DATE($B$3+1,1,1),업무일지!$Q$5:$Q$1004,$A41)) | I41: =IF($A41="","",COUNTIFS(업무일지!$B$5:$B$1004,">="&DATE($B$3,1,1),업무일지!$B$5:$B$1004,"<"&DATE($B$3+1,1,1),업무일지!$Q$5:$Q$1004,$A41,업무일지!$X$5:$X$1004,"진행중"))
A42: =IF(코드설정!$I7="","",코드설정!$I7) | B42: =IF($A42="","",COUNTIFS(업무일지!$B$5:$B$1004,">="&DATE($B$3,1,1),업무일지!$B$5:$B$1004,"<"&DATE($B$3+1,1,1),업무일지!$Q$5:$Q$1004,$A42,업무일지!$D$5:$D$1004,"출장")) | C42: =IF($A42="","",COUNTIFS(업무일지!$B$5:$B$1004,">="&DATE($B$3,1,1),업무일지!$B$5:$B$1004,"<"&DATE($B$3+1,1,1),업무일지!$Q$5:$Q$1004,$A42,업무일지!$D$5:$D$1004,"분석")) | D42: =IF($A42="","",B42+C42) | E42: =IF($A42="","",SUMIFS(업무일지!$U$5:$U$1004,업무일지!$B$5:$B$1004,">="&DATE($B$3,1,1),업무일지!$B$5:$B$1004,"<"&DATE($B$3+1,1,1),업무일지!$Q$5:$Q$1004,$A42,업무일지!$D$5:$D$1004,"출장")) | F42: =IF($A42="","",SUMIFS(업무일지!$O$5:$O$1004,업무일지!$B$5:$B$1004,">="&DATE($B$3,1,1),업무일지!$B$5:$B$1004,"<"&DATE($B$3+1,1,1),업무일지!$Q$5:$Q$1004,$A42)) | G42: =IF($A42="","",SUMIFS(업무일지!$W$5:$W$1004,업무일지!$B$5:$B$1004,">="&DATE($B$3,1,1),업무일지!$B$5:$B$1004,"<"&DATE($B$3+1,1,1),업무일지!$Q$5:$Q$1004,$A42)) | H42: =IF($A42="","",SUMIFS(업무일지!$S$5:$S$1004,업무일지!$B$5:$B$1004,">="&DATE($B$3,1,1),업무일지!$B$5:$B$1004,"<"&DATE($B$3+1,1,1),업무일지!$Q$5:$Q$1004,$A42)) | I42: =IF($A42="","",COUNTIFS(업무일지!$B$5:$B$1004,">="&DATE($B$3,1,1),업무일지!$B$5:$B$1004,"<"&DATE($B$3+1,1,1),업무일지!$Q$5:$Q$1004,$A42,업무일지!$X$5:$X$1004,"진행중"))
A43: =IF(코드설정!$I8="","",코드설정!$I8) | B43: =IF($A43="","",COUNTIFS(업무일지!$B$5:$B$1004,">="&DATE($B$3,1,1),업무일지!$B$5:$B$1004,"<"&DATE($B$3+1,1,1),업무일지!$Q$5:$Q$1004,$A43,업무일지!$D$5:$D$1004,"출장")) | C43: =IF($A43="","",COUNTIFS(업무일지!$B$5:$B$1004,">="&DATE($B$3,1,1),업무일지!$B$5:$B$1004,"<"&DATE($B$3+1,1,1),업무일지!$Q$5:$Q$1004,$A43,업무일지!$D$5:$D$1004,"분석")) | D43: =IF($A43="","",B43+C43) | E43: =IF($A43="","",SUMIFS(업무일지!$U$5:$U$1004,업무일지!$B$5:$B$1004,">="&DATE($B$3,1,1),업무일지!$B$5:$B$1004,"<"&DATE($B$3+1,1,1),업무일지!$Q$5:$Q$1004,$A43,업무일지!$D$5:$D$1004,"출장")) | F43: =IF($A43="","",SUMIFS(업무일지!$O$5:$O$1004,업무일지!$B$5:$B$1004,">="&DATE($B$3,1,1),업무일지!$B$5:$B$1004,"<"&DATE($B$3+1,1,1),업무일지!$Q$5:$Q$1004,$A43)) | G43: =IF($A43="","",SUMIFS(업무일지!$W$5:$W$1004,업무일지!$B$5:$B$1004,">="&DATE($B$3,1,1),업무일지!$B$5:$B$1004,"<"&DATE($B$3+1,1,1),업무일지!$Q$5:$Q$1004,$A43)) | H43: =IF($A43="","",SUMIFS(업무일지!$S$5:$S$1004,업무일지!$B$5:$B$1004,">="&DATE($B$3,1,1),업무일지!$B$5:$B$1004,"<"&DATE($B$3+1,1,1),업무일지!$Q$5:$Q$1004,$A43)) | I43: =IF($A43="","",COUNTIFS(업무일지!$B$5:$B$1004,">="&DATE($B$3,1,1),업무일지!$B$5:$B$1004,"<"&DATE($B$3+1,1,1),업무일지!$Q$5:$Q$1004,$A43,업무일지!$X$5:$X$1004,"진행중"))
A44: =IF(코드설정!$I9="","",코드설정!$I9) | B44: =IF($A44="","",COUNTIFS(업무일지!$B$5:$B$1004,">="&DATE($B$3,1,1),업무일지!$B$5:$B$1004,"<"&DATE($B$3+1,1,1),업무일지!$Q$5:$Q$1004,$A44,업무일지!$D$5:$D$1004,"출장")) | C44: =IF($A44="","",COUNTIFS(업무일지!$B$5:$B$1004,">="&DATE($B$3,1,1),업무일지!$B$5:$B$1004,"<"&DATE($B$3+1,1,1),업무일지!$Q$5:$Q$1004,$A44,업무일지!$D$5:$D$1004,"분석")) | D44: =IF($A44="","",B44+C44) | E44: =IF($A44="","",SUMIFS(업무일지!$U$5:$U$1004,업무일지!$B$5:$B$1004,">="&DATE($B$3,1,1),업무일지!$B$5:$B$1004,"<"&DATE($B$3+1,1,1),업무일지!$Q$5:$Q$1004,$A44,업무일지!$D$5:$D$1004,"출장")) | F44: =IF($A44="","",SUMIFS(업무일지!$O$5:$O$1004,업무일지!$B$5:$B$1004,">="&DATE($B$3,1,1),업무일지!$B$5:$B$1004,"<"&DATE($B$3+1,1,1),업무일지!$Q$5:$Q$1004,$A44)) | G44: =IF($A44="","",SUMIFS(업무일지!$W$5:$W$1004,업무일지!$B$5:$B$1004,">="&DATE($B$3,1,1),업무일지!$B$5:$B$1004,"<"&DATE($B$3+1,1,1),업무일지!$Q$5:$Q$1004,$A44)) | H44: =IF($A44="","",SUMIFS(업무일지!$S$5:$S$1004,업무일지!$B$5:$B$1004,">="&DATE($B$3,1,1),업무일지!$B$5:$B$1004,"<"&DATE($B$3+1,1,1),업무일지!$Q$5:$Q$1004,$A44)) | I44: =IF($A44="","",COUNTIFS(업무일지!$B$5:$B$1004,">="&DATE($B$3,1,1),업무일지!$B$5:$B$1004,"<"&DATE($B$3+1,1,1),업무일지!$Q$5:$Q$1004,$A44,업무일지!$X$5:$X$1004,"진행중"))
A45: =IF(코드설정!$I10="","",코드설정!$I10) | B45: =IF($A45="","",COUNTIFS(업무일지!$B$5:$B$1004,">="&DATE($B$3,1,1),업무일지!$B$5:$B$1004,"<"&DATE($B$3+1,1,1),업무일지!$Q$5:$Q$1004,$A45,업무일지!$D$5:$D$1004,"출장")) | C45: =IF($A45="","",COUNTIFS(업무일지!$B$5:$B$1004,">="&DATE($B$3,1,1),업무일지!$B$5:$B$1004,"<"&DATE($B$3+1,1,1),업무일지!$Q$5:$Q$1004,$A45,업무일지!$D$5:$D$1004,"분석")) | D45: =IF($A45="","",B45+C45) | E45: =IF($A45="","",SUMIFS(업무일지!$U$5:$U$1004,업무일지!$B$5:$B$1004,">="&DATE($B$3,1,1),업무일지!$B$5:$B$1004,"<"&DATE($B$3+1,1,1),업무일지!$Q$5:$Q$1004,$A45,업무일지!$D$5:$D$1004,"출장")) | F45: =IF($A45="","",SUMIFS(업무일지!$O$5:$O$1004,업무일지!$B$5:$B$1004,">="&DATE($B$3,1,1),업무일지!$B$5:$B$1004,"<"&DATE($B$3+1,1,1),업무일지!$Q$5:$Q$1004,$A45)) | G45: =IF($A45="","",SUMIFS(업무일지!$W$5:$W$1004,업무일지!$B$5:$B$1004,">="&DATE($B$3,1,1),업무일지!$B$5:$B$1004,"<"&DATE($B$3+1,1,1),업무일지!$Q$5:$Q$1004,$A45)) | H45: =IF($A45="","",SUMIFS(업무일지!$S$5:$S$1004,업무일지!$B$5:$B$1004,">="&DATE($B$3,1,1),업무일지!$B$5:$B$1004,"<"&DATE($B$3+1,1,1),업무일지!$Q$5:$Q$1004,$A45)) | I45: =IF($A45="","",COUNTIFS(업무일지!$B$5:$B$1004,">="&DATE($B$3,1,1),업무일지!$B$5:$B$1004,"<"&DATE($B$3+1,1,1),업무일지!$Q$5:$Q$1004,$A45,업무일지!$X$5:$X$1004,"진행중"))
A46: =IF(코드설정!$I11="","",코드설정!$I11) | B46: =IF($A46="","",COUNTIFS(업무일지!$B$5:$B$1004,">="&DATE($B$3,1,1),업무일지!$B$5:$B$1004,"<"&DATE($B$3+1,1,1),업무일지!$Q$5:$Q$1004,$A46,업무일지!$D$5:$D$1004,"출장")) | C46: =IF($A46="","",COUNTIFS(업무일지!$B$5:$B$1004,">="&DATE($B$3,1,1),업무일지!$B$5:$B$1004,"<"&DATE($B$3+1,1,1),업무일지!$Q$5:$Q$1004,$A46,업무일지!$D$5:$D$1004,"분석")) | D46: =IF($A46="","",B46+C46) | E46: =IF($A46="","",SUMIFS(업무일지!$U$5:$U$1004,업무일지!$B$5:$B$1004,">="&DATE($B$3,1,1),업무일지!$B$5:$B$1004,"<"&DATE($B$3+1,1,1),업무일지!$Q$5:$Q$1004,$A46,업무일지!$D$5:$D$1004,"출장")) | F46: =IF($A46="","",SUMIFS(업무일지!$O$5:$O$1004,업무일지!$B$5:$B$1004,">="&DATE($B$3,1,1),업무일지!$B$5:$B$1004,"<"&DATE($B$3+1,1,1),업무일지!$Q$5:$Q$1004,$A46)) | G46: =IF($A46="","",SUMIFS(업무일지!$W$5:$W$1004,업무일지!$B$5:$B$1004,">="&DATE($B$3,1,1),업무일지!$B$5:$B$1004,"<"&DATE($B$3+1,1,1),업무일지!$Q$5:$Q$1004,$A46)) | H46: =IF($A46="","",SUMIFS(업무일지!$S$5:$S$1004,업무일지!$B$5:$B$1004,">="&DATE($B$3,1,1),업무일지!$B$5:$B$1004,"<"&DATE($B$3+1,1,1),업무일지!$Q$5:$Q$1004,$A46)) | I46: =IF($A46="","",COUNTIFS(업무일지!$B$5:$B$1004,">="&DATE($B$3,1,1),업무일지!$B$5:$B$1004,"<"&DATE($B$3+1,1,1),업무일지!$Q$5:$Q$1004,$A46,업무일지!$X$5:$X$1004,"진행중"))
A47: =IF(코드설정!$I12="","",코드설정!$I12) | B47: =IF($A47="","",COUNTIFS(업무일지!$B$5:$B$1004,">="&DATE($B$3,1,1),업무일지!$B$5:$B$1004,"<"&DATE($B$3+1,1,1),업무일지!$Q$5:$Q$1004,$A47,업무일지!$D$5:$D$1004,"출장")) | C47: =IF($A47="","",COUNTIFS(업무일지!$B$5:$B$1004,">="&DATE($B$3,1,1),업무일지!$B$5:$B$1004,"<"&DATE($B$3+1,1,1),업무일지!$Q$5:$Q$1004,$A47,업무일지!$D$5:$D$1004,"분석")) | D47: =IF($A47="","",B47+C47) | E47: =IF($A47="","",SUMIFS(업무일지!$U$5:$U$1004,업무일지!$B$5:$B$1004,">="&DATE($B$3,1,1),업무일지!$B$5:$B$1004,"<"&DATE($B$3+1,1,1),업무일지!$Q$5:$Q$1004,$A47,업무일지!$D$5:$D$1004,"출장")) | F47: =IF($A47="","",SUMIFS(업무일지!$O$5:$O$1004,업무일지!$B$5:$B$1004,">="&DATE($B$3,1,1),업무일지!$B$5:$B$1004,"<"&DATE($B$3+1,1,1),업무일지!$Q$5:$Q$1004,$A47)) | G47: =IF($A47="","",SUMIFS(업무일지!$W$5:$W$1004,업무일지!$B$5:$B$1004,">="&DATE($B$3,1,1),업무일지!$B$5:$B$1004,"<"&DATE($B$3+1,1,1),업무일지!$Q$5:$Q$1004,$A47)) | H47: =IF($A47="","",SUMIFS(업무일지!$S$5:$S$1004,업무일지!$B$5:$B$1004,">="&DATE($B$3,1,1),업무일지!$B$5:$B$1004,"<"&DATE($B$3+1,1,1),업무일지!$Q$5:$Q$1004,$A47)) | I47: =IF($A47="","",COUNTIFS(업무일지!$B$5:$B$1004,">="&DATE($B$3,1,1),업무일지!$B$5:$B$1004,"<"&DATE($B$3+1,1,1),업무일지!$Q$5:$Q$1004,$A47,업무일지!$X$5:$X$1004,"진행중"))
A48: =IF(코드설정!$I13="","",코드설정!$I13) | B48: =IF($A48="","",COUNTIFS(업무일지!$B$5:$B$1004,">="&DATE($B$3,1,1),업무일지!$B$5:$B$1004,"<"&DATE($B$3+1,1,1),업무일지!$Q$5:$Q$1004,$A48,업무일지!$D$5:$D$1004,"출장")) | C48: =IF($A48="","",COUNTIFS(업무일지!$B$5:$B$1004,">="&DATE($B$3,1,1),업무일지!$B$5:$B$1004,"<"&DATE($B$3+1,1,1),업무일지!$Q$5:$Q$1004,$A48,업무일지!$D$5:$D$1004,"분석")) | D48: =IF($A48="","",B48+C48) | E48: =IF($A48="","",SUMIFS(업무일지!$U$5:$U$1004,업무일지!$B$5:$B$1004,">="&DATE($B$3,1,1),업무일지!$B$5:$B$1004,"<"&DATE($B$3+1,1,1),업무일지!$Q$5:$Q$1004,$A48,업무일지!$D$5:$D$1004,"출장")) | F48: =IF($A48="","",SUMIFS(업무일지!$O$5:$O$1004,업무일지!$B$5:$B$1004,">="&DATE($B$3,1,1),업무일지!$B$5:$B$1004,"<"&DATE($B$3+1,1,1),업무일지!$Q$5:$Q$1004,$A48)) | G48: =IF($A48="","",SUMIFS(업무일지!$W$5:$W$1004,업무일지!$B$5:$B$1004,">="&DATE($B$3,1,1),업무일지!$B$5:$B$1004,"<"&DATE($B$3+1,1,1),업무일지!$Q$5:$Q$1004,$A48)) | H48: =IF($A48="","",SUMIFS(업무일지!$S$5:$S$1004,업무일지!$B$5:$B$1004,">="&DATE($B$3,1,1),업무일지!$B$5:$B$1004,"<"&DATE($B$3+1,1,1),업무일지!$Q$5:$Q$1004,$A48)) | I48: =IF($A48="","",COUNTIFS(업무일지!$B$5:$B$1004,">="&DATE($B$3,1,1),업무일지!$B$5:$B$1004,"<"&DATE($B$3+1,1,1),업무일지!$Q$5:$Q$1004,$A48,업무일지!$X$5:$X$1004,"진행중"))
A49: =IF(코드설정!$I14="","",코드설정!$I14) | B49: =IF($A49="","",COUNTIFS(업무일지!$B$5:$B$1004,">="&DATE($B$3,1,1),업무일지!$B$5:$B$1004,"<"&DATE($B$3+1,1,1),업무일지!$Q$5:$Q$1004,$A49,업무일지!$D$5:$D$1004,"출장")) | C49: =IF($A49="","",COUNTIFS(업무일지!$B$5:$B$1004,">="&DATE($B$3,1,1),업무일지!$B$5:$B$1004,"<"&DATE($B$3+1,1,1),업무일지!$Q$5:$Q$1004,$A49,업무일지!$D$5:$D$1004,"분석")) | D49: =IF($A49="","",B49+C49) | E49: =IF($A49="","",SUMIFS(업무일지!$U$5:$U$1004,업무일지!$B$5:$B$1004,">="&DATE($B$3,1,1),업무일지!$B$5:$B$1004,"<"&DATE($B$3+1,1,1),업무일지!$Q$5:$Q$1004,$A49,업무일지!$D$5:$D$1004,"출장")) | F49: =IF($A49="","",SUMIFS(업무일지!$O$5:$O$1004,업무일지!$B$5:$B$1004,">="&DATE($B$3,1,1),업무일지!$B$5:$B$1004,"<"&DATE($B$3+1,1,1),업무일지!$Q$5:$Q$1004,$A49)) | G49: =IF($A49="","",SUMIFS(업무일지!$W$5:$W$1004,업무일지!$B$5:$B$1004,">="&DATE($B$3,1,1),업무일지!$B$5:$B$1004,"<"&DATE($B$3+1,1,1),업무일지!$Q$5:$Q$1004,$A49)) | H49: =IF($A49="","",SUMIFS(업무일지!$S$5:$S$1004,업무일지!$B$5:$B$1004,">="&DATE($B$3,1,1),업무일지!$B$5:$B$1004,"<"&DATE($B$3+1,1,1),업무일지!$Q$5:$Q$1004,$A49)) | I49: =IF($A49="","",COUNTIFS(업무일지!$B$5:$B$1004,">="&DATE($B$3,1,1),업무일지!$B$5:$B$1004,"<"&DATE($B$3+1,1,1),업무일지!$Q$5:$Q$1004,$A49,업무일지!$X$5:$X$1004,"진행중"))
A50: 합계 | B50: =SUM(B40:B49) | C50: =SUM(C40:C49) | D50: =SUM(D40:D49) | E50: =SUM(E40:E49) | F50: =SUM(F40:F49) | G50: =SUM(G40:G49) | H50: =SUM(H40:H49) | I50: =SUM(I40:I49)
A52: 4. 진행상태별 · 요청·의뢰처별 현황 (연간 누계)
A53: 진행상태 | B53: 출장 | C53: 분석 | D53: 합계 | F53: 요청·의뢰처 | G53: 출장 | H53: 분석 | I53: 합계 | J53: 총 인시(H)
A54: =IF(코드설정!$F5="","",코드설정!$F5) | B54: =IF($A54="","",COUNTIFS(업무일지!$B$5:$B$1004,">="&DATE($B$3,1,1),업무일지!$B$5:$B$1004,"<"&DATE($B$3+1,1,1),업무일지!$X$5:$X$1004,$A54,업무일지!$D$5:$D$1004,"출장")) | C54: =IF($A54="","",COUNTIFS(업무일지!$B$5:$B$1004,">="&DATE($B$3,1,1),업무일지!$B$5:$B$1004,"<"&DATE($B$3+1,1,1),업무일지!$X$5:$X$1004,$A54,업무일지!$D$5:$D$1004,"분석")) | D54: =IF($A54="","",B54+C54) | F54: =IF(코드설정!$E5="","",코드설정!$E5) | G54: =IF($F54="","",COUNTIFS(업무일지!$B$5:$B$1004,">="&DATE($B$3,1,1),업무일지!$B$5:$B$1004,"<"&DATE($B$3+1,1,1),업무일지!$H$5:$H$1004,$F54,업무일지!$D$5:$D$1004,"출장")) | H54: =IF($F54="","",COUNTIFS(업무일지!$B$5:$B$1004,">="&DATE($B$3,1,1),업무일지!$B$5:$B$1004,"<"&DATE($B$3+1,1,1),업무일지!$H$5:$H$1004,$F54,업무일지!$D$5:$D$1004,"분석")) | I54: =IF($F54="","",G54+H54) | J54: =IF($F54="","",SUMIFS(업무일지!$W$5:$W$1004,업무일지!$B$5:$B$1004,">="&DATE($B$3,1,1),업무일지!$B$5:$B$1004,"<"&DATE($B$3+1,1,1),업무일지!$H$5:$H$1004,$F54))
A55: =IF(코드설정!$F6="","",코드설정!$F6) | B55: =IF($A55="","",COUNTIFS(업무일지!$B$5:$B$1004,">="&DATE($B$3,1,1),업무일지!$B$5:$B$1004,"<"&DATE($B$3+1,1,1),업무일지!$X$5:$X$1004,$A55,업무일지!$D$5:$D$1004,"출장")) | C55: =IF($A55="","",COUNTIFS(업무일지!$B$5:$B$1004,">="&DATE($B$3,1,1),업무일지!$B$5:$B$1004,"<"&DATE($B$3+1,1,1),업무일지!$X$5:$X$1004,$A55,업무일지!$D$5:$D$1004,"분석")) | D55: =IF($A55="","",B55+C55) | F55: =IF(코드설정!$E6="","",코드설정!$E6) | G55: =IF($F55="","",COUNTIFS(업무일지!$B$5:$B$1004,">="&DATE($B$3,1,1),업무일지!$B$5:$B$1004,"<"&DATE($B$3+1,1,1),업무일지!$H$5:$H$1004,$F55,업무일지!$D$5:$D$1004,"출장")) | H55: =IF($F55="","",COUNTIFS(업무일지!$B$5:$B$1004,">="&DATE($B$3,1,1),업무일지!$B$5:$B$1004,"<"&DATE($B$3+1,1,1),업무일지!$H$5:$H$1004,$F55,업무일지!$D$5:$D$1004,"분석")) | I55: =IF($F55="","",G55+H55) | J55: =IF($F55="","",SUMIFS(업무일지!$W$5:$W$1004,업무일지!$B$5:$B$1004,">="&DATE($B$3,1,1),업무일지!$B$5:$B$1004,"<"&DATE($B$3+1,1,1),업무일지!$H$5:$H$1004,$F55))
A56: =IF(코드설정!$F7="","",코드설정!$F7) | B56: =IF($A56="","",COUNTIFS(업무일지!$B$5:$B$1004,">="&DATE($B$3,1,1),업무일지!$B$5:$B$1004,"<"&DATE($B$3+1,1,1),업무일지!$X$5:$X$1004,$A56,업무일지!$D$5:$D$1004,"출장")) | C56: =IF($A56="","",COUNTIFS(업무일지!$B$5:$B$1004,">="&DATE($B$3,1,1),업무일지!$B$5:$B$1004,"<"&DATE($B$3+1,1,1),업무일지!$X$5:$X$1004,$A56,업무일지!$D$5:$D$1004,"분석")) | D56: =IF($A56="","",B56+C56) | F56: =IF(코드설정!$E7="","",코드설정!$E7) | G56: =IF($F56="","",COUNTIFS(업무일지!$B$5:$B$1004,">="&DATE($B$3,1,1),업무일지!$B$5:$B$1004,"<"&DATE($B$3+1,1,1),업무일지!$H$5:$H$1004,$F56,업무일지!$D$5:$D$1004,"출장")) | H56: =IF($F56="","",COUNTIFS(업무일지!$B$5:$B$1004,">="&DATE($B$3,1,1),업무일지!$B$5:$B$1004,"<"&DATE($B$3+1,1,1),업무일지!$H$5:$H$1004,$F56,업무일지!$D$5:$D$1004,"분석")) | I56: =IF($F56="","",G56+H56) | J56: =IF($F56="","",SUMIFS(업무일지!$W$5:$W$1004,업무일지!$B$5:$B$1004,">="&DATE($B$3,1,1),업무일지!$B$5:$B$1004,"<"&DATE($B$3+1,1,1),업무일지!$H$5:$H$1004,$F56))
F57: =IF(코드설정!$E8="","",코드설정!$E8) | G57: =IF($F57="","",COUNTIFS(업무일지!$B$5:$B$1004,">="&DATE($B$3,1,1),업무일지!$B$5:$B$1004,"<"&DATE($B$3+1,1,1),업무일지!$H$5:$H$1004,$F57,업무일지!$D$5:$D$1004,"출장")) | H57: =IF($F57="","",COUNTIFS(업무일지!$B$5:$B$1004,">="&DATE($B$3,1,1),업무일지!$B$5:$B$1004,"<"&DATE($B$3+1,1,1),업무일지!$H$5:$H$1004,$F57,업무일지!$D$5:$D$1004,"분석")) | I57: =IF($F57="","",G57+H57) | J57: =IF($F57="","",SUMIFS(업무일지!$W$5:$W$1004,업무일지!$B$5:$B$1004,">="&DATE($B$3,1,1),업무일지!$B$5:$B$1004,"<"&DATE($B$3+1,1,1),업무일지!$H$5:$H$1004,$F57))
F58: =IF(코드설정!$E9="","",코드설정!$E9) | G58: =IF($F58="","",COUNTIFS(업무일지!$B$5:$B$1004,">="&DATE($B$3,1,1),업무일지!$B$5:$B$1004,"<"&DATE($B$3+1,1,1),업무일지!$H$5:$H$1004,$F58,업무일지!$D$5:$D$1004,"출장")) | H58: =IF($F58="","",COUNTIFS(업무일지!$B$5:$B$1004,">="&DATE($B$3,1,1),업무일지!$B$5:$B$1004,"<"&DATE($B$3+1,1,1),업무일지!$H$5:$H$1004,$F58,업무일지!$D$5:$D$1004,"분석")) | I58: =IF($F58="","",G58+H58) | J58: =IF($F58="","",SUMIFS(업무일지!$W$5:$W$1004,업무일지!$B$5:$B$1004,">="&DATE($B$3,1,1),업무일지!$B$5:$B$1004,"<"&DATE($B$3+1,1,1),업무일지!$H$5:$H$1004,$F58))
F59: =IF(코드설정!$E10="","",코드설정!$E10) | G59: =IF($F59="","",COUNTIFS(업무일지!$B$5:$B$1004,">="&DATE($B$3,1,1),업무일지!$B$5:$B$1004,"<"&DATE($B$3+1,1,1),업무일지!$H$5:$H$1004,$F59,업무일지!$D$5:$D$1004,"출장")) | H59: =IF($F59="","",COUNTIFS(업무일지!$B$5:$B$1004,">="&DATE($B$3,1,1),업무일지!$B$5:$B$1004,"<"&DATE($B$3+1,1,1),업무일지!$H$5:$H$1004,$F59,업무일지!$D$5:$D$1004,"분석")) | I59: =IF($F59="","",G59+H59) | J59: =IF($F59="","",SUMIFS(업무일지!$W$5:$W$1004,업무일지!$B$5:$B$1004,">="&DATE($B$3,1,1),업무일지!$B$5:$B$1004,"<"&DATE($B$3+1,1,1),업무일지!$H$5:$H$1004,$F59))
F60: =IF(코드설정!$E11="","",코드설정!$E11) | G60: =IF($F60="","",COUNTIFS(업무일지!$B$5:$B$1004,">="&DATE($B$3,1,1),업무일지!$B$5:$B$1004,"<"&DATE($B$3+1,1,1),업무일지!$H$5:$H$1004,$F60,업무일지!$D$5:$D$1004,"출장")) | H60: =IF($F60="","",COUNTIFS(업무일지!$B$5:$B$1004,">="&DATE($B$3,1,1),업무일지!$B$5:$B$1004,"<"&DATE($B$3+1,1,1),업무일지!$H$5:$H$1004,$F60,업무일지!$D$5:$D$1004,"분석")) | I60: =IF($F60="","",G60+H60) | J60: =IF($F60="","",SUMIFS(업무일지!$W$5:$W$1004,업무일지!$B$5:$B$1004,">="&DATE($B$3,1,1),업무일지!$B$5:$B$1004,"<"&DATE($B$3+1,1,1),업무일지!$H$5:$H$1004,$F60))
F61: =IF(코드설정!$E12="","",코드설정!$E12) | G61: =IF($F61="","",COUNTIFS(업무일지!$B$5:$B$1004,">="&DATE($B$3,1,1),업무일지!$B$5:$B$1004,"<"&DATE($B$3+1,1,1),업무일지!$H$5:$H$1004,$F61,업무일지!$D$5:$D$1004,"출장")) | H61: =IF($F61="","",COUNTIFS(업무일지!$B$5:$B$1004,">="&DATE($B$3,1,1),업무일지!$B$5:$B$1004,"<"&DATE($B$3+1,1,1),업무일지!$H$5:$H$1004,$F61,업무일지!$D$5:$D$1004,"분석")) | I61: =IF($F61="","",G61+H61) | J61: =IF($F61="","",SUMIFS(업무일지!$W$5:$W$1004,업무일지!$B$5:$B$1004,">="&DATE($B$3,1,1),업무일지!$B$5:$B$1004,"<"&DATE($B$3+1,1,1),업무일지!$H$5:$H$1004,$F61))
F62: =IF(코드설정!$E13="","",코드설정!$E13) | G62: =IF($F62="","",COUNTIFS(업무일지!$B$5:$B$1004,">="&DATE($B$3,1,1),업무일지!$B$5:$B$1004,"<"&DATE($B$3+1,1,1),업무일지!$H$5:$H$1004,$F62,업무일지!$D$5:$D$1004,"출장")) | H62: =IF($F62="","",COUNTIFS(업무일지!$B$5:$B$1004,">="&DATE($B$3,1,1),업무일지!$B$5:$B$1004,"<"&DATE($B$3+1,1,1),업무일지!$H$5:$H$1004,$F62,업무일지!$D$5:$D$1004,"분석")) | I62: =IF($F62="","",G62+H62) | J62: =IF($F62="","",SUMIFS(업무일지!$W$5:$W$1004,업무일지!$B$5:$B$1004,">="&DATE($B$3,1,1),업무일지!$B$5:$B$1004,"<"&DATE($B$3+1,1,1),업무일지!$H$5:$H$1004,$F62))
F63: =IF(코드설정!$E14="","",코드설정!$E14) | G63: =IF($F63="","",COUNTIFS(업무일지!$B$5:$B$1004,">="&DATE($B$3,1,1),업무일지!$B$5:$B$1004,"<"&DATE($B$3+1,1,1),업무일지!$H$5:$H$1004,$F63,업무일지!$D$5:$D$1004,"출장")) | H63: =IF($F63="","",COUNTIFS(업무일지!$B$5:$B$1004,">="&DATE($B$3,1,1),업무일지!$B$5:$B$1004,"<"&DATE($B$3+1,1,1),업무일지!$H$5:$H$1004,$F63,업무일지!$D$5:$D$1004,"분석")) | I63: =IF($F63="","",G63+H63) | J63: =IF($F63="","",SUMIFS(업무일지!$W$5:$W$1004,업무일지!$B$5:$B$1004,">="&DATE($B$3,1,1),업무일지!$B$5:$B$1004,"<"&DATE($B$3+1,1,1),업무일지!$H$5:$H$1004,$F63))
A65: 5. 일일 실시사항 요약 (연간 누계)
A66: 업무구분 | B66: 건수 | C66: 투입시간(H) | D66: 비중 | E66: 진행중 건
A67: =IF(코드설정!$G5="","",코드설정!$G5) | B67: =IF($A67="","",COUNTIFS(일일실시사항!$B$5:$B$1004,">="&DATE($B$3,1,1),일일실시사항!$B$5:$B$1004,"<"&DATE($B$3+1,1,1),일일실시사항!$F$5:$F$1004,$A67)) | C67: =IF($A67="","",SUMIFS(일일실시사항!$J$5:$J$1004,일일실시사항!$B$5:$B$1004,">="&DATE($B$3,1,1),일일실시사항!$B$5:$B$1004,"<"&DATE($B$3+1,1,1),일일실시사항!$F$5:$F$1004,$A67)) | D67: =IFERROR(B67/$B$77,0) | E67: =IF($A67="","",COUNTIFS(일일실시사항!$B$5:$B$1004,">="&DATE($B$3,1,1),일일실시사항!$B$5:$B$1004,"<"&DATE($B$3+1,1,1),일일실시사항!$F$5:$F$1004,$A67,일일실시사항!$K$5:$K$1004,"진행중"))
A68: =IF(코드설정!$G6="","",코드설정!$G6) | B68: =IF($A68="","",COUNTIFS(일일실시사항!$B$5:$B$1004,">="&DATE($B$3,1,1),일일실시사항!$B$5:$B$1004,"<"&DATE($B$3+1,1,1),일일실시사항!$F$5:$F$1004,$A68)) | C68: =IF($A68="","",SUMIFS(일일실시사항!$J$5:$J$1004,일일실시사항!$B$5:$B$1004,">="&DATE($B$3,1,1),일일실시사항!$B$5:$B$1004,"<"&DATE($B$3+1,1,1),일일실시사항!$F$5:$F$1004,$A68)) | D68: =IFERROR(B68/$B$77,0) | E68: =IF($A68="","",COUNTIFS(일일실시사항!$B$5:$B$1004,">="&DATE($B$3,1,1),일일실시사항!$B$5:$B$1004,"<"&DATE($B$3+1,1,1),일일실시사항!$F$5:$F$1004,$A68,일일실시사항!$K$5:$K$1004,"진행중"))
A69: =IF(코드설정!$G7="","",코드설정!$G7) | B69: =IF($A69="","",COUNTIFS(일일실시사항!$B$5:$B$1004,">="&DATE($B$3,1,1),일일실시사항!$B$5:$B$1004,"<"&DATE($B$3+1,1,1),일일실시사항!$F$5:$F$1004,$A69)) | C69: =IF($A69="","",SUMIFS(일일실시사항!$J$5:$J$1004,일일실시사항!$B$5:$B$1004,">="&DATE($B$3,1,1),일일실시사항!$B$5:$B$1004,"<"&DATE($B$3+1,1,1),일일실시사항!$F$5:$F$1004,$A69)) | D69: =IFERROR(B69/$B$77,0) | E69: =IF($A69="","",COUNTIFS(일일실시사항!$B$5:$B$1004,">="&DATE($B$3,1,1),일일실시사항!$B$5:$B$1004,"<"&DATE($B$3+1,1,1),일일실시사항!$F$5:$F$1004,$A69,일일실시사항!$K$5:$K$1004,"진행중"))
A70: =IF(코드설정!$G8="","",코드설정!$G8) | B70: =IF($A70="","",COUNTIFS(일일실시사항!$B$5:$B$1004,">="&DATE($B$3,1,1),일일실시사항!$B$5:$B$1004,"<"&DATE($B$3+1,1,1),일일실시사항!$F$5:$F$1004,$A70)) | C70: =IF($A70="","",SUMIFS(일일실시사항!$J$5:$J$1004,일일실시사항!$B$5:$B$1004,">="&DATE($B$3,1,1),일일실시사항!$B$5:$B$1004,"<"&DATE($B$3+1,1,1),일일실시사항!$F$5:$F$1004,$A70)) | D70: =IFERROR(B70/$B$77,0) | E70: =IF($A70="","",COUNTIFS(일일실시사항!$B$5:$B$1004,">="&DATE($B$3,1,1),일일실시사항!$B$5:$B$1004,"<"&DATE($B$3+1,1,1),일일실시사항!$F$5:$F$1004,$A70,일일실시사항!$K$5:$K$1004,"진행중"))
A71: =IF(코드설정!$G9="","",코드설정!$G9) | B71: =IF($A71="","",COUNTIFS(일일실시사항!$B$5:$B$1004,">="&DATE($B$3,1,1),일일실시사항!$B$5:$B$1004,"<"&DATE($B$3+1,1,1),일일실시사항!$F$5:$F$1004,$A71)) | C71: =IF($A71="","",SUMIFS(일일실시사항!$J$5:$J$1004,일일실시사항!$B$5:$B$1004,">="&DATE($B$3,1,1),일일실시사항!$B$5:$B$1004,"<"&DATE($B$3+1,1,1),일일실시사항!$F$5:$F$1004,$A71)) | D71: =IFERROR(B71/$B$77,0) | E71: =IF($A71="","",COUNTIFS(일일실시사항!$B$5:$B$1004,">="&DATE($B$3,1,1),일일실시사항!$B$5:$B$1004,"<"&DATE($B$3+1,1,1),일일실시사항!$F$5:$F$1004,$A71,일일실시사항!$K$5:$K$1004,"진행중"))
A72: =IF(코드설정!$G10="","",코드설정!$G10) | B72: =IF($A72="","",COUNTIFS(일일실시사항!$B$5:$B$1004,">="&DATE($B$3,1,1),일일실시사항!$B$5:$B$1004,"<"&DATE($B$3+1,1,1),일일실시사항!$F$5:$F$1004,$A72)) | C72: =IF($A72="","",SUMIFS(일일실시사항!$J$5:$J$1004,일일실시사항!$B$5:$B$1004,">="&DATE($B$3,1,1),일일실시사항!$B$5:$B$1004,"<"&DATE($B$3+1,1,1),일일실시사항!$F$5:$F$1004,$A72)) | D72: =IFERROR(B72/$B$77,0) | E72: =IF($A72="","",COUNTIFS(일일실시사항!$B$5:$B$1004,">="&DATE($B$3,1,1),일일실시사항!$B$5:$B$1004,"<"&DATE($B$3+1,1,1),일일실시사항!$F$5:$F$1004,$A72,일일실시사항!$K$5:$K$1004,"진행중"))
A73: =IF(코드설정!$G11="","",코드설정!$G11) | B73: =IF($A73="","",COUNTIFS(일일실시사항!$B$5:$B$1004,">="&DATE($B$3,1,1),일일실시사항!$B$5:$B$1004,"<"&DATE($B$3+1,1,1),일일실시사항!$F$5:$F$1004,$A73)) | C73: =IF($A73="","",SUMIFS(일일실시사항!$J$5:$J$1004,일일실시사항!$B$5:$B$1004,">="&DATE($B$3,1,1),일일실시사항!$B$5:$B$1004,"<"&DATE($B$3+1,1,1),일일실시사항!$F$5:$F$1004,$A73)) | D73: =IFERROR(B73/$B$77,0) | E73: =IF($A73="","",COUNTIFS(일일실시사항!$B$5:$B$1004,">="&DATE($B$3,1,1),일일실시사항!$B$5:$B$1004,"<"&DATE($B$3+1,1,1),일일실시사항!$F$5:$F$1004,$A73,일일실시사항!$K$5:$K$1004,"진행중"))
A74: =IF(코드설정!$G12="","",코드설정!$G12) | B74: =IF($A74="","",COUNTIFS(일일실시사항!$B$5:$B$1004,">="&DATE($B$3,1,1),일일실시사항!$B$5:$B$1004,"<"&DATE($B$3+1,1,1),일일실시사항!$F$5:$F$1004,$A74)) | C74: =IF($A74="","",SUMIFS(일일실시사항!$J$5:$J$1004,일일실시사항!$B$5:$B$1004,">="&DATE($B$3,1,1),일일실시사항!$B$5:$B$1004,"<"&DATE($B$3+1,1,1),일일실시사항!$F$5:$F$1004,$A74)) | D74: =IFERROR(B74/$B$77,0) | E74: =IF($A74="","",COUNTIFS(일일실시사항!$B$5:$B$1004,">="&DATE($B$3,1,1),일일실시사항!$B$5:$B$1004,"<"&DATE($B$3+1,1,1),일일실시사항!$F$5:$F$1004,$A74,일일실시사항!$K$5:$K$1004,"진행중"))
A75: =IF(코드설정!$G13="","",코드설정!$G13) | B75: =IF($A75="","",COUNTIFS(일일실시사항!$B$5:$B$1004,">="&DATE($B$3,1,1),일일실시사항!$B$5:$B$1004,"<"&DATE($B$3+1,1,1),일일실시사항!$F$5:$F$1004,$A75)) | C75: =IF($A75="","",SUMIFS(일일실시사항!$J$5:$J$1004,일일실시사항!$B$5:$B$1004,">="&DATE($B$3,1,1),일일실시사항!$B$5:$B$1004,"<"&DATE($B$3+1,1,1),일일실시사항!$F$5:$F$1004,$A75)) | D75: =IFERROR(B75/$B$77,0) | E75: =IF($A75="","",COUNTIFS(일일실시사항!$B$5:$B$1004,">="&DATE($B$3,1,1),일일실시사항!$B$5:$B$1004,"<"&DATE($B$3+1,1,1),일일실시사항!$F$5:$F$1004,$A75,일일실시사항!$K$5:$K$1004,"진행중"))
A76: =IF(코드설정!$G14="","",코드설정!$G14) | B76: =IF($A76="","",COUNTIFS(일일실시사항!$B$5:$B$1004,">="&DATE($B$3,1,1),일일실시사항!$B$5:$B$1004,"<"&DATE($B$3+1,1,1),일일실시사항!$F$5:$F$1004,$A76)) | C76: =IF($A76="","",SUMIFS(일일실시사항!$J$5:$J$1004,일일실시사항!$B$5:$B$1004,">="&DATE($B$3,1,1),일일실시사항!$B$5:$B$1004,"<"&DATE($B$3+1,1,1),일일실시사항!$F$5:$F$1004,$A76)) | D76: =IFERROR(B76/$B$77,0) | E76: =IF($A76="","",COUNTIFS(일일실시사항!$B$5:$B$1004,">="&DATE($B$3,1,1),일일실시사항!$B$5:$B$1004,"<"&DATE($B$3+1,1,1),일일실시사항!$F$5:$F$1004,$A76,일일실시사항!$K$5:$K$1004,"진행중"))
A77: 합계 | B77: =SUM(B67:B76) | C77: =SUM(C67:C76) | D77: =IFERROR(B77/$B$77,0) | E77: =SUM(E67:E76)
A79: ※ 연인원 = 각 건의 투입인원을 그대로 합산한 값(같은 사람이 여러 건에 참여하면 중복 계상)입니다.
A80: ※ 팀별 현황은 주담당자의 소속팀 기준이므로, 다른 팀 인원이 참여자로 함께 나간 건은 주담당 팀에 집계됩니다.

Sheet 사건별 현황
A1: 사건별 현황 · 사건번호 기준 통합
A2: ※ [사건마스터]에 등록한 사건이 그대로 내려옵니다 — 여기에 따로 입력할 것은 없습니다. ※ 연도 구분 없이 전체 기간 누계입니다(해를 넘긴 사건도 한 줄). ※ 배정인원은 [사건마스터]의 배정표 기준입니다.
A4: 1. 사건별 종합
A5: 사건번호 | B5: 사건명 | C5: 요청·의뢰처 | D5: 주담당 | E5: 배정인원(명) | F5: 출장 건수 | G5: 분석 건수 | H5: 전체 건수 | I5: 출장 소요일수 | J5: 총 인시(H) | K5: 대상매체(건) | L5: 데이터량(GB) | M5: 일일지원(건) | N5: 최초 착수일 | O5: 최종 종료일 | P5: 처리기간(일) | Q5: 진행상태
A6: =IF(사건마스터!$A5="","",사건마스터!$A5) | B6: =IF($A6="","",사건마스터!$B5) | C6: =IF($A6="","",사건마스터!$C5) | D6: =IF($A6="","",사건마스터!$H5) | E6: =IF($A6="","",사건마스터!$G5) | F6: =IF($A6="","",COUNTIFS(업무일지!$F$5:$F$1004,$A6,업무일지!$D$5:$D$1004,"출장")) | G6: =IF($A6="","",COUNTIFS(업무일지!$F$5:$F$1004,$A6,업무일지!$D$5:$D$1004,"분석")) | H6: =IF($A6="","",F6+G6) | I6: =IF($A6="","",SUMIFS(업무일지!$U$5:$U$1004,업무일지!$F$5:$F$1004,$A6,업무일지!$D$5:$D$1004,"출장")) | J6: =IF($A6="","",SUMIFS(업무일지!$W$5:$W$1004,업무일지!$F$5:$F$1004,$A6)) | K6: =IF($A6="","",SUMIFS(업무일지!$S$5:$S$1004,업무일지!$F$5:$F$1004,$A6)) | L6: =IF($A6="","",SUMIFS(업무일지!$T$5:$T$1004,업무일지!$F$5:$F$1004,$A6)) | M6: =IF($A6="","",COUNTIFS(일일실시사항!$G$5:$G$1004,$A6)) | N6: =IF($A6="","",IFERROR(IF(_xlfn.MINIFS(업무일지!$B$5:$B$1004,업무일지!$F$5:$F$1004,$A6)=0,"",_xlfn.MINIFS(업무일지!$B$5:$B$1004,업무일지!$F$5:$F$1004,$A6)),"")) | O6: =IF($A6="","",IFERROR(IF(_xlfn.MAXIFS(업무일지!$C$5:$C$1004,업무일지!$F$5:$F$1004,$A6)=0,"",_xlfn.MAXIFS(업무일지!$C$5:$C$1004,업무일지!$F$5:$F$1004,$A6)),"")) | P6: =IF(OR($N6="",$O6=""),"",$O6-$N6+1) | Q6: =IF($A6="","",사건마스터!$E5)
A7: =IF(사건마스터!$A6="","",사건마스터!$A6) | B7: =IF($A7="","",사건마스터!$B6) | C7: =IF($A7="","",사건마스터!$C6) | D7: =IF($A7="","",사건마스터!$H6) | E7: =IF($A7="","",사건마스터!$G6) | F7: =IF($A7="","",COUNTIFS(업무일지!$F$5:$F$1004,$A7,업무일지!$D$5:$D$1004,"출장")) | G7: =IF($A7="","",COUNTIFS(업무일지!$F$5:$F$1004,$A7,업무일지!$D$5:$D$1004,"분석")) | H7: =IF($A7="","",F7+G7) | I7: =IF($A7="","",SUMIFS(업무일지!$U$5:$U$1004,업무일지!$F$5:$F$1004,$A7,업무일지!$D$5:$D$1004,"출장")) | J7: =IF($A7="","",SUMIFS(업무일지!$W$5:$W$1004,업무일지!$F$5:$F$1004,$A7)) | K7: =IF($A7="","",SUMIFS(업무일지!$S$5:$S$1004,업무일지!$F$5:$F$1004,$A7)) | L7: =IF($A7="","",SUMIFS(업무일지!$T$5:$T$1004,업무일지!$F$5:$F$1004,$A7)) | M7: =IF($A7="","",COUNTIFS(일일실시사항!$G$5:$G$1004,$A7)) | N7: =IF($A7="","",IFERROR(IF(_xlfn.MINIFS(업무일지!$B$5:$B$1004,업무일지!$F$5:$F$1004,$A7)=0,"",_xlfn.MINIFS(업무일지!$B$5:$B$1004,업무일지!$F$5:$F$1004,$A7)),"")) | O7: =IF($A7="","",IFERROR(IF(_xlfn.MAXIFS(업무일지!$C$5:$C$1004,업무일지!$F$5:$F$1004,$A7)=0,"",_xlfn.MAXIFS(업무일지!$C$5:$C$1004,업무일지!$F$5:$F$1004,$A7)),"")) | P7: =IF(OR($N7="",$O7=""),"",$O7-$N7+1) | Q7: =IF($A7="","",사건마스터!$E6)
A8: =IF(사건마스터!$A7="","",사건마스터!$A7) | B8: =IF($A8="","",사건마스터!$B7) | C8: =IF($A8="","",사건마스터!$C7) | D8: =IF($A8="","",사건마스터!$H7) | E8: =IF($A8="","",사건마스터!$G7) | F8: =IF($A8="","",COUNTIFS(업무일지!$F$5:$F$1004,$A8,업무일지!$D$5:$D$1004,"출장")) | G8: =IF($A8="","",COUNTIFS(업무일지!$F$5:$F$1004,$A8,업무일지!$D$5:$D$1004,"분석")) | H8: =IF($A8="","",F8+G8) | I8: =IF($A8="","",SUMIFS(업무일지!$U$5:$U$1004,업무일지!$F$5:$F$1004,$A8,업무일지!$D$5:$D$1004,"출장")) | J8: =IF($A8="","",SUMIFS(업무일지!$W$5:$W$1004,업무일지!$F$5:$F$1004,$A8)) | K8: =IF($A8="","",SUMIFS(업무일지!$S$5:$S$1004,업무일지!$F$5:$F$1004,$A8)) | L8: =IF($A8="","",SUMIFS(업무일지!$T$5:$T$1004,업무일지!$F$5:$F$1004,$A8)) | M8: =IF($A8="","",COUNTIFS(일일실시사항!$G$5:$G$1004,$A8)) | N8: =IF($A8="","",IFERROR(IF(_xlfn.MINIFS(업무일지!$B$5:$B$1004,업무일지!$F$5:$F$1004,$A8)=0,"",_xlfn.MINIFS(업무일지!$B$5:$B$1004,업무일지!$F$5:$F$1004,$A8)),"")) | O8: =IF($A8="","",IFERROR(IF(_xlfn.MAXIFS(업무일지!$C$5:$C$1004,업무일지!$F$5:$F$1004,$A8)=0,"",_xlfn.MAXIFS(업무일지!$C$5:$C$1004,업무일지!$F$5:$F$1004,$A8)),"")) | P8: =IF(OR($N8="",$O8=""),"",$O8-$N8+1) | Q8: =IF($A8="","",사건마스터!$E7)
A9: =IF(사건마스터!$A8="","",사건마스터!$A8) | B9: =IF($A9="","",사건마스터!$B8) | C9: =IF($A9="","",사건마스터!$C8) | D9: =IF($A9="","",사건마스터!$H8) | E9: =IF($A9="","",사건마스터!$G8) | F9: =IF($A9="","",COUNTIFS(업무일지!$F$5:$F$1004,$A9,업무일지!$D$5:$D$1004,"출장")) | G9: =IF($A9="","",COUNTIFS(업무일지!$F$5:$F$1004,$A9,업무일지!$D$5:$D$1004,"분석")) | H9: =IF($A9="","",F9+G9) | I9: =IF($A9="","",SUMIFS(업무일지!$U$5:$U$1004,업무일지!$F$5:$F$1004,$A9,업무일지!$D$5:$D$1004,"출장")) | J9: =IF($A9="","",SUMIFS(업무일지!$W$5:$W$1004,업무일지!$F$5:$F$1004,$A9)) | K9: =IF($A9="","",SUMIFS(업무일지!$S$5:$S$1004,업무일지!$F$5:$F$1004,$A9)) | L9: =IF($A9="","",SUMIFS(업무일지!$T$5:$T$1004,업무일지!$F$5:$F$1004,$A9)) | M9: =IF($A9="","",COUNTIFS(일일실시사항!$G$5:$G$1004,$A9)) | N9: =IF($A9="","",IFERROR(IF(_xlfn.MINIFS(업무일지!$B$5:$B$1004,업무일지!$F$5:$F$1004,$A9)=0,"",_xlfn.MINIFS(업무일지!$B$5:$B$1004,업무일지!$F$5:$F$1004,$A9)),"")) | O9: =IF($A9="","",IFERROR(IF(_xlfn.MAXIFS(업무일지!$C$5:$C$1004,업무일지!$F$5:$F$1004,$A9)=0,"",_xlfn.MAXIFS(업무일지!$C$5:$C$1004,업무일지!$F$5:$F$1004,$A9)),"")) | P9: =IF(OR($N9="",$O9=""),"",$O9-$N9+1) | Q9: =IF($A9="","",사건마스터!$E8)
A10: =IF(사건마스터!$A9="","",사건마스터!$A9) | B10: =IF($A10="","",사건마스터!$B9) | C10: =IF($A10="","",사건마스터!$C9) | D10: =IF($A10="","",사건마스터!$H9) | E10: =IF($A10="","",사건마스터!$G9) | F10: =IF($A10="","",COUNTIFS(업무일지!$F$5:$F$1004,$A10,업무일지!$D$5:$D$1004,"출장")) | G10: =IF($A10="","",COUNTIFS(업무일지!$F$5:$F$1004,$A10,업무일지!$D$5:$D$1004,"분석")) | H10: =IF($A10="","",F10+G10) | I10: =IF($A10="","",SUMIFS(업무일지!$U$5:$U$1004,업무일지!$F$5:$F$1004,$A10,업무일지!$D$5:$D$1004,"출장")) | J10: =IF($A10="","",SUMIFS(업무일지!$W$5:$W$1004,업무일지!$F$5:$F$1004,$A10)) | K10: =IF($A10="","",SUMIFS(업무일지!$S$5:$S$1004,업무일지!$F$5:$F$1004,$A10)) | L10: =IF($A10="","",SUMIFS(업무일지!$T$5:$T$1004,업무일지!$F$5:$F$1004,$A10)) | M10: =IF($A10="","",COUNTIFS(일일실시사항!$G$5:$G$1004,$A10)) | N10: =IF($A10="","",IFERROR(IF(_xlfn.MINIFS(업무일지!$B$5:$B$1004,업무일지!$F$5:$F$1004,$A10)=0,"",_xlfn.MINIFS(업무일지!$B$5:$B$1004,업무일지!$F$5:$F$1004,$A10)),"")) | O10: =IF($A10="","",IFERROR(IF(_xlfn.MAXIFS(업무일지!$C$5:$C$1004,업무일지!$F$5:$F$1004,$A10)=0,"",_xlfn.MAXIFS(업무일지!$C$5:$C$1004,업무일지!$F$5:$F$1004,$A10)),"")) | P10: =IF(OR($N10="",$O10=""),"",$O10-$N10+1) | Q10: =IF($A10="","",사건마스터!$E9)
A11: =IF(사건마스터!$A10="","",사건마스터!$A10) | B11: =IF($A11="","",사건마스터!$B10) | C11: =IF($A11="","",사건마스터!$C10) | D11: =IF($A11="","",사건마스터!$H10) | E11: =IF($A11="","",사건마스터!$G10) | F11: =IF($A11="","",COUNTIFS(업무일지!$F$5:$F$1004,$A11,업무일지!$D$5:$D$1004,"출장")) | G11: =IF($A11="","",COUNTIFS(업무일지!$F$5:$F$1004,$A11,업무일지!$D$5:$D$1004,"분석")) | H11: =IF($A11="","",F11+G11) | I11: =IF($A11="","",SUMIFS(업무일지!$U$5:$U$1004,업무일지!$F$5:$F$1004,$A11,업무일지!$D$5:$D$1004,"출장")) | J11: =IF($A11="","",SUMIFS(업무일지!$W$5:$W$1004,업무일지!$F$5:$F$1004,$A11)) | K11: =IF($A11="","",SUMIFS(업무일지!$S$5:$S$1004,업무일지!$F$5:$F$1004,$A11)) | L11: =IF($A11="","",SUMIFS(업무일지!$T$5:$T$1004,업무일지!$F$5:$F$1004,$A11)) | M11: =IF($A11="","",COUNTIFS(일일실시사항!$G$5:$G$1004,$A11)) | N11: =IF($A11="","",IFERROR(IF(_xlfn.MINIFS(업무일지!$B$5:$B$1004,업무일지!$F$5:$F$1004,$A11)=0,"",_xlfn.MINIFS(업무일지!$B$5:$B$1004,업무일지!$F$5:$F$1004,$A11)),"")) | O11: =IF($A11="","",IFERROR(IF(_xlfn.MAXIFS(업무일지!$C$5:$C$1004,업무일지!$F$5:$F$1004,$A11)=0,"",_xlfn.MAXIFS(업무일지!$C$5:$C$1004,업무일지!$F$5:$F$1004,$A11)),"")) | P11: =IF(OR($N11="",$O11=""),"",$O11-$N11+1) | Q11: =IF($A11="","",사건마스터!$E10)
A12: =IF(사건마스터!$A11="","",사건마스터!$A11) | B12: =IF($A12="","",사건마스터!$B11) | C12: =IF($A12="","",사건마스터!$C11) | D12: =IF($A12="","",사건마스터!$H11) | E12: =IF($A12="","",사건마스터!$G11) | F12: =IF($A12="","",COUNTIFS(업무일지!$F$5:$F$1004,$A12,업무일지!$D$5:$D$1004,"출장")) | G12: =IF($A12="","",COUNTIFS(업무일지!$F$5:$F$1004,$A12,업무일지!$D$5:$D$1004,"분석")) | H12: =IF($A12="","",F12+G12) | I12: =IF($A12="","",SUMIFS(업무일지!$U$5:$U$1004,업무일지!$F$5:$F$1004,$A12,업무일지!$D$5:$D$1004,"출장")) | J12: =IF($A12="","",SUMIFS(업무일지!$W$5:$W$1004,업무일지!$F$5:$F$1004,$A12)) | K12: =IF($A12="","",SUMIFS(업무일지!$S$5:$S$1004,업무일지!$F$5:$F$1004,$A12)) | L12: =IF($A12="","",SUMIFS(업무일지!$T$5:$T$1004,업무일지!$F$5:$F$1004,$A12)) | M12: =IF($A12="","",COUNTIFS(일일실시사항!$G$5:$G$1004,$A12)) | N12: =IF($A12="","",IFERROR(IF(_xlfn.MINIFS(업무일지!$B$5:$B$1004,업무일지!$F$5:$F$1004,$A12)=0,"",_xlfn.MINIFS(업무일지!$B$5:$B$1004,업무일지!$F$5:$F$1004,$A12)),"")) | O12: =IF($A12="","",IFERROR(IF(_xlfn.MAXIFS(업무일지!$C$5:$C$1004,업무일지!$F$5:$F$1004,$A12)=0,"",_xlfn.MAXIFS(업무일지!$C$5:$C$1004,업무일지!$F$5:$F$1004,$A12)),"")) | P12: =IF(OR($N12="",$O12=""),"",$O12-$N12+1) | Q12: =IF($A12="","",사건마스터!$E11)
A13: =IF(사건마스터!$A12="","",사건마스터!$A12) | B13: =IF($A13="","",사건마스터!$B12) | C13: =IF($A13="","",사건마스터!$C12) | D13: =IF($A13="","",사건마스터!$H12) | E13: =IF($A13="","",사건마스터!$G12) | F13: =IF($A13="","",COUNTIFS(업무일지!$F$5:$F$1004,$A13,업무일지!$D$5:$D$1004,"출장")) | G13: =IF($A13="","",COUNTIFS(업무일지!$F$5:$F$1004,$A13,업무일지!$D$5:$D$1004,"분석")) | H13: =IF($A13="","",F13+G13) | I13: =IF($A13="","",SUMIFS(업무일지!$U$5:$U$1004,업무일지!$F$5:$F$1004,$A13,업무일지!$D$5:$D$1004,"출장")) | J13: =IF($A13="","",SUMIFS(업무일지!$W$5:$W$1004,업무일지!$F$5:$F$1004,$A13)) | K13: =IF($A13="","",SUMIFS(업무일지!$S$5:$S$1004,업무일지!$F$5:$F$1004,$A13)) | L13: =IF($A13="","",SUMIFS(업무일지!$T$5:$T$1004,업무일지!$F$5:$F$1004,$A13)) | M13: =IF($A13="","",COUNTIFS(일일실시사항!$G$5:$G$1004,$A13)) | N13: =IF($A13="","",IFERROR(IF(_xlfn.MINIFS(업무일지!$B$5:$B$1004,업무일지!$F$5:$F$1004,$A13)=0,"",_xlfn.MINIFS(업무일지!$B$5:$B$1004,업무일지!$F$5:$F$1004,$A13)),"")) | O13: =IF($A13="","",IFERROR(IF(_xlfn.MAXIFS(업무일지!$C$5:$C$1004,업무일지!$F$5:$F$1004,$A13)=0,"",_xlfn.MAXIFS(업무일지!$C$5:$C$1004,업무일지!$F$5:$F$1004,$A13)),"")) | P13: =IF(OR($N13="",$O13=""),"",$O13-$N13+1) | Q13: =IF($A13="","",사건마스터!$E12)
A14: =IF(사건마스터!$A13="","",사건마스터!$A13) | B14: =IF($A14="","",사건마스터!$B13) | C14: =IF($A14="","",사건마스터!$C13) | D14: =IF($A14="","",사건마스터!$H13) | E14: =IF($A14="","",사건마스터!$G13) | F14: =IF($A14="","",COUNTIFS(업무일지!$F$5:$F$1004,$A14,업무일지!$D$5:$D$1004,"출장")) | G14: =IF($A14="","",COUNTIFS(업무일지!$F$5:$F$1004,$A14,업무일지!$D$5:$D$1004,"분석")) | H14: =IF($A14="","",F14+G14) | I14: =IF($A14="","",SUMIFS(업무일지!$U$5:$U$1004,업무일지!$F$5:$F$1004,$A14,업무일지!$D$5:$D$1004,"출장")) | J14: =IF($A14="","",SUMIFS(업무일지!$W$5:$W$1004,업무일지!$F$5:$F$1004,$A14)) | K14: =IF($A14="","",SUMIFS(업무일지!$S$5:$S$1004,업무일지!$F$5:$F$1004,$A14)) | L14: =IF($A14="","",SUMIFS(업무일지!$T$5:$T$1004,업무일지!$F$5:$F$1004,$A14)) | M14: =IF($A14="","",COUNTIFS(일일실시사항!$G$5:$G$1004,$A14)) | N14: =IF($A14="","",IFERROR(IF(_xlfn.MINIFS(업무일지!$B$5:$B$1004,업무일지!$F$5:$F$1004,$A14)=0,"",_xlfn.MINIFS(업무일지!$B$5:$B$1004,업무일지!$F$5:$F$1004,$A14)),"")) | O14: =IF($A14="","",IFERROR(IF(_xlfn.MAXIFS(업무일지!$C$5:$C$1004,업무일지!$F$5:$F$1004,$A14)=0,"",_xlfn.MAXIFS(업무일지!$C$5:$C$1004,업무일지!$F$5:$F$1004,$A14)),"")) | P14: =IF(OR($N14="",$O14=""),"",$O14-$N14+1) | Q14: =IF($A14="","",사건마스터!$E13)
A15: =IF(사건마스터!$A14="","",사건마스터!$A14) | B15: =IF($A15="","",사건마스터!$B14) | C15: =IF($A15="","",사건마스터!$C14) | D15: =IF($A15="","",사건마스터!$H14) | E15: =IF($A15="","",사건마스터!$G14) | F15: =IF($A15="","",COUNTIFS(업무일지!$F$5:$F$1004,$A15,업무일지!$D$5:$D$1004,"출장")) | G15: =IF($A15="","",COUNTIFS(업무일지!$F$5:$F$1004,$A15,업무일지!$D$5:$D$1004,"분석")) | H15: =IF($A15="","",F15+G15) | I15: =IF($A15="","",SUMIFS(업무일지!$U$5:$U$1004,업무일지!$F$5:$F$1004,$A15,업무일지!$D$5:$D$1004,"출장")) | J15: =IF($A15="","",SUMIFS(업무일지!$W$5:$W$1004,업무일지!$F$5:$F$1004,$A15)) | K15: =IF($A15="","",SUMIFS(업무일지!$S$5:$S$1004,업무일지!$F$5:$F$1004,$A15)) | L15: =IF($A15="","",SUMIFS(업무일지!$T$5:$T$1004,업무일지!$F$5:$F$1004,$A15)) | M15: =IF($A15="","",COUNTIFS(일일실시사항!$G$5:$G$1004,$A15)) | N15: =IF($A15="","",IFERROR(IF(_xlfn.MINIFS(업무일지!$B$5:$B$1004,업무일지!$F$5:$F$1004,$A15)=0,"",_xlfn.MINIFS(업무일지!$B$5:$B$1004,업무일지!$F$5:$F$1004,$A15)),"")) | O15: =IF($A15="","",IFERROR(IF(_xlfn.MAXIFS(업무일지!$C$5:$C$1004,업무일지!$F$5:$F$1004,$A15)=0,"",_xlfn.MAXIFS(업무일지!$C$5:$C$1004,업무일지!$F$5:$F$1004,$A15)),"")) | P15: =IF(OR($N15="",$O15=""),"",$O15-$N15+1) | Q15: =IF($A15="","",사건마스터!$E14)
A16: =IF(사건마스터!$A15="","",사건마스터!$A15) | B16: =IF($A16="","",사건마스터!$B15) | C16: =IF($A16="","",사건마스터!$C15) | D16: =IF($A16="","",사건마스터!$H15) | E16: =IF($A16="","",사건마스터!$G15) | F16: =IF($A16="","",COUNTIFS(업무일지!$F$5:$F$1004,$A16,업무일지!$D$5:$D$1004,"출장")) | G16: =IF($A16="","",COUNTIFS(업무일지!$F$5:$F$1004,$A16,업무일지!$D$5:$D$1004,"분석")) | H16: =IF($A16="","",F16+G16) | I16: =IF($A16="","",SUMIFS(업무일지!$U$5:$U$1004,업무일지!$F$5:$F$1004,$A16,업무일지!$D$5:$D$1004,"출장")) | J16: =IF($A16="","",SUMIFS(업무일지!$W$5:$W$1004,업무일지!$F$5:$F$1004,$A16)) | K16: =IF($A16="","",SUMIFS(업무일지!$S$5:$S$1004,업무일지!$F$5:$F$1004,$A16)) | L16: =IF($A16="","",SUMIFS(업무일지!$T$5:$T$1004,업무일지!$F$5:$F$1004,$A16)) | M16: =IF($A16="","",COUNTIFS(일일실시사항!$G$5:$G$1004,$A16)) | N16: =IF($A16="","",IFERROR(IF(_xlfn.MINIFS(업무일지!$B$5:$B$1004,업무일지!$F$5:$F$1004,$A16)=0,"",_xlfn.MINIFS(업무일지!$B$5:$B$1004,업무일지!$F$5:$F$1004,$A16)),"")) | O16: =IF($A16="","",IFERROR(IF(_xlfn.MAXIFS(업무일지!$C$5:$C$1004,업무일지!$F$5:$F$1004,$A16)=0,"",_xlfn.MAXIFS(업무일지!$C$5:$C$1004,업무일지!$F$5:$F$1004,$A16)),"")) | P16: =IF(OR($N16="",$O16=""),"",$O16-$N16+1) | Q16: =IF($A16="","",사건마스터!$E15)
A17: =IF(사건마스터!$A16="","",사건마스터!$A16) | B17: =IF($A17="","",사건마스터!$B16) | C17: =IF($A17="","",사건마스터!$C16) | D17: =IF($A17="","",사건마스터!$H16) | E17: =IF($A17="","",사건마스터!$G16) | F17: =IF($A17="","",COUNTIFS(업무일지!$F$5:$F$1004,$A17,업무일지!$D$5:$D$1004,"출장")) | G17: =IF($A17="","",COUNTIFS(업무일지!$F$5:$F$1004,$A17,업무일지!$D$5:$D$1004,"분석")) | H17: =IF($A17="","",F17+G17) | I17: =IF($A17="","",SUMIFS(업무일지!$U$5:$U$1004,업무일지!$F$5:$F$1004,$A17,업무일지!$D$5:$D$1004,"출장")) | J17: =IF($A17="","",SUMIFS(업무일지!$W$5:$W$1004,업무일지!$F$5:$F$1004,$A17)) | K17: =IF($A17="","",SUMIFS(업무일지!$S$5:$S$1004,업무일지!$F$5:$F$1004,$A17)) | L17: =IF($A17="","",SUMIFS(업무일지!$T$5:$T$1004,업무일지!$F$5:$F$1004,$A17)) | M17: =IF($A17="","",COUNTIFS(일일실시사항!$G$5:$G$1004,$A17)) | N17: =IF($A17="","",IFERROR(IF(_xlfn.MINIFS(업무일지!$B$5:$B$1004,업무일지!$F$5:$F$1004,$A17)=0,"",_xlfn.MINIFS(업무일지!$B$5:$B$1004,업무일지!$F$5:$F$1004,$A17)),"")) | O17: =IF($A17="","",IFERROR(IF(_xlfn.MAXIFS(업무일지!$C$5:$C$1004,업무일지!$F$5:$F$1004,$A17)=0,"",_xlfn.MAXIFS(업무일지!$C$5:$C$1004,업무일지!$F$5:$F$1004,$A17)),"")) | P17: =IF(OR($N17="",$O17=""),"",$O17-$N17+1) | Q17: =IF($A17="","",사건마스터!$E16)
... A65: =IF(사건마스터!$A64="","",사건마스터!$A64) | B65: =IF($A65="","",사건마스터!$B64) | C65: =IF($A65="","",사건마스터!$C64) | D65: =IF($A65="","",사건마스터!$H64) | E65: =IF($A65="","",사건마스터!$G64) | F65: =IF($A65="","",COUNTIFS(업무일지!$F$5:$F$1004,$A65,업무일지!$D$5:$D$1004,"출장")) | G65: =IF($A65="","",COUNTIFS(업무일지!$F$5:$F$1004,$A65,업무일지!$D$5:$D$1004,"분석")) | H65: =IF($A65="","",F65+G65) | I65: =IF($A65="","",SUMIFS(업무일지!$U$5:$U$1004,업무일지!$F$5:$F$1004,$A65,업무일지!$D$5:$D$1004,"출장")) | J65: =IF($A65="","",SUMIFS(업무일지!$W$5:$W$1004,업무일지!$F$5:$F$1004,$A65)) | K65: =IF($A65="","",SUMIFS(업무일지!$S$5:$S$1004,업무일지!$F$5:$F$1004,$A65)) | L65: =IF($A65="","",SUMIFS(업무일지!$T$5:$T$1004,업무일지!$F$5:$F$1004,$A65)) | M65: =IF($A65="","",COUNTIFS(일일실시사항!$G$5:$G$1004,$A65)) | N65: =IF($A65="","",IFERROR(IF(_xlfn.MINIFS(업무일지!$B$5:$B$1004,업무일지!$F$5:$F$1004,$A65)=0,"",_xlfn.MINIFS(업무일지!$B$5:$B$1004,업무일지!$F$5:$F$1004,$A65)),"")) | O65: =IF($A65="","",IFERROR(IF(_xlfn.MAXIFS(업무일지!$C$5:$C$1004,업무일지!$F$5:$F$1004,$A65)=0,"",_xlfn.MAXIFS(업무일지!$C$5:$C$1004,업무일지!$F$5:$F$1004,$A65)),"")) | P65: =IF(OR($N65="",$O65=""),"",$O65-$N65+1) | Q65: =IF($A65="","",사건마스터!$E64)
A66: 합계 | B66: =COUNTIF(A6:A65,"?*")&" 건 사건" | E66: =SUM(E6:E65) | F66: =SUM(F6:F65) | G66: =SUM(G6:G65) | H66: =SUM(H6:H65) | I66: =SUM(I6:I65) | J66: =SUM(J6:J65) | K66: =SUM(K6:K65) | L66: =SUM(L6:L65) | M66: =SUM(M6:M65)
A68: 2. 사건 상세 조회
A69: 사건번호 선택 → | B69: 2026-형제-1024 | C69: =IF($B$69="","",IFERROR(INDEX(사건마스터!$B$5:$B$64,MATCH($B$69,사건마스터!$A$5:$A$64,0)),"※ 등록되지 않은 사건번호"))
A70: 담당자 | B70: 주담당 건 | C70: 참여 건 | D70: 총 참여건 | E70: 본인 투입시간(H) | G70: 세부유형 | H70: 건수 | I70: 총 인시(H)
A71: =IF(코드설정!$C5="","",코드설정!$C5) | B71: =IF($A71="","",COUNTIFS(업무일지!$F$5:$F$1004,$B$69,업무일지!$I$5:$I$1004,$A71)) | C71: =IF($A71="","",COUNTIFS(업무일지!$F$5:$F$1004,$B$69,업무일지!$P$5:$P$1004,"*"&$A71&"*")-COUNTIFS(업무일지!$F$5:$F$1004,$B$69,업무일지!$I$5:$I$1004,$A71)) | D71: =IF($A71="","",B71+C71) | E71: =IF($A71="","",SUMIFS(업무일지!$V$5:$V$1004,업무일지!$F$5:$F$1004,$B$69,업무일지!$P$5:$P$1004,"*"&$A71&"*")) | G71: =IF(코드설정!$B5="","",코드설정!$B5) | H71: =IF($G71="","",COUNTIFS(업무일지!$F$5:$F$1004,$B$69,업무일지!$E$5:$E$1004,$G71)) | I71: =IF($G71="","",SUMIFS(업무일지!$W$5:$W$1004,업무일지!$F$5:$F$1004,$B$69,업무일지!$E$5:$E$1004,$G71))
A72: =IF(코드설정!$C6="","",코드설정!$C6) | B72: =IF($A72="","",COUNTIFS(업무일지!$F$5:$F$1004,$B$69,업무일지!$I$5:$I$1004,$A72)) | C72: =IF($A72="","",COUNTIFS(업무일지!$F$5:$F$1004,$B$69,업무일지!$P$5:$P$1004,"*"&$A72&"*")-COUNTIFS(업무일지!$F$5:$F$1004,$B$69,업무일지!$I$5:$I$1004,$A72)) | D72: =IF($A72="","",B72+C72) | E72: =IF($A72="","",SUMIFS(업무일지!$V$5:$V$1004,업무일지!$F$5:$F$1004,$B$69,업무일지!$P$5:$P$1004,"*"&$A72&"*")) | G72: =IF(코드설정!$B6="","",코드설정!$B6) | H72: =IF($G72="","",COUNTIFS(업무일지!$F$5:$F$1004,$B$69,업무일지!$E$5:$E$1004,$G72)) | I72: =IF($G72="","",SUMIFS(업무일지!$W$5:$W$1004,업무일지!$F$5:$F$1004,$B$69,업무일지!$E$5:$E$1004,$G72))
A73: =IF(코드설정!$C7="","",코드설정!$C7) | B73: =IF($A73="","",COUNTIFS(업무일지!$F$5:$F$1004,$B$69,업무일지!$I$5:$I$1004,$A73)) | C73: =IF($A73="","",COUNTIFS(업무일지!$F$5:$F$1004,$B$69,업무일지!$P$5:$P$1004,"*"&$A73&"*")-COUNTIFS(업무일지!$F$5:$F$1004,$B$69,업무일지!$I$5:$I$1004,$A73)) | D73: =IF($A73="","",B73+C73) | E73: =IF($A73="","",SUMIFS(업무일지!$V$5:$V$1004,업무일지!$F$5:$F$1004,$B$69,업무일지!$P$5:$P$1004,"*"&$A73&"*")) | G73: =IF(코드설정!$B7="","",코드설정!$B7) | H73: =IF($G73="","",COUNTIFS(업무일지!$F$5:$F$1004,$B$69,업무일지!$E$5:$E$1004,$G73)) | I73: =IF($G73="","",SUMIFS(업무일지!$W$5:$W$1004,업무일지!$F$5:$F$1004,$B$69,업무일지!$E$5:$E$1004,$G73))
A74: =IF(코드설정!$C8="","",코드설정!$C8) | B74: =IF($A74="","",COUNTIFS(업무일지!$F$5:$F$1004,$B$69,업무일지!$I$5:$I$1004,$A74)) | C74: =IF($A74="","",COUNTIFS(업무일지!$F$5:$F$1004,$B$69,업무일지!$P$5:$P$1004,"*"&$A74&"*")-COUNTIFS(업무일지!$F$5:$F$1004,$B$69,업무일지!$I$5:$I$1004,$A74)) | D74: =IF($A74="","",B74+C74) | E74: =IF($A74="","",SUMIFS(업무일지!$V$5:$V$1004,업무일지!$F$5:$F$1004,$B$69,업무일지!$P$5:$P$1004,"*"&$A74&"*")) | G74: =IF(코드설정!$B8="","",코드설정!$B8) | H74: =IF($G74="","",COUNTIFS(업무일지!$F$5:$F$1004,$B$69,업무일지!$E$5:$E$1004,$G74)) | I74: =IF($G74="","",SUMIFS(업무일지!$W$5:$W$1004,업무일지!$F$5:$F$1004,$B$69,업무일지!$E$5:$E$1004,$G74))
A75: =IF(코드설정!$C9="","",코드설정!$C9) | B75: =IF($A75="","",COUNTIFS(업무일지!$F$5:$F$1004,$B$69,업무일지!$I$5:$I$1004,$A75)) | C75: =IF($A75="","",COUNTIFS(업무일지!$F$5:$F$1004,$B$69,업무일지!$P$5:$P$1004,"*"&$A75&"*")-COUNTIFS(업무일지!$F$5:$F$1004,$B$69,업무일지!$I$5:$I$1004,$A75)) | D75: =IF($A75="","",B75+C75) | E75: =IF($A75="","",SUMIFS(업무일지!$V$5:$V$1004,업무일지!$F$5:$F$1004,$B$69,업무일지!$P$5:$P$1004,"*"&$A75&"*")) | G75: =IF(코드설정!$B9="","",코드설정!$B9) | H75: =IF($G75="","",COUNTIFS(업무일지!$F$5:$F$1004,$B$69,업무일지!$E$5:$E$1004,$G75)) | I75: =IF($G75="","",SUMIFS(업무일지!$W$5:$W$1004,업무일지!$F$5:$F$1004,$B$69,업무일지!$E$5:$E$1004,$G75))
A76: =IF(코드설정!$C10="","",코드설정!$C10) | B76: =IF($A76="","",COUNTIFS(업무일지!$F$5:$F$1004,$B$69,업무일지!$I$5:$I$1004,$A76)) | C76: =IF($A76="","",COUNTIFS(업무일지!$F$5:$F$1004,$B$69,업무일지!$P$5:$P$1004,"*"&$A76&"*")-COUNTIFS(업무일지!$F$5:$F$1004,$B$69,업무일지!$I$5:$I$1004,$A76)) | D76: =IF($A76="","",B76+C76) | E76: =IF($A76="","",SUMIFS(업무일지!$V$5:$V$1004,업무일지!$F$5:$F$1004,$B$69,업무일지!$P$5:$P$1004,"*"&$A76&"*")) | G76: =IF(코드설정!$B10="","",코드설정!$B10) | H76: =IF($G76="","",COUNTIFS(업무일지!$F$5:$F$1004,$B$69,업무일지!$E$5:$E$1004,$G76)) | I76: =IF($G76="","",SUMIFS(업무일지!$W$5:$W$1004,업무일지!$F$5:$F$1004,$B$69,업무일지!$E$5:$E$1004,$G76))
A77: =IF(코드설정!$C11="","",코드설정!$C11) | B77: =IF($A77="","",COUNTIFS(업무일지!$F$5:$F$1004,$B$69,업무일지!$I$5:$I$1004,$A77)) | C77: =IF($A77="","",COUNTIFS(업무일지!$F$5:$F$1004,$B$69,업무일지!$P$5:$P$1004,"*"&$A77&"*")-COUNTIFS(업무일지!$F$5:$F$1004,$B$69,업무일지!$I$5:$I$1004,$A77)) | D77: =IF($A77="","",B77+C77) | E77: =IF($A77="","",SUMIFS(업무일지!$V$5:$V$1004,업무일지!$F$5:$F$1004,$B$69,업무일지!$P$5:$P$1004,"*"&$A77&"*")) | G77: =IF(코드설정!$B11="","",코드설정!$B11) | H77: =IF($G77="","",COUNTIFS(업무일지!$F$5:$F$1004,$B$69,업무일지!$E$5:$E$1004,$G77)) | I77: =IF($G77="","",SUMIFS(업무일지!$W$5:$W$1004,업무일지!$F$5:$F$1004,$B$69,업무일지!$E$5:$E$1004,$G77))
A78: =IF(코드설정!$C12="","",코드설정!$C12) | B78: =IF($A78="","",COUNTIFS(업무일지!$F$5:$F$1004,$B$69,업무일지!$I$5:$I$1004,$A78)) | C78: =IF($A78="","",COUNTIFS(업무일지!$F$5:$F$1004,$B$69,업무일지!$P$5:$P$1004,"*"&$A78&"*")-COUNTIFS(업무일지!$F$5:$F$1004,$B$69,업무일지!$I$5:$I$1004,$A78)) | D78: =IF($A78="","",B78+C78) | E78: =IF($A78="","",SUMIFS(업무일지!$V$5:$V$1004,업무일지!$F$5:$F$1004,$B$69,업무일지!$P$5:$P$1004,"*"&$A78&"*")) | G78: =IF(코드설정!$B12="","",코드설정!$B12) | H78: =IF($G78="","",COUNTIFS(업무일지!$F$5:$F$1004,$B$69,업무일지!$E$5:$E$1004,$G78)) | I78: =IF($G78="","",SUMIFS(업무일지!$W$5:$W$1004,업무일지!$F$5:$F$1004,$B$69,업무일지!$E$5:$E$1004,$G78))
A79: =IF(코드설정!$C13="","",코드설정!$C13) | B79: =IF($A79="","",COUNTIFS(업무일지!$F$5:$F$1004,$B$69,업무일지!$I$5:$I$1004,$A79)) | C79: =IF($A79="","",COUNTIFS(업무일지!$F$5:$F$1004,$B$69,업무일지!$P$5:$P$1004,"*"&$A79&"*")-COUNTIFS(업무일지!$F$5:$F$1004,$B$69,업무일지!$I$5:$I$1004,$A79)) | D79: =IF($A79="","",B79+C79) | E79: =IF($A79="","",SUMIFS(업무일지!$V$5:$V$1004,업무일지!$F$5:$F$1004,$B$69,업무일지!$P$5:$P$1004,"*"&$A79&"*")) | G79: =IF(코드설정!$B13="","",코드설정!$B13) | H79: =IF($G79="","",COUNTIFS(업무일지!$F$5:$F$1004,$B$69,업무일지!$E$5:$E$1004,$G79)) | I79: =IF($G79="","",SUMIFS(업무일지!$W$5:$W$1004,업무일지!$F$5:$F$1004,$B$69,업무일지!$E$5:$E$1004,$G79))
A80: =IF(코드설정!$C14="","",코드설정!$C14) | B80: =IF($A80="","",COUNTIFS(업무일지!$F$5:$F$1004,$B$69,업무일지!$I$5:$I$1004,$A80)) | C80: =IF($A80="","",COUNTIFS(업무일지!$F$5:$F$1004,$B$69,업무일지!$P$5:$P$1004,"*"&$A80&"*")-COUNTIFS(업무일지!$F$5:$F$1004,$B$69,업무일지!$I$5:$I$1004,$A80)) | D80: =IF($A80="","",B80+C80) | E80: =IF($A80="","",SUMIFS(업무일지!$V$5:$V$1004,업무일지!$F$5:$F$1004,$B$69,업무일지!$P$5:$P$1004,"*"&$A80&"*")) | G80: =IF(코드설정!$B14="","",코드설정!$B14) | H80: =IF($G80="","",COUNTIFS(업무일지!$F$5:$F$1004,$B$69,업무일지!$E$5:$E$1004,$G80)) | I80: =IF($G80="","",SUMIFS(업무일지!$W$5:$W$1004,업무일지!$F$5:$F$1004,$B$69,업무일지!$E$5:$E$1004,$G80))
A81: =IF(코드설정!$C15="","",코드설정!$C15) | B81: =IF($A81="","",COUNTIFS(업무일지!$F$5:$F$1004,$B$69,업무일지!$I$5:$I$1004,$A81)) | C81: =IF($A81="","",COUNTIFS(업무일지!$F$5:$F$1004,$B$69,업무일지!$P$5:$P$1004,"*"&$A81&"*")-COUNTIFS(업무일지!$F$5:$F$1004,$B$69,업무일지!$I$5:$I$1004,$A81)) | D81: =IF($A81="","",B81+C81) | E81: =IF($A81="","",SUMIFS(업무일지!$V$5:$V$1004,업무일지!$F$5:$F$1004,$B$69,업무일지!$P$5:$P$1004,"*"&$A81&"*")) | G81: =IF(코드설정!$B15="","",코드설정!$B15) | H81: =IF($G81="","",COUNTIFS(업무일지!$F$5:$F$1004,$B$69,업무일지!$E$5:$E$1004,$G81)) | I81: =IF($G81="","",SUMIFS(업무일지!$W$5:$W$1004,업무일지!$F$5:$F$1004,$B$69,업무일지!$E$5:$E$1004,$G81))
A82: =IF(코드설정!$C16="","",코드설정!$C16) | B82: =IF($A82="","",COUNTIFS(업무일지!$F$5:$F$1004,$B$69,업무일지!$I$5:$I$1004,$A82)) | C82: =IF($A82="","",COUNTIFS(업무일지!$F$5:$F$1004,$B$69,업무일지!$P$5:$P$1004,"*"&$A82&"*")-COUNTIFS(업무일지!$F$5:$F$1004,$B$69,업무일지!$I$5:$I$1004,$A82)) | D82: =IF($A82="","",B82+C82) | E82: =IF($A82="","",SUMIFS(업무일지!$V$5:$V$1004,업무일지!$F$5:$F$1004,$B$69,업무일지!$P$5:$P$1004,"*"&$A82&"*")) | G82: =IF(코드설정!$B16="","",코드설정!$B16) | H82: =IF($G82="","",COUNTIFS(업무일지!$F$5:$F$1004,$B$69,업무일지!$E$5:$E$1004,$G82)) | I82: =IF($G82="","",SUMIFS(업무일지!$W$5:$W$1004,업무일지!$F$5:$F$1004,$B$69,업무일지!$E$5:$E$1004,$G82))
A83: =IF(코드설정!$C17="","",코드설정!$C17) | B83: =IF($A83="","",COUNTIFS(업무일지!$F$5:$F$1004,$B$69,업무일지!$I$5:$I$1004,$A83)) | C83: =IF($A83="","",COUNTIFS(업무일지!$F$5:$F$1004,$B$69,업무일지!$P$5:$P$1004,"*"&$A83&"*")-COUNTIFS(업무일지!$F$5:$F$1004,$B$69,업무일지!$I$5:$I$1004,$A83)) | D83: =IF($A83="","",B83+C83) | E83: =IF($A83="","",SUMIFS(업무일지!$V$5:$V$1004,업무일지!$F$5:$F$1004,$B$69,업무일지!$P$5:$P$1004,"*"&$A83&"*")) | G83: =IF(코드설정!$B17="","",코드설정!$B17) | H83: =IF($G83="","",COUNTIFS(업무일지!$F$5:$F$1004,$B$69,업무일지!$E$5:$E$1004,$G83)) | I83: =IF($G83="","",SUMIFS(업무일지!$W$5:$W$1004,업무일지!$F$5:$F$1004,$B$69,업무일지!$E$5:$E$1004,$G83))
A84: =IF(코드설정!$C18="","",코드설정!$C18) | B84: =IF($A84="","",COUNTIFS(업무일지!$F$5:$F$1004,$B$69,업무일지!$I$5:$I$1004,$A84)) | C84: =IF($A84="","",COUNTIFS(업무일지!$F$5:$F$1004,$B$69,업무일지!$P$5:$P$1004,"*"&$A84&"*")-COUNTIFS(업무일지!$F$5:$F$1004,$B$69,업무일지!$I$5:$I$1004,$A84)) | D84: =IF($A84="","",B84+C84) | E84: =IF($A84="","",SUMIFS(업무일지!$V$5:$V$1004,업무일지!$F$5:$F$1004,$B$69,업무일지!$P$5:$P$1004,"*"&$A84&"*"))
A85: =IF(코드설정!$C19="","",코드설정!$C19) | B85: =IF($A85="","",COUNTIFS(업무일지!$F$5:$F$1004,$B$69,업무일지!$I$5:$I$1004,$A85)) | C85: =IF($A85="","",COUNTIFS(업무일지!$F$5:$F$1004,$B$69,업무일지!$P$5:$P$1004,"*"&$A85&"*")-COUNTIFS(업무일지!$F$5:$F$1004,$B$69,업무일지!$I$5:$I$1004,$A85)) | D85: =IF($A85="","",B85+C85) | E85: =IF($A85="","",SUMIFS(업무일지!$V$5:$V$1004,업무일지!$F$5:$F$1004,$B$69,업무일지!$P$5:$P$1004,"*"&$A85&"*"))
A86: =IF(코드설정!$C20="","",코드설정!$C20) | B86: =IF($A86="","",COUNTIFS(업무일지!$F$5:$F$1004,$B$69,업무일지!$I$5:$I$1004,$A86)) | C86: =IF($A86="","",COUNTIFS(업무일지!$F$5:$F$1004,$B$69,업무일지!$P$5:$P$1004,"*"&$A86&"*")-COUNTIFS(업무일지!$F$5:$F$1004,$B$69,업무일지!$I$5:$I$1004,$A86)) | D86: =IF($A86="","",B86+C86) | E86: =IF($A86="","",SUMIFS(업무일지!$V$5:$V$1004,업무일지!$F$5:$F$1004,$B$69,업무일지!$P$5:$P$1004,"*"&$A86&"*"))
A87: =IF(코드설정!$C21="","",코드설정!$C21) | B87: =IF($A87="","",COUNTIFS(업무일지!$F$5:$F$1004,$B$69,업무일지!$I$5:$I$1004,$A87)) | C87: =IF($A87="","",COUNTIFS(업무일지!$F$5:$F$1004,$B$69,업무일지!$P$5:$P$1004,"*"&$A87&"*")-COUNTIFS(업무일지!$F$5:$F$1004,$B$69,업무일지!$I$5:$I$1004,$A87)) | D87: =IF($A87="","",B87+C87) | E87: =IF($A87="","",SUMIFS(업무일지!$V$5:$V$1004,업무일지!$F$5:$F$1004,$B$69,업무일지!$P$5:$P$1004,"*"&$A87&"*"))
A88: =IF(코드설정!$C22="","",코드설정!$C22) | B88: =IF($A88="","",COUNTIFS(업무일지!$F$5:$F$1004,$B$69,업무일지!$I$5:$I$1004,$A88)) | C88: =IF($A88="","",COUNTIFS(업무일지!$F$5:$F$1004,$B$69,업무일지!$P$5:$P$1004,"*"&$A88&"*")-COUNTIFS(업무일지!$F$5:$F$1004,$B$69,업무일지!$I$5:$I$1004,$A88)) | D88: =IF($A88="","",B88+C88) | E88: =IF($A88="","",SUMIFS(업무일지!$V$5:$V$1004,업무일지!$F$5:$F$1004,$B$69,업무일지!$P$5:$P$1004,"*"&$A88&"*"))
A89: =IF(코드설정!$C23="","",코드설정!$C23) | B89: =IF($A89="","",COUNTIFS(업무일지!$F$5:$F$1004,$B$69,업무일지!$I$5:$I$1004,$A89)) | C89: =IF($A89="","",COUNTIFS(업무일지!$F$5:$F$1004,$B$69,업무일지!$P$5:$P$1004,"*"&$A89&"*")-COUNTIFS(업무일지!$F$5:$F$1004,$B$69,업무일지!$I$5:$I$1004,$A89)) | D89: =IF($A89="","",B89+C89) | E89: =IF($A89="","",SUMIFS(업무일지!$V$5:$V$1004,업무일지!$F$5:$F$1004,$B$69,업무일지!$P$5:$P$1004,"*"&$A89&"*"))
A90: =IF(코드설정!$C24="","",코드설정!$C24) | B90: =IF($A90="","",COUNTIFS(업무일지!$F$5:$F$1004,$B$69,업무일지!$I$5:$I$1004,$A90)) | C90: =IF($A90="","",COUNTIFS(업무일지!$F$5:$F$1004,$B$69,업무일지!$P$5:$P$1004,"*"&$A90&"*")-COUNTIFS(업무일지!$F$5:$F$1004,$B$69,업무일지!$I$5:$I$1004,$A90)) | D90: =IF($A90="","",B90+C90) | E90: =IF($A90="","",SUMIFS(업무일지!$V$5:$V$1004,업무일지!$F$5:$F$1004,$B$69,업무일지!$P$5:$P$1004,"*"&$A90&"*"))
A92: ※ '참여 건' = 본인이 주담당이 아니면서 참여자로 이름이 올라간 건입니다. ※ 동명이인은 이름 부분일치로 잘못 집계되니 [코드설정]에서 반드시 구분해 등록하세요.

Sheet 개인별 현황
A1: 개인별 현황 · 출장 / 분석 / 일일
A2: ※ 담당자 명단은 [코드설정]에서 추가하면 자동 반영됩니다. ※ 참여 건 = 남이 주담당인 건에 함께 투입된 건. ※ 본인 투입시간은 그 건의 '1인 투입시간'을 합산한 값입니다(총 인시 아님).
A3: 기준연도 | B3: ='부서 전체현황'!$B$3 | C3: ← [부서 전체현황]의 기준연도와 연동됩니다
A5: 1. 담당자별 종합 (연간 누계)
A6: 담당자 | B6: 소속팀 | C6: 출장 주담당 | D6: 출장 참여 | E6: 분석 주담당 | F6: 분석 참여 | G6: 총 참여건수 | H6: 출장 소요일수 | I6: 본인 투입시간(H) | J6: 일일실시 건수 | K6: 일일 투입시간(H) | L6: 총 투입시간(H) | M6: 진행중 건
A7: =IF(코드설정!$C5="","",코드설정!$C5) | B7: =IF($A7="","",코드설정!$D5) | C7: =IF($A7="","",COUNTIFS(업무일지!$B$5:$B$1004,">="&DATE($B$3,1,1),업무일지!$B$5:$B$1004,"<"&DATE($B$3+1,1,1),업무일지!$I$5:$I$1004,$A7,업무일지!$D$5:$D$1004,"출장")) | D7: =IF($A7="","",COUNTIFS(업무일지!$B$5:$B$1004,">="&DATE($B$3,1,1),업무일지!$B$5:$B$1004,"<"&DATE($B$3+1,1,1),업무일지!$P$5:$P$1004,"*"&$A7&"*",업무일지!$D$5:$D$1004,"출장")-C7) | E7: =IF($A7="","",COUNTIFS(업무일지!$B$5:$B$1004,">="&DATE($B$3,1,1),업무일지!$B$5:$B$1004,"<"&DATE($B$3+1,1,1),업무일지!$I$5:$I$1004,$A7,업무일지!$D$5:$D$1004,"분석")) | F7: =IF($A7="","",COUNTIFS(업무일지!$B$5:$B$1004,">="&DATE($B$3,1,1),업무일지!$B$5:$B$1004,"<"&DATE($B$3+1,1,1),업무일지!$P$5:$P$1004,"*"&$A7&"*",업무일지!$D$5:$D$1004,"분석")-E7) | G7: =IF($A7="","",C7+D7+E7+F7) | H7: =IF($A7="","",SUMIFS(업무일지!$U$5:$U$1004,업무일지!$B$5:$B$1004,">="&DATE($B$3,1,1),업무일지!$B$5:$B$1004,"<"&DATE($B$3+1,1,1),업무일지!$P$5:$P$1004,"*"&$A7&"*",업무일지!$D$5:$D$1004,"출장")) | I7: =IF($A7="","",SUMIFS(업무일지!$V$5:$V$1004,업무일지!$B$5:$B$1004,">="&DATE($B$3,1,1),업무일지!$B$5:$B$1004,"<"&DATE($B$3+1,1,1),업무일지!$P$5:$P$1004,"*"&$A7&"*")) | J7: =IF($A7="","",COUNTIFS(일일실시사항!$B$5:$B$1004,">="&DATE($B$3,1,1),일일실시사항!$B$5:$B$1004,"<"&DATE($B$3+1,1,1),일일실시사항!$D$5:$D$1004,$A7)) | K7: =IF($A7="","",SUMIFS(일일실시사항!$J$5:$J$1004,일일실시사항!$B$5:$B$1004,">="&DATE($B$3,1,1),일일실시사항!$B$5:$B$1004,"<"&DATE($B$3+1,1,1),일일실시사항!$D$5:$D$1004,$A7)) | L7: =IF($A7="","",I7+K7) | M7: =IF($A7="","",COUNTIFS(업무일지!$B$5:$B$1004,">="&DATE($B$3,1,1),업무일지!$B$5:$B$1004,"<"&DATE($B$3+1,1,1),업무일지!$P$5:$P$1004,"*"&$A7&"*",업무일지!$X$5:$X$1004,"진행중"))
A8: =IF(코드설정!$C6="","",코드설정!$C6) | B8: =IF($A8="","",코드설정!$D6) | C8: =IF($A8="","",COUNTIFS(업무일지!$B$5:$B$1004,">="&DATE($B$3,1,1),업무일지!$B$5:$B$1004,"<"&DATE($B$3+1,1,1),업무일지!$I$5:$I$1004,$A8,업무일지!$D$5:$D$1004,"출장")) | D8: =IF($A8="","",COUNTIFS(업무일지!$B$5:$B$1004,">="&DATE($B$3,1,1),업무일지!$B$5:$B$1004,"<"&DATE($B$3+1,1,1),업무일지!$P$5:$P$1004,"*"&$A8&"*",업무일지!$D$5:$D$1004,"출장")-C8) | E8: =IF($A8="","",COUNTIFS(업무일지!$B$5:$B$1004,">="&DATE($B$3,1,1),업무일지!$B$5:$B$1004,"<"&DATE($B$3+1,1,1),업무일지!$I$5:$I$1004,$A8,업무일지!$D$5:$D$1004,"분석")) | F8: =IF($A8="","",COUNTIFS(업무일지!$B$5:$B$1004,">="&DATE($B$3,1,1),업무일지!$B$5:$B$1004,"<"&DATE($B$3+1,1,1),업무일지!$P$5:$P$1004,"*"&$A8&"*",업무일지!$D$5:$D$1004,"분석")-E8) | G8: =IF($A8="","",C8+D8+E8+F8) | H8: =IF($A8="","",SUMIFS(업무일지!$U$5:$U$1004,업무일지!$B$5:$B$1004,">="&DATE($B$3,1,1),업무일지!$B$5:$B$1004,"<"&DATE($B$3+1,1,1),업무일지!$P$5:$P$1004,"*"&$A8&"*",업무일지!$D$5:$D$1004,"출장")) | I8: =IF($A8="","",SUMIFS(업무일지!$V$5:$V$1004,업무일지!$B$5:$B$1004,">="&DATE($B$3,1,1),업무일지!$B$5:$B$1004,"<"&DATE($B$3+1,1,1),업무일지!$P$5:$P$1004,"*"&$A8&"*")) | J8: =IF($A8="","",COUNTIFS(일일실시사항!$B$5:$B$1004,">="&DATE($B$3,1,1),일일실시사항!$B$5:$B$1004,"<"&DATE($B$3+1,1,1),일일실시사항!$D$5:$D$1004,$A8)) | K8: =IF($A8="","",SUMIFS(일일실시사항!$J$5:$J$1004,일일실시사항!$B$5:$B$1004,">="&DATE($B$3,1,1),일일실시사항!$B$5:$B$1004,"<"&DATE($B$3+1,1,1),일일실시사항!$D$5:$D$1004,$A8)) | L8: =IF($A8="","",I8+K8) | M8: =IF($A8="","",COUNTIFS(업무일지!$B$5:$B$1004,">="&DATE($B$3,1,1),업무일지!$B$5:$B$1004,"<"&DATE($B$3+1,1,1),업무일지!$P$5:$P$1004,"*"&$A8&"*",업무일지!$X$5:$X$1004,"진행중"))
A9: =IF(코드설정!$C7="","",코드설정!$C7) | B9: =IF($A9="","",코드설정!$D7) | C9: =IF($A9="","",COUNTIFS(업무일지!$B$5:$B$1004,">="&DATE($B$3,1,1),업무일지!$B$5:$B$1004,"<"&DATE($B$3+1,1,1),업무일지!$I$5:$I$1004,$A9,업무일지!$D$5:$D$1004,"출장")) | D9: =IF($A9="","",COUNTIFS(업무일지!$B$5:$B$1004,">="&DATE($B$3,1,1),업무일지!$B$5:$B$1004,"<"&DATE($B$3+1,1,1),업무일지!$P$5:$P$1004,"*"&$A9&"*",업무일지!$D$5:$D$1004,"출장")-C9) | E9: =IF($A9="","",COUNTIFS(업무일지!$B$5:$B$1004,">="&DATE($B$3,1,1),업무일지!$B$5:$B$1004,"<"&DATE($B$3+1,1,1),업무일지!$I$5:$I$1004,$A9,업무일지!$D$5:$D$1004,"분석")) | F9: =IF($A9="","",COUNTIFS(업무일지!$B$5:$B$1004,">="&DATE($B$3,1,1),업무일지!$B$5:$B$1004,"<"&DATE($B$3+1,1,1),업무일지!$P$5:$P$1004,"*"&$A9&"*",업무일지!$D$5:$D$1004,"분석")-E9) | G9: =IF($A9="","",C9+D9+E9+F9) | H9: =IF($A9="","",SUMIFS(업무일지!$U$5:$U$1004,업무일지!$B$5:$B$1004,">="&DATE($B$3,1,1),업무일지!$B$5:$B$1004,"<"&DATE($B$3+1,1,1),업무일지!$P$5:$P$1004,"*"&$A9&"*",업무일지!$D$5:$D$1004,"출장")) | I9: =IF($A9="","",SUMIFS(업무일지!$V$5:$V$1004,업무일지!$B$5:$B$1004,">="&DATE($B$3,1,1),업무일지!$B$5:$B$1004,"<"&DATE($B$3+1,1,1),업무일지!$P$5:$P$1004,"*"&$A9&"*")) | J9: =IF($A9="","",COUNTIFS(일일실시사항!$B$5:$B$1004,">="&DATE($B$3,1,1),일일실시사항!$B$5:$B$1004,"<"&DATE($B$3+1,1,1),일일실시사항!$D$5:$D$1004,$A9)) | K9: =IF($A9="","",SUMIFS(일일실시사항!$J$5:$J$1004,일일실시사항!$B$5:$B$1004,">="&DATE($B$3,1,1),일일실시사항!$B$5:$B$1004,"<"&DATE($B$3+1,1,1),일일실시사항!$D$5:$D$1004,$A9)) | L9: =IF($A9="","",I9+K9) | M9: =IF($A9="","",COUNTIFS(업무일지!$B$5:$B$1004,">="&DATE($B$3,1,1),업무일지!$B$5:$B$1004,"<"&DATE($B$3+1,1,1),업무일지!$P$5:$P$1004,"*"&$A9&"*",업무일지!$X$5:$X$1004,"진행중"))
A10: =IF(코드설정!$C8="","",코드설정!$C8) | B10: =IF($A10="","",코드설정!$D8) | C10: =IF($A10="","",COUNTIFS(업무일지!$B$5:$B$1004,">="&DATE($B$3,1,1),업무일지!$B$5:$B$1004,"<"&DATE($B$3+1,1,1),업무일지!$I$5:$I$1004,$A10,업무일지!$D$5:$D$1004,"출장")) | D10: =IF($A10="","",COUNTIFS(업무일지!$B$5:$B$1004,">="&DATE($B$3,1,1),업무일지!$B$5:$B$1004,"<"&DATE($B$3+1,1,1),업무일지!$P$5:$P$1004,"*"&$A10&"*",업무일지!$D$5:$D$1004,"출장")-C10) | E10: =IF($A10="","",COUNTIFS(업무일지!$B$5:$B$1004,">="&DATE($B$3,1,1),업무일지!$B$5:$B$1004,"<"&DATE($B$3+1,1,1),업무일지!$I$5:$I$1004,$A10,업무일지!$D$5:$D$1004,"분석")) | F10: =IF($A10="","",COUNTIFS(업무일지!$B$5:$B$1004,">="&DATE($B$3,1,1),업무일지!$B$5:$B$1004,"<"&DATE($B$3+1,1,1),업무일지!$P$5:$P$1004,"*"&$A10&"*",업무일지!$D$5:$D$1004,"분석")-E10) | G10: =IF($A10="","",C10+D10+E10+F10) | H10: =IF($A10="","",SUMIFS(업무일지!$U$5:$U$1004,업무일지!$B$5:$B$1004,">="&DATE($B$3,1,1),업무일지!$B$5:$B$1004,"<"&DATE($B$3+1,1,1),업무일지!$P$5:$P$1004,"*"&$A10&"*",업무일지!$D$5:$D$1004,"출장")) | I10: =IF($A10="","",SUMIFS(업무일지!$V$5:$V$1004,업무일지!$B$5:$B$1004,">="&DATE($B$3,1,1),업무일지!$B$5:$B$1004,"<"&DATE($B$3+1,1,1),업무일지!$P$5:$P$1004,"*"&$A10&"*")) | J10: =IF($A10="","",COUNTIFS(일일실시사항!$B$5:$B$1004,">="&DATE($B$3,1,1),일일실시사항!$B$5:$B$1004,"<"&DATE($B$3+1,1,1),일일실시사항!$D$5:$D$1004,$A10)) | K10: =IF($A10="","",SUMIFS(일일실시사항!$J$5:$J$1004,일일실시사항!$B$5:$B$1004,">="&DATE($B$3,1,1),일일실시사항!$B$5:$B$1004,"<"&DATE($B$3+1,1,1),일일실시사항!$D$5:$D$1004,$A10)) | L10: =IF($A10="","",I10+K10) | M10: =IF($A10="","",COUNTIFS(업무일지!$B$5:$B$1004,">="&DATE($B$3,1,1),업무일지!$B$5:$B$1004,"<"&DATE($B$3+1,1,1),업무일지!$P$5:$P$1004,"*"&$A10&"*",업무일지!$X$5:$X$1004,"진행중"))
A11: =IF(코드설정!$C9="","",코드설정!$C9) | B11: =IF($A11="","",코드설정!$D9) | C11: =IF($A11="","",COUNTIFS(업무일지!$B$5:$B$1004,">="&DATE($B$3,1,1),업무일지!$B$5:$B$1004,"<"&DATE($B$3+1,1,1),업무일지!$I$5:$I$1004,$A11,업무일지!$D$5:$D$1004,"출장")) | D11: =IF($A11="","",COUNTIFS(업무일지!$B$5:$B$1004,">="&DATE($B$3,1,1),업무일지!$B$5:$B$1004,"<"&DATE($B$3+1,1,1),업무일지!$P$5:$P$1004,"*"&$A11&"*",업무일지!$D$5:$D$1004,"출장")-C11) | E11: =IF($A11="","",COUNTIFS(업무일지!$B$5:$B$1004,">="&DATE($B$3,1,1),업무일지!$B$5:$B$1004,"<"&DATE($B$3+1,1,1),업무일지!$I$5:$I$1004,$A11,업무일지!$D$5:$D$1004,"분석")) | F11: =IF($A11="","",COUNTIFS(업무일지!$B$5:$B$1004,">="&DATE($B$3,1,1),업무일지!$B$5:$B$1004,"<"&DATE($B$3+1,1,1),업무일지!$P$5:$P$1004,"*"&$A11&"*",업무일지!$D$5:$D$1004,"분석")-E11) | G11: =IF($A11="","",C11+D11+E11+F11) | H11: =IF($A11="","",SUMIFS(업무일지!$U$5:$U$1004,업무일지!$B$5:$B$1004,">="&DATE($B$3,1,1),업무일지!$B$5:$B$1004,"<"&DATE($B$3+1,1,1),업무일지!$P$5:$P$1004,"*"&$A11&"*",업무일지!$D$5:$D$1004,"출장")) | I11: =IF($A11="","",SUMIFS(업무일지!$V$5:$V$1004,업무일지!$B$5:$B$1004,">="&DATE($B$3,1,1),업무일지!$B$5:$B$1004,"<"&DATE($B$3+1,1,1),업무일지!$P$5:$P$1004,"*"&$A11&"*")) | J11: =IF($A11="","",COUNTIFS(일일실시사항!$B$5:$B$1004,">="&DATE($B$3,1,1),일일실시사항!$B$5:$B$1004,"<"&DATE($B$3+1,1,1),일일실시사항!$D$5:$D$1004,$A11)) | K11: =IF($A11="","",SUMIFS(일일실시사항!$J$5:$J$1004,일일실시사항!$B$5:$B$1004,">="&DATE($B$3,1,1),일일실시사항!$B$5:$B$1004,"<"&DATE($B$3+1,1,1),일일실시사항!$D$5:$D$1004,$A11)) | L11: =IF($A11="","",I11+K11) | M11: =IF($A11="","",COUNTIFS(업무일지!$B$5:$B$1004,">="&DATE($B$3,1,1),업무일지!$B$5:$B$1004,"<"&DATE($B$3+1,1,1),업무일지!$P$5:$P$1004,"*"&$A11&"*",업무일지!$X$5:$X$1004,"진행중"))
A12: =IF(코드설정!$C10="","",코드설정!$C10) | B12: =IF($A12="","",코드설정!$D10) | C12: =IF($A12="","",COUNTIFS(업무일지!$B$5:$B$1004,">="&DATE($B$3,1,1),업무일지!$B$5:$B$1004,"<"&DATE($B$3+1,1,1),업무일지!$I$5:$I$1004,$A12,업무일지!$D$5:$D$1004,"출장")) | D12: =IF($A12="","",COUNTIFS(업무일지!$B$5:$B$1004,">="&DATE($B$3,1,1),업무일지!$B$5:$B$1004,"<"&DATE($B$3+1,1,1),업무일지!$P$5:$P$1004,"*"&$A12&"*",업무일지!$D$5:$D$1004,"출장")-C12) | E12: =IF($A12="","",COUNTIFS(업무일지!$B$5:$B$1004,">="&DATE($B$3,1,1),업무일지!$B$5:$B$1004,"<"&DATE($B$3+1,1,1),업무일지!$I$5:$I$1004,$A12,업무일지!$D$5:$D$1004,"분석")) | F12: =IF($A12="","",COUNTIFS(업무일지!$B$5:$B$1004,">="&DATE($B$3,1,1),업무일지!$B$5:$B$1004,"<"&DATE($B$3+1,1,1),업무일지!$P$5:$P$1004,"*"&$A12&"*",업무일지!$D$5:$D$1004,"분석")-E12) | G12: =IF($A12="","",C12+D12+E12+F12) | H12: =IF($A12="","",SUMIFS(업무일지!$U$5:$U$1004,업무일지!$B$5:$B$1004,">="&DATE($B$3,1,1),업무일지!$B$5:$B$1004,"<"&DATE($B$3+1,1,1),업무일지!$P$5:$P$1004,"*"&$A12&"*",업무일지!$D$5:$D$1004,"출장")) | I12: =IF($A12="","",SUMIFS(업무일지!$V$5:$V$1004,업무일지!$B$5:$B$1004,">="&DATE($B$3,1,1),업무일지!$B$5:$B$1004,"<"&DATE($B$3+1,1,1),업무일지!$P$5:$P$1004,"*"&$A12&"*")) | J12: =IF($A12="","",COUNTIFS(일일실시사항!$B$5:$B$1004,">="&DATE($B$3,1,1),일일실시사항!$B$5:$B$1004,"<"&DATE($B$3+1,1,1),일일실시사항!$D$5:$D$1004,$A12)) | K12: =IF($A12="","",SUMIFS(일일실시사항!$J$5:$J$1004,일일실시사항!$B$5:$B$1004,">="&DATE($B$3,1,1),일일실시사항!$B$5:$B$1004,"<"&DATE($B$3+1,1,1),일일실시사항!$D$5:$D$1004,$A12)) | L12: =IF($A12="","",I12+K12) | M12: =IF($A12="","",COUNTIFS(업무일지!$B$5:$B$1004,">="&DATE($B$3,1,1),업무일지!$B$5:$B$1004,"<"&DATE($B$3+1,1,1),업무일지!$P$5:$P$1004,"*"&$A12&"*",업무일지!$X$5:$X$1004,"진행중"))
A13: =IF(코드설정!$C11="","",코드설정!$C11) | B13: =IF($A13="","",코드설정!$D11) | C13: =IF($A13="","",COUNTIFS(업무일지!$B$5:$B$1004,">="&DATE($B$3,1,1),업무일지!$B$5:$B$1004,"<"&DATE($B$3+1,1,1),업무일지!$I$5:$I$1004,$A13,업무일지!$D$5:$D$1004,"출장")) | D13: =IF($A13="","",COUNTIFS(업무일지!$B$5:$B$1004,">="&DATE($B$3,1,1),업무일지!$B$5:$B$1004,"<"&DATE($B$3+1,1,1),업무일지!$P$5:$P$1004,"*"&$A13&"*",업무일지!$D$5:$D$1004,"출장")-C13) | E13: =IF($A13="","",COUNTIFS(업무일지!$B$5:$B$1004,">="&DATE($B$3,1,1),업무일지!$B$5:$B$1004,"<"&DATE($B$3+1,1,1),업무일지!$I$5:$I$1004,$A13,업무일지!$D$5:$D$1004,"분석")) | F13: =IF($A13="","",COUNTIFS(업무일지!$B$5:$B$1004,">="&DATE($B$3,1,1),업무일지!$B$5:$B$1004,"<"&DATE($B$3+1,1,1),업무일지!$P$5:$P$1004,"*"&$A13&"*",업무일지!$D$5:$D$1004,"분석")-E13) | G13: =IF($A13="","",C13+D13+E13+F13) | H13: =IF($A13="","",SUMIFS(업무일지!$U$5:$U$1004,업무일지!$B$5:$B$1004,">="&DATE($B$3,1,1),업무일지!$B$5:$B$1004,"<"&DATE($B$3+1,1,1),업무일지!$P$5:$P$1004,"*"&$A13&"*",업무일지!$D$5:$D$1004,"출장")) | I13: =IF($A13="","",SUMIFS(업무일지!$V$5:$V$1004,업무일지!$B$5:$B$1004,">="&DATE($B$3,1,1),업무일지!$B$5:$B$1004,"<"&DATE($B$3+1,1,1),업무일지!$P$5:$P$1004,"*"&$A13&"*")) | J13: =IF($A13="","",COUNTIFS(일일실시사항!$B$5:$B$1004,">="&DATE($B$3,1,1),일일실시사항!$B$5:$B$1004,"<"&DATE($B$3+1,1,1),일일실시사항!$D$5:$D$1004,$A13)) | K13: =IF($A13="","",SUMIFS(일일실시사항!$J$5:$J$1004,일일실시사항!$B$5:$B$1004,">="&DATE($B$3,1,1),일일실시사항!$B$5:$B$1004,"<"&DATE($B$3+1,1,1),일일실시사항!$D$5:$D$1004,$A13)) | L13: =IF($A13="","",I13+K13) | M13: =IF($A13="","",COUNTIFS(업무일지!$B$5:$B$1004,">="&DATE($B$3,1,1),업무일지!$B$5:$B$1004,"<"&DATE($B$3+1,1,1),업무일지!$P$5:$P$1004,"*"&$A13&"*",업무일지!$X$5:$X$1004,"진행중"))
A14: =IF(코드설정!$C12="","",코드설정!$C12) | B14: =IF($A14="","",코드설정!$D12) | C14: =IF($A14="","",COUNTIFS(업무일지!$B$5:$B$1004,">="&DATE($B$3,1,1),업무일지!$B$5:$B$1004,"<"&DATE($B$3+1,1,1),업무일지!$I$5:$I$1004,$A14,업무일지!$D$5:$D$1004,"출장")) | D14: =IF($A14="","",COUNTIFS(업무일지!$B$5:$B$1004,">="&DATE($B$3,1,1),업무일지!$B$5:$B$1004,"<"&DATE($B$3+1,1,1),업무일지!$P$5:$P$1004,"*"&$A14&"*",업무일지!$D$5:$D$1004,"출장")-C14) | E14: =IF($A14="","",COUNTIFS(업무일지!$B$5:$B$1004,">="&DATE($B$3,1,1),업무일지!$B$5:$B$1004,"<"&DATE($B$3+1,1,1),업무일지!$I$5:$I$1004,$A14,업무일지!$D$5:$D$1004,"분석")) | F14: =IF($A14="","",COUNTIFS(업무일지!$B$5:$B$1004,">="&DATE($B$3,1,1),업무일지!$B$5:$B$1004,"<"&DATE($B$3+1,1,1),업무일지!$P$5:$P$1004,"*"&$A14&"*",업무일지!$D$5:$D$1004,"분석")-E14) | G14: =IF($A14="","",C14+D14+E14+F14) | H14: =IF($A14="","",SUMIFS(업무일지!$U$5:$U$1004,업무일지!$B$5:$B$1004,">="&DATE($B$3,1,1),업무일지!$B$5:$B$1004,"<"&DATE($B$3+1,1,1),업무일지!$P$5:$P$1004,"*"&$A14&"*",업무일지!$D$5:$D$1004,"출장")) | I14: =IF($A14="","",SUMIFS(업무일지!$V$5:$V$1004,업무일지!$B$5:$B$1004,">="&DATE($B$3,1,1),업무일지!$B$5:$B$1004,"<"&DATE($B$3+1,1,1),업무일지!$P$5:$P$1004,"*"&$A14&"*")) | J14: =IF($A14="","",COUNTIFS(일일실시사항!$B$5:$B$1004,">="&DATE($B$3,1,1),일일실시사항!$B$5:$B$1004,"<"&DATE($B$3+1,1,1),일일실시사항!$D$5:$D$1004,$A14)) | K14: =IF($A14="","",SUMIFS(일일실시사항!$J$5:$J$1004,일일실시사항!$B$5:$B$1004,">="&DATE($B$3,1,1),일일실시사항!$B$5:$B$1004,"<"&DATE($B$3+1,1,1),일일실시사항!$D$5:$D$1004,$A14)) | L14: =IF($A14="","",I14+K14) | M14: =IF($A14="","",COUNTIFS(업무일지!$B$5:$B$1004,">="&DATE($B$3,1,1),업무일지!$B$5:$B$1004,"<"&DATE($B$3+1,1,1),업무일지!$P$5:$P$1004,"*"&$A14&"*",업무일지!$X$5:$X$1004,"진행중"))
A15: =IF(코드설정!$C13="","",코드설정!$C13) | B15: =IF($A15="","",코드설정!$D13) | C15: =IF($A15="","",COUNTIFS(업무일지!$B$5:$B$1004,">="&DATE($B$3,1,1),업무일지!$B$5:$B$1004,"<"&DATE($B$3+1,1,1),업무일지!$I$5:$I$1004,$A15,업무일지!$D$5:$D$1004,"출장")) | D15: =IF($A15="","",COUNTIFS(업무일지!$B$5:$B$1004,">="&DATE($B$3,1,1),업무일지!$B$5:$B$1004,"<"&DATE($B$3+1,1,1),업무일지!$P$5:$P$1004,"*"&$A15&"*",업무일지!$D$5:$D$1004,"출장")-C15) | E15: =IF($A15="","",COUNTIFS(업무일지!$B$5:$B$1004,">="&DATE($B$3,1,1),업무일지!$B$5:$B$1004,"<"&DATE($B$3+1,1,1),업무일지!$I$5:$I$1004,$A15,업무일지!$D$5:$D$1004,"분석")) | F15: =IF($A15="","",COUNTIFS(업무일지!$B$5:$B$1004,">="&DATE($B$3,1,1),업무일지!$B$5:$B$1004,"<"&DATE($B$3+1,1,1),업무일지!$P$5:$P$1004,"*"&$A15&"*",업무일지!$D$5:$D$1004,"분석")-E15) | G15: =IF($A15="","",C15+D15+E15+F15) | H15: =IF($A15="","",SUMIFS(업무일지!$U$5:$U$1004,업무일지!$B$5:$B$1004,">="&DATE($B$3,1,1),업무일지!$B$5:$B$1004,"<"&DATE($B$3+1,1,1),업무일지!$P$5:$P$1004,"*"&$A15&"*",업무일지!$D$5:$D$1004,"출장")) | I15: =IF($A15="","",SUMIFS(업무일지!$V$5:$V$1004,업무일지!$B$5:$B$1004,">="&DATE($B$3,1,1),업무일지!$B$5:$B$1004,"<"&DATE($B$3+1,1,1),업무일지!$P$5:$P$1004,"*"&$A15&"*")) | J15: =IF($A15="","",COUNTIFS(일일실시사항!$B$5:$B$1004,">="&DATE($B$3,1,1),일일실시사항!$B$5:$B$1004,"<"&DATE($B$3+1,1,1),일일실시사항!$D$5:$D$1004,$A15)) | K15: =IF($A15="","",SUMIFS(일일실시사항!$J$5:$J$1004,일일실시사항!$B$5:$B$1004,">="&DATE($B$3,1,1),일일실시사항!$B$5:$B$1004,"<"&DATE($B$3+1,1,1),일일실시사항!$D$5:$D$1004,$A15)) | L15: =IF($A15="","",I15+K15) | M15: =IF($A15="","",COUNTIFS(업무일지!$B$5:$B$1004,">="&DATE($B$3,1,1),업무일지!$B$5:$B$1004,"<"&DATE($B$3+1,1,1),업무일지!$P$5:$P$1004,"*"&$A15&"*",업무일지!$X$5:$X$1004,"진행중"))
A16: =IF(코드설정!$C14="","",코드설정!$C14) | B16: =IF($A16="","",코드설정!$D14) | C16: =IF($A16="","",COUNTIFS(업무일지!$B$5:$B$1004,">="&DATE($B$3,1,1),업무일지!$B$5:$B$1004,"<"&DATE($B$3+1,1,1),업무일지!$I$5:$I$1004,$A16,업무일지!$D$5:$D$1004,"출장")) | D16: =IF($A16="","",COUNTIFS(업무일지!$B$5:$B$1004,">="&DATE($B$3,1,1),업무일지!$B$5:$B$1004,"<"&DATE($B$3+1,1,1),업무일지!$P$5:$P$1004,"*"&$A16&"*",업무일지!$D$5:$D$1004,"출장")-C16) | E16: =IF($A16="","",COUNTIFS(업무일지!$B$5:$B$1004,">="&DATE($B$3,1,1),업무일지!$B$5:$B$1004,"<"&DATE($B$3+1,1,1),업무일지!$I$5:$I$1004,$A16,업무일지!$D$5:$D$1004,"분석")) | F16: =IF($A16="","",COUNTIFS(업무일지!$B$5:$B$1004,">="&DATE($B$3,1,1),업무일지!$B$5:$B$1004,"<"&DATE($B$3+1,1,1),업무일지!$P$5:$P$1004,"*"&$A16&"*",업무일지!$D$5:$D$1004,"분석")-E16) | G16: =IF($A16="","",C16+D16+E16+F16) | H16: =IF($A16="","",SUMIFS(업무일지!$U$5:$U$1004,업무일지!$B$5:$B$1004,">="&DATE($B$3,1,1),업무일지!$B$5:$B$1004,"<"&DATE($B$3+1,1,1),업무일지!$P$5:$P$1004,"*"&$A16&"*",업무일지!$D$5:$D$1004,"출장")) | I16: =IF($A16="","",SUMIFS(업무일지!$V$5:$V$1004,업무일지!$B$5:$B$1004,">="&DATE($B$3,1,1),업무일지!$B$5:$B$1004,"<"&DATE($B$3+1,1,1),업무일지!$P$5:$P$1004,"*"&$A16&"*")) | J16: =IF($A16="","",COUNTIFS(일일실시사항!$B$5:$B$1004,">="&DATE($B$3,1,1),일일실시사항!$B$5:$B$1004,"<"&DATE($B$3+1,1,1),일일실시사항!$D$5:$D$1004,$A16)) | K16: =IF($A16="","",SUMIFS(일일실시사항!$J$5:$J$1004,일일실시사항!$B$5:$B$1004,">="&DATE($B$3,1,1),일일실시사항!$B$5:$B$1004,"<"&DATE($B$3+1,1,1),일일실시사항!$D$5:$D$1004,$A16)) | L16: =IF($A16="","",I16+K16) | M16: =IF($A16="","",COUNTIFS(업무일지!$B$5:$B$1004,">="&DATE($B$3,1,1),업무일지!$B$5:$B$1004,"<"&DATE($B$3+1,1,1),업무일지!$P$5:$P$1004,"*"&$A16&"*",업무일지!$X$5:$X$1004,"진행중"))
A17: =IF(코드설정!$C15="","",코드설정!$C15) | B17: =IF($A17="","",코드설정!$D15) | C17: =IF($A17="","",COUNTIFS(업무일지!$B$5:$B$1004,">="&DATE($B$3,1,1),업무일지!$B$5:$B$1004,"<"&DATE($B$3+1,1,1),업무일지!$I$5:$I$1004,$A17,업무일지!$D$5:$D$1004,"출장")) | D17: =IF($A17="","",COUNTIFS(업무일지!$B$5:$B$1004,">="&DATE($B$3,1,1),업무일지!$B$5:$B$1004,"<"&DATE($B$3+1,1,1),업무일지!$P$5:$P$1004,"*"&$A17&"*",업무일지!$D$5:$D$1004,"출장")-C17) | E17: =IF($A17="","",COUNTIFS(업무일지!$B$5:$B$1004,">="&DATE($B$3,1,1),업무일지!$B$5:$B$1004,"<"&DATE($B$3+1,1,1),업무일지!$I$5:$I$1004,$A17,업무일지!$D$5:$D$1004,"분석")) | F17: =IF($A17="","",COUNTIFS(업무일지!$B$5:$B$1004,">="&DATE($B$3,1,1),업무일지!$B$5:$B$1004,"<"&DATE($B$3+1,1,1),업무일지!$P$5:$P$1004,"*"&$A17&"*",업무일지!$D$5:$D$1004,"분석")-E17) | G17: =IF($A17="","",C17+D17+E17+F17) | H17: =IF($A17="","",SUMIFS(업무일지!$U$5:$U$1004,업무일지!$B$5:$B$1004,">="&DATE($B$3,1,1),업무일지!$B$5:$B$1004,"<"&DATE($B$3+1,1,1),업무일지!$P$5:$P$1004,"*"&$A17&"*",업무일지!$D$5:$D$1004,"출장")) | I17: =IF($A17="","",SUMIFS(업무일지!$V$5:$V$1004,업무일지!$B$5:$B$1004,">="&DATE($B$3,1,1),업무일지!$B$5:$B$1004,"<"&DATE($B$3+1,1,1),업무일지!$P$5:$P$1004,"*"&$A17&"*")) | J17: =IF($A17="","",COUNTIFS(일일실시사항!$B$5:$B$1004,">="&DATE($B$3,1,1),일일실시사항!$B$5:$B$1004,"<"&DATE($B$3+1,1,1),일일실시사항!$D$5:$D$1004,$A17)) | K17: =IF($A17="","",SUMIFS(일일실시사항!$J$5:$J$1004,일일실시사항!$B$5:$B$1004,">="&DATE($B$3,1,1),일일실시사항!$B$5:$B$1004,"<"&DATE($B$3+1,1,1),일일실시사항!$D$5:$D$1004,$A17)) | L17: =IF($A17="","",I17+K17) | M17: =IF($A17="","",COUNTIFS(업무일지!$B$5:$B$1004,">="&DATE($B$3,1,1),업무일지!$B$5:$B$1004,"<"&DATE($B$3+1,1,1),업무일지!$P$5:$P$1004,"*"&$A17&"*",업무일지!$X$5:$X$1004,"진행중"))
A18: =IF(코드설정!$C16="","",코드설정!$C16) | B18: =IF($A18="","",코드설정!$D16) | C18: =IF($A18="","",COUNTIFS(업무일지!$B$5:$B$1004,">="&DATE($B$3,1,1),업무일지!$B$5:$B$1004,"<"&DATE($B$3+1,1,1),업무일지!$I$5:$I$1004,$A18,업무일지!$D$5:$D$1004,"출장")) | D18: =IF($A18="","",COUNTIFS(업무일지!$B$5:$B$1004,">="&DATE($B$3,1,1),업무일지!$B$5:$B$1004,"<"&DATE($B$3+1,1,1),업무일지!$P$5:$P$1004,"*"&$A18&"*",업무일지!$D$5:$D$1004,"출장")-C18) | E18: =IF($A18="","",COUNTIFS(업무일지!$B$5:$B$1004,">="&DATE($B$3,1,1),업무일지!$B$5:$B$1004,"<"&DATE($B$3+1,1,1),업무일지!$I$5:$I$1004,$A18,업무일지!$D$5:$D$1004,"분석")) | F18: =IF($A18="","",COUNTIFS(업무일지!$B$5:$B$1004,">="&DATE($B$3,1,1),업무일지!$B$5:$B$1004,"<"&DATE($B$3+1,1,1),업무일지!$P$5:$P$1004,"*"&$A18&"*",업무일지!$D$5:$D$1004,"분석")-E18) | G18: =IF($A18="","",C18+D18+E18+F18) | H18: =IF($A18="","",SUMIFS(업무일지!$U$5:$U$1004,업무일지!$B$5:$B$1004,">="&DATE($B$3,1,1),업무일지!$B$5:$B$1004,"<"&DATE($B$3+1,1,1),업무일지!$P$5:$P$1004,"*"&$A18&"*",업무일지!$D$5:$D$1004,"출장")) | I18: =IF($A18="","",SUMIFS(업무일지!$V$5:$V$1004,업무일지!$B$5:$B$1004,">="&DATE($B$3,1,1),업무일지!$B$5:$B$1004,"<"&DATE($B$3+1,1,1),업무일지!$P$5:$P$1004,"*"&$A18&"*")) | J18: =IF($A18="","",COUNTIFS(일일실시사항!$B$5:$B$1004,">="&DATE($B$3,1,1),일일실시사항!$B$5:$B$1004,"<"&DATE($B$3+1,1,1),일일실시사항!$D$5:$D$1004,$A18)) | K18: =IF($A18="","",SUMIFS(일일실시사항!$J$5:$J$1004,일일실시사항!$B$5:$B$1004,">="&DATE($B$3,1,1),일일실시사항!$B$5:$B$1004,"<"&DATE($B$3+1,1,1),일일실시사항!$D$5:$D$1004,$A18)) | L18: =IF($A18="","",I18+K18) | M18: =IF($A18="","",COUNTIFS(업무일지!$B$5:$B$1004,">="&DATE($B$3,1,1),업무일지!$B$5:$B$1004,"<"&DATE($B$3+1,1,1),업무일지!$P$5:$P$1004,"*"&$A18&"*",업무일지!$X$5:$X$1004,"진행중"))
... A26: =IF(코드설정!$C24="","",코드설정!$C24) | B26: =IF($A26="","",코드설정!$D24) | C26: =IF($A26="","",COUNTIFS(업무일지!$B$5:$B$1004,">="&DATE($B$3,1,1),업무일지!$B$5:$B$1004,"<"&DATE($B$3+1,1,1),업무일지!$I$5:$I$1004,$A26,업무일지!$D$5:$D$1004,"출장")) | D26: =IF($A26="","",COUNTIFS(업무일지!$B$5:$B$1004,">="&DATE($B$3,1,1),업무일지!$B$5:$B$1004,"<"&DATE($B$3+1,1,1),업무일지!$P$5:$P$1004,"*"&$A26&"*",업무일지!$D$5:$D$1004,"출장")-C26) | E26: =IF($A26="","",COUNTIFS(업무일지!$B$5:$B$1004,">="&DATE($B$3,1,1),업무일지!$B$5:$B$1004,"<"&DATE($B$3+1,1,1),업무일지!$I$5:$I$1004,$A26,업무일지!$D$5:$D$1004,"분석")) | F26: =IF($A26="","",COUNTIFS(업무일지!$B$5:$B$1004,">="&DATE($B$3,1,1),업무일지!$B$5:$B$1004,"<"&DATE($B$3+1,1,1),업무일지!$P$5:$P$1004,"*"&$A26&"*",업무일지!$D$5:$D$1004,"분석")-E26) | G26: =IF($A26="","",C26+D26+E26+F26) | H26: =IF($A26="","",SUMIFS(업무일지!$U$5:$U$1004,업무일지!$B$5:$B$1004,">="&DATE($B$3,1,1),업무일지!$B$5:$B$1004,"<"&DATE($B$3+1,1,1),업무일지!$P$5:$P$1004,"*"&$A26&"*",업무일지!$D$5:$D$1004,"출장")) | I26: =IF($A26="","",SUMIFS(업무일지!$V$5:$V$1004,업무일지!$B$5:$B$1004,">="&DATE($B$3,1,1),업무일지!$B$5:$B$1004,"<"&DATE($B$3+1,1,1),업무일지!$P$5:$P$1004,"*"&$A26&"*")) | J26: =IF($A26="","",COUNTIFS(일일실시사항!$B$5:$B$1004,">="&DATE($B$3,1,1),일일실시사항!$B$5:$B$1004,"<"&DATE($B$3+1,1,1),일일실시사항!$D$5:$D$1004,$A26)) | K26: =IF($A26="","",SUMIFS(일일실시사항!$J$5:$J$1004,일일실시사항!$B$5:$B$1004,">="&DATE($B$3,1,1),일일실시사항!$B$5:$B$1004,"<"&DATE($B$3+1,1,1),일일실시사항!$D$5:$D$1004,$A26)) | L26: =IF($A26="","",I26+K26) | M26: =IF($A26="","",COUNTIFS(업무일지!$B$5:$B$1004,">="&DATE($B$3,1,1),업무일지!$B$5:$B$1004,"<"&DATE($B$3+1,1,1),업무일지!$P$5:$P$1004,"*"&$A26&"*",업무일지!$X$5:$X$1004,"진행중"))
A27: 합계 | C27: =SUM(C7:C26) | D27: =SUM(D7:D26) | E27: =SUM(E7:E26) | F27: =SUM(F7:F26) | G27: =SUM(G7:G26) | H27: =SUM(H7:H26) | I27: =SUM(I7:I26) | J27: =SUM(J7:J26) | ... M27: =SUM(M7:M26)
A29: 2. 담당자 × 월별 참여건수 (주담당 + 참여)
A30: 직무구분 필터 → | B30: 전체
A31: 담당자 | B31: 1월 | C31: 2월 | D31: 3월 | E31: 4월 | F31: 5월 | G31: 6월 | H31: 7월 | I31: 8월 | J31: 9월 | K31: 10월 | L31: 11월 | M31: 12월 | N31: 합계
A32: =IF($A7="","",$A7) | B32: =IF($A32="","",IF($B$30="전체",COUNTIFS(업무일지!$B$5:$B$1004,">="&DATE($B$3,1,1),업무일지!$B$5:$B$1004,"<"&DATE($B$3,1+1,1),업무일지!$P$5:$P$1004,"*"&$A32&"*"),COUNTIFS(업무일지!$B$5:$B$1004,">="&DATE($B$3,1,1),업무일지!$B$5:$B$1004,"<"&DATE($B$3,1+1,1),업무일지!$P$5:$P$1004,"*"&$A32&"*",업무일지!$D$5:$D$1004,$B$30))) | C32: =IF($A32="","",IF($B$30="전체",COUNTIFS(업무일지!$B$5:$B$1004,">="&DATE($B$3,2,1),업무일지!$B$5:$B$1004,"<"&DATE($B$3,2+1,1),업무일지!$P$5:$P$1004,"*"&$A32&"*"),COUNTIFS(업무일지!$B$5:$B$1004,">="&DATE($B$3,2,1),업무일지!$B$5:$B$1004,"<"&DATE($B$3,2+1,1),업무일지!$P$5:$P$1004,"*"&$A32&"*",업무일지!$D$5:$D$1004,$B$30))) | D32: =IF($A32="","",IF($B$30="전체",COUNTIFS(업무일지!$B$5:$B$1004,">="&DATE($B$3,3,1),업무일지!$B$5:$B$1004,"<"&DATE($B$3,3+1,1),업무일지!$P$5:$P$1004,"*"&$A32&"*"),COUNTIFS(업무일지!$B$5:$B$1004,">="&DATE($B$3,3,1),업무일지!$B$5:$B$1004,"<"&DATE($B$3,3+1,1),업무일지!$P$5:$P$1004,"*"&$A32&"*",업무일지!$D$5:$D$1004,$B$30))) | E32: =IF($A32="","",IF($B$30="전체",COUNTIFS(업무일지!$B$5:$B$1004,">="&DATE($B$3,4,1),업무일지!$B$5:$B$1004,"<"&DATE($B$3,4+1,1),업무일지!$P$5:$P$1004,"*"&$A32&"*"),COUNTIFS(업무일지!$B$5:$B$1004,">="&DATE($B$3,4,1),업무일지!$B$5:$B$1004,"<"&DATE($B$3,4+1,1),업무일지!$P$5:$P$1004,"*"&$A32&"*",업무일지!$D$5:$D$1004,$B$30))) | F32: =IF($A32="","",IF($B$30="전체",COUNTIFS(업무일지!$B$5:$B$1004,">="&DATE($B$3,5,1),업무일지!$B$5:$B$1004,"<"&DATE($B$3,5+1,1),업무일지!$P$5:$P$1004,"*"&$A32&"*"),COUNTIFS(업무일지!$B$5:$B$1004,">="&DATE($B$3,5,1),업무일지!$B$5:$B$1004,"<"&DATE($B$3,5+1,1),업무일지!$P$5:$P$1004,"*"&$A32&"*",업무일지!$D$5:$D$1004,$B$30))) | G32: =IF($A32="","",IF($B$30="전체",COUNTIFS(업무일지!$B$5:$B$1004,">="&DATE($B$3,6,1),업무일지!$B$5:$B$1004,"<"&DATE($B$3,6+1,1),업무일지!$P$5:$P$1004,"*"&$A32&"*"),COUNTIFS(업무일지!$B$5:$B$1004,">="&DATE($B$3,6,1),업무일지!$B$5:$B$1004,"<"&DATE($B$3,6+1,1),업무일지!$P$5:$P$1004,"*"&$A32&"*",업무일지!$D$5:$D$1004,$B$30))) | H32: =IF($A32="","",IF($B$30="전체",COUNTIFS(업무일지!$B$5:$B$1004,">="&DATE($B$3,7,1),업무일지!$B$5:$B$1004,"<"&DATE($B$3,7+1,1),업무일지!$P$5:$P$1004,"*"&$A32&"*"),COUNTIFS(업무일지!$B$5:$B$1004,">="&DATE($B$3,7,1),업무일지!$B$5:$B$1004,"<"&DATE($B$3,7+1,1),업무일지!$P$5:$P$1004,"*"&$A32&"*",업무일지!$D$5:$D$1004,$B$30))) | I32: =IF($A32="","",IF($B$30="전체",COUNTIFS(업무일지!$B$5:$B$1004,">="&DATE($B$3,8,1),업무일지!$B$5:$B$1004,"<"&DATE($B$3,8+1,1),업무일지!$P$5:$P$1004,"*"&$A32&"*"),COUNTIFS(업무일지!$B$5:$B$1004,">="&DATE($B$3,8,1),업무일지!$B$5:$B$1004,"<"&DATE($B$3,8+1,1),업무일지!$P$5:$P$1004,"*"&$A32&"*",업무일지!$D$5:$D$1004,$B$30))) | J32: =IF($A32="","",IF($B$30="전체",COUNTIFS(업무일지!$B$5:$B$1004,">="&DATE($B$3,9,1),업무일지!$B$5:$B$1004,"<"&DATE($B$3,9+1,1),업무일지!$P$5:$P$1004,"*"&$A32&"*"),COUNTIFS(업무일지!$B$5:$B$1004,">="&DATE($B$3,9,1),업무일지!$B$5:$B$1004,"<"&DATE($B$3,9+1,1),업무일지!$P$5:$P$1004,"*"&$A32&"*",업무일지!$D$5:$D$1004,$B$30))) | K32: =IF($A32="","",IF($B$30="전체",COUNTIFS(업무일지!$B$5:$B$1004,">="&DATE($B$3,10,1),업무일지!$B$5:$B$1004,"<"&DATE($B$3,10+1,1),업무일지!$P$5:$P$1004,"*"&$A32&"*"),COUNTIFS(업무일지!$B$5:$B$1004,">="&DATE($B$3,10,1),업무일지!$B$5:$B$1004,"<"&DATE($B$3,10+1,1),업무일지!$P$5:$P$1004,"*"&$A32&"*",업무일지!$D$5:$D$1004,$B$30))) | L32: =IF($A32="","",IF($B$30="전체",COUNTIFS(업무일지!$B$5:$B$1004,">="&DATE($B$3,11,1),업무일지!$B$5:$B$1004,"<"&DATE($B$3,11+1,1),업무일지!$P$5:$P$1004,"*"&$A32&"*"),COUNTIFS(업무일지!$B$5:$B$1004,">="&DATE($B$3,11,1),업무일지!$B$5:$B$1004,"<"&DATE($B$3,11+1,1),업무일지!$P$5:$P$1004,"*"&$A32&"*",업무일지!$D$5:$D$1004,$B$30))) | M32: =IF($A32="","",IF($B$30="전체",COUNTIFS(업무일지!$B$5:$B$1004,">="&DATE($B$3,12,1),업무일지!$B$5:$B$1004,"<"&DATE($B$3,12+1,1),업무일지!$P$5:$P$1004,"*"&$A32&"*"),COUNTIFS(업무일지!$B$5:$B$1004,">="&DATE($B$3,12,1),업무일지!$B$5:$B$1004,"<"&DATE($B$3,12+1,1),업무일지!$P$5:$P$1004,"*"&$A32&"*",업무일지!$D$5:$D$1004,$B$30))) | N32: =IF($A32="","",SUM(B32:M32))
A33: =IF($A8="","",$A8) | B33: =IF($A33="","",IF($B$30="전체",COUNTIFS(업무일지!$B$5:$B$1004,">="&DATE($B$3,1,1),업무일지!$B$5:$B$1004,"<"&DATE($B$3,1+1,1),업무일지!$P$5:$P$1004,"*"&$A33&"*"),COUNTIFS(업무일지!$B$5:$B$1004,">="&DATE($B$3,1,1),업무일지!$B$5:$B$1004,"<"&DATE($B$3,1+1,1),업무일지!$P$5:$P$1004,"*"&$A33&"*",업무일지!$D$5:$D$1004,$B$30))) | C33: =IF($A33="","",IF($B$30="전체",COUNTIFS(업무일지!$B$5:$B$1004,">="&DATE($B$3,2,1),업무일지!$B$5:$B$1004,"<"&DATE($B$3,2+1,1),업무일지!$P$5:$P$1004,"*"&$A33&"*"),COUNTIFS(업무일지!$B$5:$B$1004,">="&DATE($B$3,2,1),업무일지!$B$5:$B$1004,"<"&DATE($B$3,2+1,1),업무일지!$P$5:$P$1004,"*"&$A33&"*",업무일지!$D$5:$D$1004,$B$30))) | D33: =IF($A33="","",IF($B$30="전체",COUNTIFS(업무일지!$B$5:$B$1004,">="&DATE($B$3,3,1),업무일지!$B$5:$B$1004,"<"&DATE($B$3,3+1,1),업무일지!$P$5:$P$1004,"*"&$A33&"*"),COUNTIFS(업무일지!$B$5:$B$1004,">="&DATE($B$3,3,1),업무일지!$B$5:$B$1004,"<"&DATE($B$3,3+1,1),업무일지!$P$5:$P$1004,"*"&$A33&"*",업무일지!$D$5:$D$1004,$B$30))) | E33: =IF($A33="","",IF($B$30="전체",COUNTIFS(업무일지!$B$5:$B$1004,">="&DATE($B$3,4,1),업무일지!$B$5:$B$1004,"<"&DATE($B$3,4+1,1),업무일지!$P$5:$P$1004,"*"&$A33&"*"),COUNTIFS(업무일지!$B$5:$B$1004,">="&DATE($B$3,4,1),업무일지!$B$5:$B$1004,"<"&DATE($B$3,4+1,1),업무일지!$P$5:$P$1004,"*"&$A33&"*",업무일지!$D$5:$D$1004,$B$30))) | F33: =IF($A33="","",IF($B$30="전체",COUNTIFS(업무일지!$B$5:$B$1004,">="&DATE($B$3,5,1),업무일지!$B$5:$B$1004,"<"&DATE($B$3,5+1,1),업무일지!$P$5:$P$1004,"*"&$A33&"*"),COUNTIFS(업무일지!$B$5:$B$1004,">="&DATE($B$3,5,1),업무일지!$B$5:$B$1004,"<"&DATE($B$3,5+1,1),업무일지!$P$5:$P$1004,"*"&$A33&"*",업무일지!$D$5:$D$1004,$B$30))) | G33: =IF($A33="","",IF($B$30="전체",COUNTIFS(업무일지!$B$5:$B$1004,">="&DATE($B$3,6,1),업무일지!$B$5:$B$1004,"<"&DATE($B$3,6+1,1),업무일지!$P$5:$P$1004,"*"&$A33&"*"),COUNTIFS(업무일지!$B$5:$B$1004,">="&DATE($B$3,6,1),업무일지!$B$5:$B$1004,"<"&DATE($B$3,6+1,1),업무일지!$P$5:$P$1004,"*"&$A33&"*",업무일지!$D$5:$D$1004,$B$30))) | H33: =IF($A33="","",IF($B$30="전체",COUNTIFS(업무일지!$B$5:$B$1004,">="&DATE($B$3,7,1),업무일지!$B$5:$B$1004,"<"&DATE($B$3,7+1,1),업무일지!$P$5:$P$1004,"*"&$A33&"*"),COUNTIFS(업무일지!$B$5:$B$1004,">="&DATE($B$3,7,1),업무일지!$B$5:$B$1004,"<"&DATE($B$3,7+1,1),업무일지!$P$5:$P$1004,"*"&$A33&"*",업무일지!$D$5:$D$1004,$B$30))) | I33: =IF($A33="","",IF($B$30="전체",COUNTIFS(업무일지!$B$5:$B$1004,">="&DATE($B$3,8,1),업무일지!$B$5:$B$1004,"<"&DATE($B$3,8+1,1),업무일지!$P$5:$P$1004,"*"&$A33&"*"),COUNTIFS(업무일지!$B$5:$B$1004,">="&DATE($B$3,8,1),업무일지!$B$5:$B$1004,"<"&DATE($B$3,8+1,1),업무일지!$P$5:$P$1004,"*"&$A33&"*",업무일지!$D$5:$D$1004,$B$30))) | J33: =IF($A33="","",IF($B$30="전체",COUNTIFS(업무일지!$B$5:$B$1004,">="&DATE($B$3,9,1),업무일지!$B$5:$B$1004,"<"&DATE($B$3,9+1,1),업무일지!$P$5:$P$1004,"*"&$A33&"*"),COUNTIFS(업무일지!$B$5:$B$1004,">="&DATE($B$3,9,1),업무일지!$B$5:$B$1004,"<"&DATE($B$3,9+1,1),업무일지!$P$5:$P$1004,"*"&$A33&"*",업무일지!$D$5:$D$1004,$B$30))) | K33: =IF($A33="","",IF($B$30="전체",COUNTIFS(업무일지!$B$5:$B$1004,">="&DATE($B$3,10,1),업무일지!$B$5:$B$1004,"<"&DATE($B$3,10+1,1),업무일지!$P$5:$P$1004,"*"&$A33&"*"),COUNTIFS(업무일지!$B$5:$B$1004,">="&DATE($B$3,10,1),업무일지!$B$5:$B$1004,"<"&DATE($B$3,10+1,1),업무일지!$P$5:$P$1004,"*"&$A33&"*",업무일지!$D$5:$D$1004,$B$30))) | L33: =IF($A33="","",IF($B$30="전체",COUNTIFS(업무일지!$B$5:$B$1004,">="&DATE($B$3,11,1),업무일지!$B$5:$B$1004,"<"&DATE($B$3,11+1,1),업무일지!$P$5:$P$1004,"*"&$A33&"*"),COUNTIFS(업무일지!$B$5:$B$1004,">="&DATE($B$3,11,1),업무일지!$B$5:$B$1004,"<"&DATE($B$3,11+1,1),업무일지!$P$5:$P$1004,"*"&$A33&"*",업무일지!$D$5:$D$1004,$B$30))) | M33: =IF($A33="","",IF($B$30="전체",COUNTIFS(업무일지!$B$5:$B$1004,">="&DATE($B$3,12,1),업무일지!$B$5:$B$1004,"<"&DATE($B$3,12+1,1),업무일지!$P$5:$P$1004,"*"&$A33&"*"),COUNTIFS(업무일지!$B$5:$B$1004,">="&DATE($B$3,12,1),업무일지!$B$5:$B$1004,"<"&DATE($B$3,12+1,1),업무일지!$P$5:$P$1004,"*"&$A33&"*",업무일지!$D$5:$D$1004,$B$30))) | N33: =IF($A33="","",SUM(B33:M33))
A34: =IF($A9="","",$A9) | B34: =IF($A34="","",IF($B$30="전체",COUNTIFS(업무일지!$B$5:$B$1004,">="&DATE($B$3,1,1),업무일지!$B$5:$B$1004,"<"&DATE($B$3,1+1,1),업무일지!$P$5:$P$1004,"*"&$A34&"*"),COUNTIFS(업무일지!$B$5:$B$1004,">="&DATE($B$3,1,1),업무일지!$B$5:$B$1004,"<"&DATE($B$3,1+1,1),업무일지!$P$5:$P$1004,"*"&$A34&"*",업무일지!$D$5:$D$1004,$B$30))) | C34: =IF($A34="","",IF($B$30="전체",COUNTIFS(업무일지!$B$5:$B$1004,">="&DATE($B$3,2,1),업무일지!$B$5:$B$1004,"<"&DATE($B$3,2+1,1),업무일지!$P$5:$P$1004,"*"&$A34&"*"),COUNTIFS(업무일지!$B$5:$B$1004,">="&DATE($B$3,2,1),업무일지!$B$5:$B$1004,"<"&DATE($B$3,2+1,1),업무일지!$P$5:$P$1004,"*"&$A34&"*",업무일지!$D$5:$D$1004,$B$30))) | D34: =IF($A34="","",IF($B$30="전체",COUNTIFS(업무일지!$B$5:$B$1004,">="&DATE($B$3,3,1),업무일지!$B$5:$B$1004,"<"&DATE($B$3,3+1,1),업무일지!$P$5:$P$1004,"*"&$A34&"*"),COUNTIFS(업무일지!$B$5:$B$1004,">="&DATE($B$3,3,1),업무일지!$B$5:$B$1004,"<"&DATE($B$3,3+1,1),업무일지!$P$5:$P$1004,"*"&$A34&"*",업무일지!$D$5:$D$1004,$B$30))) | E34: =IF($A34="","",IF($B$30="전체",COUNTIFS(업무일지!$B$5:$B$1004,">="&DATE($B$3,4,1),업무일지!$B$5:$B$1004,"<"&DATE($B$3,4+1,1),업무일지!$P$5:$P$1004,"*"&$A34&"*"),COUNTIFS(업무일지!$B$5:$B$1004,">="&DATE($B$3,4,1),업무일지!$B$5:$B$1004,"<"&DATE($B$3,4+1,1),업무일지!$P$5:$P$1004,"*"&$A34&"*",업무일지!$D$5:$D$1004,$B$30))) | F34: =IF($A34="","",IF($B$30="전체",COUNTIFS(업무일지!$B$5:$B$1004,">="&DATE($B$3,5,1),업무일지!$B$5:$B$1004,"<"&DATE($B$3,5+1,1),업무일지!$P$5:$P$1004,"*"&$A34&"*"),COUNTIFS(업무일지!$B$5:$B$1004,">="&DATE($B$3,5,1),업무일지!$B$5:$B$1004,"<"&DATE($B$3,5+1,1),업무일지!$P$5:$P$1004,"*"&$A34&"*",업무일지!$D$5:$D$1004,$B$30))) | G34: =IF($A34="","",IF($B$30="전체",COUNTIFS(업무일지!$B$5:$B$1004,">="&DATE($B$3,6,1),업무일지!$B$5:$B$1004,"<"&DATE($B$3,6+1,1),업무일지!$P$5:$P$1004,"*"&$A34&"*"),COUNTIFS(업무일지!$B$5:$B$1004,">="&DATE($B$3,6,1),업무일지!$B$5:$B$1004,"<"&DATE($B$3,6+1,1),업무일지!$P$5:$P$1004,"*"&$A34&"*",업무일지!$D$5:$D$1004,$B$30))) | H34: =IF($A34="","",IF($B$30="전체",COUNTIFS(업무일지!$B$5:$B$1004,">="&DATE($B$3,7,1),업무일지!$B$5:$B$1004,"<"&DATE($B$3,7+1,1),업무일지!$P$5:$P$1004,"*"&$A34&"*"),COUNTIFS(업무일지!$B$5:$B$1004,">="&DATE($B$3,7,1),업무일지!$B$5:$B$1004,"<"&DATE($B$3,7+1,1),업무일지!$P$5:$P$1004,"*"&$A34&"*",업무일지!$D$5:$D$1004,$B$30))) | I34: =IF($A34="","",IF($B$30="전체",COUNTIFS(업무일지!$B$5:$B$1004,">="&DATE($B$3,8,1),업무일지!$B$5:$B$1004,"<"&DATE($B$3,8+1,1),업무일지!$P$5:$P$1004,"*"&$A34&"*"),COUNTIFS(업무일지!$B$5:$B$1004,">="&DATE($B$3,8,1),업무일지!$B$5:$B$1004,"<"&DATE($B$3,8+1,1),업무일지!$P$5:$P$1004,"*"&$A34&"*",업무일지!$D$5:$D$1004,$B$30))) | J34: =IF($A34="","",IF($B$30="전체",COUNTIFS(업무일지!$B$5:$B$1004,">="&DATE($B$3,9,1),업무일지!$B$5:$B$1004,"<"&DATE($B$3,9+1,1),업무일지!$P$5:$P$1004,"*"&$A34&"*"),COUNTIFS(업무일지!$B$5:$B$1004,">="&DATE($B$3,9,1),업무일지!$B$5:$B$1004,"<"&DATE($B$3,9+1,1),업무일지!$P$5:$P$1004,"*"&$A34&"*",업무일지!$D$5:$D$1004,$B$30))) | K34: =IF($A34="","",IF($B$30="전체",COUNTIFS(업무일지!$B$5:$B$1004,">="&DATE($B$3,10,1),업무일지!$B$5:$B$1004,"<"&DATE($B$3,10+1,1),업무일지!$P$5:$P$1004,"*"&$A34&"*"),COUNTIFS(업무일지!$B$5:$B$1004,">="&DATE($B$3,10,1),업무일지!$B$5:$B$1004,"<"&DATE($B$3,10+1,1),업무일지!$P$5:$P$1004,"*"&$A34&"*",업무일지!$D$5:$D$1004,$B$30))) | L34: =IF($A34="","",IF($B$30="전체",COUNTIFS(업무일지!$B$5:$B$1004,">="&DATE($B$3,11,1),업무일지!$B$5:$B$1004,"<"&DATE($B$3,11+1,1),업무일지!$P$5:$P$1004,"*"&$A34&"*"),COUNTIFS(업무일지!$B$5:$B$1004,">="&DATE($B$3,11,1),업무일지!$B$5:$B$1004,"<"&DATE($B$3,11+1,1),업무일지!$P$5:$P$1004,"*"&$A34&"*",업무일지!$D$5:$D$1004,$B$30))) | M34: =IF($A34="","",IF($B$30="전체",COUNTIFS(업무일지!$B$5:$B$1004,">="&DATE($B$3,12,1),업무일지!$B$5:$B$1004,"<"&DATE($B$3,12+1,1),업무일지!$P$5:$P$1004,"*"&$A34&"*"),COUNTIFS(업무일지!$B$5:$B$1004,">="&DATE($B$3,12,1),업무일지!$B$5:$B$1004,"<"&DATE($B$3,12+1,1),업무일지!$P$5:$P$1004,"*"&$A34&"*",업무일지!$D$5:$D$1004,$B$30))) | N34: =IF($A34="","",SUM(B34:M34))
A35: =IF($A10="","",$A10) | B35: =IF($A35="","",IF($B$30="전체",COUNTIFS(업무일지!$B$5:$B$1004,">="&DATE($B$3,1,1),업무일지!$B$5:$B$1004,"<"&DATE($B$3,1+1,1),업무일지!$P$5:$P$1004,"*"&$A35&"*"),COUNTIFS(업무일지!$B$5:$B$1004,">="&DATE($B$3,1,1),업무일지!$B$5:$B$1004,"<"&DATE($B$3,1+1,1),업무일지!$P$5:$P$1004,"*"&$A35&"*",업무일지!$D$5:$D$1004,$B$30))) | C35: =IF($A35="","",IF($B$30="전체",COUNTIFS(업무일지!$B$5:$B$1004,">="&DATE($B$3,2,1),업무일지!$B$5:$B$1004,"<"&DATE($B$3,2+1,1),업무일지!$P$5:$P$1004,"*"&$A35&"*"),COUNTIFS(업무일지!$B$5:$B$1004,">="&DATE($B$3,2,1),업무일지!$B$5:$B$1004,"<"&DATE($B$3,2+1,1),업무일지!$P$5:$P$1004,"*"&$A35&"*",업무일지!$D$5:$D$1004,$B$30))) | D35: =IF($A35="","",IF($B$30="전체",COUNTIFS(업무일지!$B$5:$B$1004,">="&DATE($B$3,3,1),업무일지!$B$5:$B$1004,"<"&DATE($B$3,3+1,1),업무일지!$P$5:$P$1004,"*"&$A35&"*"),COUNTIFS(업무일지!$B$5:$B$1004,">="&DATE($B$3,3,1),업무일지!$B$5:$B$1004,"<"&DATE($B$3,3+1,1),업무일지!$P$5:$P$1004,"*"&$A35&"*",업무일지!$D$5:$D$1004,$B$30))) | E35: =IF($A35="","",IF($B$30="전체",COUNTIFS(업무일지!$B$5:$B$1004,">="&DATE($B$3,4,1),업무일지!$B$5:$B$1004,"<"&DATE($B$3,4+1,1),업무일지!$P$5:$P$1004,"*"&$A35&"*"),COUNTIFS(업무일지!$B$5:$B$1004,">="&DATE($B$3,4,1),업무일지!$B$5:$B$1004,"<"&DATE($B$3,4+1,1),업무일지!$P$5:$P$1004,"*"&$A35&"*",업무일지!$D$5:$D$1004,$B$30))) | F35: =IF($A35="","",IF($B$30="전체",COUNTIFS(업무일지!$B$5:$B$1004,">="&DATE($B$3,5,1),업무일지!$B$5:$B$1004,"<"&DATE($B$3,5+1,1),업무일지!$P$5:$P$1004,"*"&$A35&"*"),COUNTIFS(업무일지!$B$5:$B$1004,">="&DATE($B$3,5,1),업무일지!$B$5:$B$1004,"<"&DATE($B$3,5+1,1),업무일지!$P$5:$P$1004,"*"&$A35&"*",업무일지!$D$5:$D$1004,$B$30))) | G35: =IF($A35="","",IF($B$30="전체",COUNTIFS(업무일지!$B$5:$B$1004,">="&DATE($B$3,6,1),업무일지!$B$5:$B$1004,"<"&DATE($B$3,6+1,1),업무일지!$P$5:$P$1004,"*"&$A35&"*"),COUNTIFS(업무일지!$B$5:$B$1004,">="&DATE($B$3,6,1),업무일지!$B$5:$B$1004,"<"&DATE($B$3,6+1,1),업무일지!$P$5:$P$1004,"*"&$A35&"*",업무일지!$D$5:$D$1004,$B$30))) | H35: =IF($A35="","",IF($B$30="전체",COUNTIFS(업무일지!$B$5:$B$1004,">="&DATE($B$3,7,1),업무일지!$B$5:$B$1004,"<"&DATE($B$3,7+1,1),업무일지!$P$5:$P$1004,"*"&$A35&"*"),COUNTIFS(업무일지!$B$5:$B$1004,">="&DATE($B$3,7,1),업무일지!$B$5:$B$1004,"<"&DATE($B$3,7+1,1),업무일지!$P$5:$P$1004,"*"&$A35&"*",업무일지!$D$5:$D$1004,$B$30))) | I35: =IF($A35="","",IF($B$30="전체",COUNTIFS(업무일지!$B$5:$B$1004,">="&DATE($B$3,8,1),업무일지!$B$5:$B$1004,"<"&DATE($B$3,8+1,1),업무일지!$P$5:$P$1004,"*"&$A35&"*"),COUNTIFS(업무일지!$B$5:$B$1004,">="&DATE($B$3,8,1),업무일지!$B$5:$B$1004,"<"&DATE($B$3,8+1,1),업무일지!$P$5:$P$1004,"*"&$A35&"*",업무일지!$D$5:$D$1004,$B$30))) | J35: =IF($A35="","",IF($B$30="전체",COUNTIFS(업무일지!$B$5:$B$1004,">="&DATE($B$3,9,1),업무일지!$B$5:$B$1004,"<"&DATE($B$3,9+1,1),업무일지!$P$5:$P$1004,"*"&$A35&"*"),COUNTIFS(업무일지!$B$5:$B$1004,">="&DATE($B$3,9,1),업무일지!$B$5:$B$1004,"<"&DATE($B$3,9+1,1),업무일지!$P$5:$P$1004,"*"&$A35&"*",업무일지!$D$5:$D$1004,$B$30))) | K35: =IF($A35="","",IF($B$30="전체",COUNTIFS(업무일지!$B$5:$B$1004,">="&DATE($B$3,10,1),업무일지!$B$5:$B$1004,"<"&DATE($B$3,10+1,1),업무일지!$P$5:$P$1004,"*"&$A35&"*"),COUNTIFS(업무일지!$B$5:$B$1004,">="&DATE($B$3,10,1),업무일지!$B$5:$B$1004,"<"&DATE($B$3,10+1,1),업무일지!$P$5:$P$1004,"*"&$A35&"*",업무일지!$D$5:$D$1004,$B$30))) | L35: =IF($A35="","",IF($B$30="전체",COUNTIFS(업무일지!$B$5:$B$1004,">="&DATE($B$3,11,1),업무일지!$B$5:$B$1004,"<"&DATE($B$3,11+1,1),업무일지!$P$5:$P$1004,"*"&$A35&"*"),COUNTIFS(업무일지!$B$5:$B$1004,">="&DATE($B$3,11,1),업무일지!$B$5:$B$1004,"<"&DATE($B$3,11+1,1),업무일지!$P$5:$P$1004,"*"&$A35&"*",업무일지!$D$5:$D$1004,$B$30))) | M35: =IF($A35="","",IF($B$30="전체",COUNTIFS(업무일지!$B$5:$B$1004,">="&DATE($B$3,12,1),업무일지!$B$5:$B$1004,"<"&DATE($B$3,12+1,1),업무일지!$P$5:$P$1004,"*"&$A35&"*"),COUNTIFS(업무일지!$B$5:$B$1004,">="&DATE($B$3,12,1),업무일지!$B$5:$B$1004,"<"&DATE($B$3,12+1,1),업무일지!$P$5:$P$1004,"*"&$A35&"*",업무일지!$D$5:$D$1004,$B$30))) | N35: =IF($A35="","",SUM(B35:M35))
A36: =IF($A11="","",$A11) | B36: =IF($A36="","",IF($B$30="전체",COUNTIFS(업무일지!$B$5:$B$1004,">="&DATE($B$3,1,1),업무일지!$B$5:$B$1004,"<"&DATE($B$3,1+1,1),업무일지!$P$5:$P$1004,"*"&$A36&"*"),COUNTIFS(업무일지!$B$5:$B$1004,">="&DATE($B$3,1,1),업무일지!$B$5:$B$1004,"<"&DATE($B$3,1+1,1),업무일지!$P$5:$P$1004,"*"&$A36&"*",업무일지!$D$5:$D$1004,$B$30))) | C36: =IF($A36="","",IF($B$30="전체",COUNTIFS(업무일지!$B$5:$B$1004,">="&DATE($B$3,2,1),업무일지!$B$5:$B$1004,"<"&DATE($B$3,2+1,1),업무일지!$P$5:$P$1004,"*"&$A36&"*"),COUNTIFS(업무일지!$B$5:$B$1004,">="&DATE($B$3,2,1),업무일지!$B$5:$B$1004,"<"&DATE($B$3,2+1,1),업무일지!$P$5:$P$1004,"*"&$A36&"*",업무일지!$D$5:$D$1004,$B$30))) | D36: =IF($A36="","",IF($B$30="전체",COUNTIFS(업무일지!$B$5:$B$1004,">="&DATE($B$3,3,1),업무일지!$B$5:$B$1004,"<"&DATE($B$3,3+1,1),업무일지!$P$5:$P$1004,"*"&$A36&"*"),COUNTIFS(업무일지!$B$5:$B$1004,">="&DATE($B$3,3,1),업무일지!$B$5:$B$1004,"<"&DATE($B$3,3+1,1),업무일지!$P$5:$P$1004,"*"&$A36&"*",업무일지!$D$5:$D$1004,$B$30))) | E36: =IF($A36="","",IF($B$30="전체",COUNTIFS(업무일지!$B$5:$B$1004,">="&DATE($B$3,4,1),업무일지!$B$5:$B$1004,"<"&DATE($B$3,4+1,1),업무일지!$P$5:$P$1004,"*"&$A36&"*"),COUNTIFS(업무일지!$B$5:$B$1004,">="&DATE($B$3,4,1),업무일지!$B$5:$B$1004,"<"&DATE($B$3,4+1,1),업무일지!$P$5:$P$1004,"*"&$A36&"*",업무일지!$D$5:$D$1004,$B$30))) | F36: =IF($A36="","",IF($B$30="전체",COUNTIFS(업무일지!$B$5:$B$1004,">="&DATE($B$3,5,1),업무일지!$B$5:$B$1004,"<"&DATE($B$3,5+1,1),업무일지!$P$5:$P$1004,"*"&$A36&"*"),COUNTIFS(업무일지!$B$5:$B$1004,">="&DATE($B$3,5,1),업무일지!$B$5:$B$1004,"<"&DATE($B$3,5+1,1),업무일지!$P$5:$P$1004,"*"&$A36&"*",업무일지!$D$5:$D$1004,$B$30))) | G36: =IF($A36="","",IF($B$30="전체",COUNTIFS(업무일지!$B$5:$B$1004,">="&DATE($B$3,6,1),업무일지!$B$5:$B$1004,"<"&DATE($B$3,6+1,1),업무일지!$P$5:$P$1004,"*"&$A36&"*"),COUNTIFS(업무일지!$B$5:$B$1004,">="&DATE($B$3,6,1),업무일지!$B$5:$B$1004,"<"&DATE($B$3,6+1,1),업무일지!$P$5:$P$1004,"*"&$A36&"*",업무일지!$D$5:$D$1004,$B$30))) | H36: =IF($A36="","",IF($B$30="전체",COUNTIFS(업무일지!$B$5:$B$1004,">="&DATE($B$3,7,1),업무일지!$B$5:$B$1004,"<"&DATE($B$3,7+1,1),업무일지!$P$5:$P$1004,"*"&$A36&"*"),COUNTIFS(업무일지!$B$5:$B$1004,">="&DATE($B$3,7,1),업무일지!$B$5:$B$1004,"<"&DATE($B$3,7+1,1),업무일지!$P$5:$P$1004,"*"&$A36&"*",업무일지!$D$5:$D$1004,$B$30))) | I36: =IF($A36="","",IF($B$30="전체",COUNTIFS(업무일지!$B$5:$B$1004,">="&DATE($B$3,8,1),업무일지!$B$5:$B$1004,"<"&DATE($B$3,8+1,1),업무일지!$P$5:$P$1004,"*"&$A36&"*"),COUNTIFS(업무일지!$B$5:$B$1004,">="&DATE($B$3,8,1),업무일지!$B$5:$B$1004,"<"&DATE($B$3,8+1,1),업무일지!$P$5:$P$1004,"*"&$A36&"*",업무일지!$D$5:$D$1004,$B$30))) | J36: =IF($A36="","",IF($B$30="전체",COUNTIFS(업무일지!$B$5:$B$1004,">="&DATE($B$3,9,1),업무일지!$B$5:$B$1004,"<"&DATE($B$3,9+1,1),업무일지!$P$5:$P$1004,"*"&$A36&"*"),COUNTIFS(업무일지!$B$5:$B$1004,">="&DATE($B$3,9,1),업무일지!$B$5:$B$1004,"<"&DATE($B$3,9+1,1),업무일지!$P$5:$P$1004,"*"&$A36&"*",업무일지!$D$5:$D$1004,$B$30))) | K36: =IF($A36="","",IF($B$30="전체",COUNTIFS(업무일지!$B$5:$B$1004,">="&DATE($B$3,10,1),업무일지!$B$5:$B$1004,"<"&DATE($B$3,10+1,1),업무일지!$P$5:$P$1004,"*"&$A36&"*"),COUNTIFS(업무일지!$B$5:$B$1004,">="&DATE($B$3,10,1),업무일지!$B$5:$B$1004,"<"&DATE($B$3,10+1,1),업무일지!$P$5:$P$1004,"*"&$A36&"*",업무일지!$D$5:$D$1004,$B$30))) | L36: =IF($A36="","",IF($B$30="전체",COUNTIFS(업무일지!$B$5:$B$1004,">="&DATE($B$3,11,1),업무일지!$B$5:$B$1004,"<"&DATE($B$3,11+1,1),업무일지!$P$5:$P$1004,"*"&$A36&"*"),COUNTIFS(업무일지!$B$5:$B$1004,">="&DATE($B$3,11,1),업무일지!$B$5:$B$1004,"<"&DATE($B$3,11+1,1),업무일지!$P$5:$P$1004,"*"&$A36&"*",업무일지!$D$5:$D$1004,$B$30))) | M36: =IF($A36="","",IF($B$30="전체",COUNTIFS(업무일지!$B$5:$B$1004,">="&DATE($B$3,12,1),업무일지!$B$5:$B$1004,"<"&DATE($B$3,12+1,1),업무일지!$P$5:$P$1004,"*"&$A36&"*"),COUNTIFS(업무일지!$B$5:$B$1004,">="&DATE($B$3,12,1),업무일지!$B$5:$B$1004,"<"&DATE($B$3,12+1,1),업무일지!$P$5:$P$1004,"*"&$A36&"*",업무일지!$D$5:$D$1004,$B$30))) | N36: =IF($A36="","",SUM(B36:M36))
A37: =IF($A12="","",$A12) | B37: =IF($A37="","",IF($B$30="전체",COUNTIFS(업무일지!$B$5:$B$1004,">="&DATE($B$3,1,1),업무일지!$B$5:$B$1004,"<"&DATE($B$3,1+1,1),업무일지!$P$5:$P$1004,"*"&$A37&"*"),COUNTIFS(업무일지!$B$5:$B$1004,">="&DATE($B$3,1,1),업무일지!$B$5:$B$1004,"<"&DATE($B$3,1+1,1),업무일지!$P$5:$P$1004,"*"&$A37&"*",업무일지!$D$5:$D$1004,$B$30))) | C37: =IF($A37="","",IF($B$30="전체",COUNTIFS(업무일지!$B$5:$B$1004,">="&DATE($B$3,2,1),업무일지!$B$5:$B$1004,"<"&DATE($B$3,2+1,1),업무일지!$P$5:$P$1004,"*"&$A37&"*"),COUNTIFS(업무일지!$B$5:$B$1004,">="&DATE($B$3,2,1),업무일지!$B$5:$B$1004,"<"&DATE($B$3,2+1,1),업무일지!$P$5:$P$1004,"*"&$A37&"*",업무일지!$D$5:$D$1004,$B$30))) | D37: =IF($A37="","",IF($B$30="전체",COUNTIFS(업무일지!$B$5:$B$1004,">="&DATE($B$3,3,1),업무일지!$B$5:$B$1004,"<"&DATE($B$3,3+1,1),업무일지!$P$5:$P$1004,"*"&$A37&"*"),COUNTIFS(업무일지!$B$5:$B$1004,">="&DATE($B$3,3,1),업무일지!$B$5:$B$1004,"<"&DATE($B$3,3+1,1),업무일지!$P$5:$P$1004,"*"&$A37&"*",업무일지!$D$5:$D$1004,$B$30))) | E37: =IF($A37="","",IF($B$30="전체",COUNTIFS(업무일지!$B$5:$B$1004,">="&DATE($B$3,4,1),업무일지!$B$5:$B$1004,"<"&DATE($B$3,4+1,1),업무일지!$P$5:$P$1004,"*"&$A37&"*"),COUNTIFS(업무일지!$B$5:$B$1004,">="&DATE($B$3,4,1),업무일지!$B$5:$B$1004,"<"&DATE($B$3,4+1,1),업무일지!$P$5:$P$1004,"*"&$A37&"*",업무일지!$D$5:$D$1004,$B$30))) | F37: =IF($A37="","",IF($B$30="전체",COUNTIFS(업무일지!$B$5:$B$1004,">="&DATE($B$3,5,1),업무일지!$B$5:$B$1004,"<"&DATE($B$3,5+1,1),업무일지!$P$5:$P$1004,"*"&$A37&"*"),COUNTIFS(업무일지!$B$5:$B$1004,">="&DATE($B$3,5,1),업무일지!$B$5:$B$1004,"<"&DATE($B$3,5+1,1),업무일지!$P$5:$P$1004,"*"&$A37&"*",업무일지!$D$5:$D$1004,$B$30))) | G37: =IF($A37="","",IF($B$30="전체",COUNTIFS(업무일지!$B$5:$B$1004,">="&DATE($B$3,6,1),업무일지!$B$5:$B$1004,"<"&DATE($B$3,6+1,1),업무일지!$P$5:$P$1004,"*"&$A37&"*"),COUNTIFS(업무일지!$B$5:$B$1004,">="&DATE($B$3,6,1),업무일지!$B$5:$B$1004,"<"&DATE($B$3,6+1,1),업무일지!$P$5:$P$1004,"*"&$A37&"*",업무일지!$D$5:$D$1004,$B$30))) | H37: =IF($A37="","",IF($B$30="전체",COUNTIFS(업무일지!$B$5:$B$1004,">="&DATE($B$3,7,1),업무일지!$B$5:$B$1004,"<"&DATE($B$3,7+1,1),업무일지!$P$5:$P$1004,"*"&$A37&"*"),COUNTIFS(업무일지!$B$5:$B$1004,">="&DATE($B$3,7,1),업무일지!$B$5:$B$1004,"<"&DATE($B$3,7+1,1),업무일지!$P$5:$P$1004,"*"&$A37&"*",업무일지!$D$5:$D$1004,$B$30))) | I37: =IF($A37="","",IF($B$30="전체",COUNTIFS(업무일지!$B$5:$B$1004,">="&DATE($B$3,8,1),업무일지!$B$5:$B$1004,"<"&DATE($B$3,8+1,1),업무일지!$P$5:$P$1004,"*"&$A37&"*"),COUNTIFS(업무일지!$B$5:$B$1004,">="&DATE($B$3,8,1),업무일지!$B$5:$B$1004,"<"&DATE($B$3,8+1,1),업무일지!$P$5:$P$1004,"*"&$A37&"*",업무일지!$D$5:$D$1004,$B$30))) | J37: =IF($A37="","",IF($B$30="전체",COUNTIFS(업무일지!$B$5:$B$1004,">="&DATE($B$3,9,1),업무일지!$B$5:$B$1004,"<"&DATE($B$3,9+1,1),업무일지!$P$5:$P$1004,"*"&$A37&"*"),COUNTIFS(업무일지!$B$5:$B$1004,">="&DATE($B$3,9,1),업무일지!$B$5:$B$1004,"<"&DATE($B$3,9+1,1),업무일지!$P$5:$P$1004,"*"&$A37&"*",업무일지!$D$5:$D$1004,$B$30))) | K37: =IF($A37="","",IF($B$30="전체",COUNTIFS(업무일지!$B$5:$B$1004,">="&DATE($B$3,10,1),업무일지!$B$5:$B$1004,"<"&DATE($B$3,10+1,1),업무일지!$P$5:$P$1004,"*"&$A37&"*"),COUNTIFS(업무일지!$B$5:$B$1004,">="&DATE($B$3,10,1),업무일지!$B$5:$B$1004,"<"&DATE($B$3,10+1,1),업무일지!$P$5:$P$1004,"*"&$A37&"*",업무일지!$D$5:$D$1004,$B$30))) | L37: =IF($A37="","",IF($B$30="전체",COUNTIFS(업무일지!$B$5:$B$1004,">="&DATE($B$3,11,1),업무일지!$B$5:$B$1004,"<"&DATE($B$3,11+1,1),업무일지!$P$5:$P$1004,"*"&$A37&"*"),COUNTIFS(업무일지!$B$5:$B$1004,">="&DATE($B$3,11,1),업무일지!$B$5:$B$1004,"<"&DATE($B$3,11+1,1),업무일지!$P$5:$P$1004,"*"&$A37&"*",업무일지!$D$5:$D$1004,$B$30))) | M37: =IF($A37="","",IF($B$30="전체",COUNTIFS(업무일지!$B$5:$B$1004,">="&DATE($B$3,12,1),업무일지!$B$5:$B$1004,"<"&DATE($B$3,12+1,1),업무일지!$P$5:$P$1004,"*"&$A37&"*"),COUNTIFS(업무일지!$B$5:$B$1004,">="&DATE($B$3,12,1),업무일지!$B$5:$B$1004,"<"&DATE($B$3,12+1,1),업무일지!$P$5:$P$1004,"*"&$A37&"*",업무일지!$D$5:$D$1004,$B$30))) | N37: =IF($A37="","",SUM(B37:M37))
A38: =IF($A13="","",$A13) | B38: =IF($A38="","",IF($B$30="전체",COUNTIFS(업무일지!$B$5:$B$1004,">="&DATE($B$3,1,1),업무일지!$B$5:$B$1004,"<"&DATE($B$3,1+1,1),업무일지!$P$5:$P$1004,"*"&$A38&"*"),COUNTIFS(업무일지!$B$5:$B$1004,">="&DATE($B$3,1,1),업무일지!$B$5:$B$1004,"<"&DATE($B$3,1+1,1),업무일지!$P$5:$P$1004,"*"&$A38&"*",업무일지!$D$5:$D$1004,$B$30))) | C38: =IF($A38="","",IF($B$30="전체",COUNTIFS(업무일지!$B$5:$B$1004,">="&DATE($B$3,2,1),업무일지!$B$5:$B$1004,"<"&DATE($B$3,2+1,1),업무일지!$P$5:$P$1004,"*"&$A38&"*"),COUNTIFS(업무일지!$B$5:$B$1004,">="&DATE($B$3,2,1),업무일지!$B$5:$B$1004,"<"&DATE($B$3,2+1,1),업무일지!$P$5:$P$1004,"*"&$A38&"*",업무일지!$D$5:$D$1004,$B$30))) | D38: =IF($A38="","",IF($B$30="전체",COUNTIFS(업무일지!$B$5:$B$1004,">="&DATE($B$3,3,1),업무일지!$B$5:$B$1004,"<"&DATE($B$3,3+1,1),업무일지!$P$5:$P$1004,"*"&$A38&"*"),COUNTIFS(업무일지!$B$5:$B$1004,">="&DATE($B$3,3,1),업무일지!$B$5:$B$1004,"<"&DATE($B$3,3+1,1),업무일지!$P$5:$P$1004,"*"&$A38&"*",업무일지!$D$5:$D$1004,$B$30))) | E38: =IF($A38="","",IF($B$30="전체",COUNTIFS(업무일지!$B$5:$B$1004,">="&DATE($B$3,4,1),업무일지!$B$5:$B$1004,"<"&DATE($B$3,4+1,1),업무일지!$P$5:$P$1004,"*"&$A38&"*"),COUNTIFS(업무일지!$B$5:$B$1004,">="&DATE($B$3,4,1),업무일지!$B$5:$B$1004,"<"&DATE($B$3,4+1,1),업무일지!$P$5:$P$1004,"*"&$A38&"*",업무일지!$D$5:$D$1004,$B$30))) | F38: =IF($A38="","",IF($B$30="전체",COUNTIFS(업무일지!$B$5:$B$1004,">="&DATE($B$3,5,1),업무일지!$B$5:$B$1004,"<"&DATE($B$3,5+1,1),업무일지!$P$5:$P$1004,"*"&$A38&"*"),COUNTIFS(업무일지!$B$5:$B$1004,">="&DATE($B$3,5,1),업무일지!$B$5:$B$1004,"<"&DATE($B$3,5+1,1),업무일지!$P$5:$P$1004,"*"&$A38&"*",업무일지!$D$5:$D$1004,$B$30))) | G38: =IF($A38="","",IF($B$30="전체",COUNTIFS(업무일지!$B$5:$B$1004,">="&DATE($B$3,6,1),업무일지!$B$5:$B$1004,"<"&DATE($B$3,6+1,1),업무일지!$P$5:$P$1004,"*"&$A38&"*"),COUNTIFS(업무일지!$B$5:$B$1004,">="&DATE($B$3,6,1),업무일지!$B$5:$B$1004,"<"&DATE($B$3,6+1,1),업무일지!$P$5:$P$1004,"*"&$A38&"*",업무일지!$D$5:$D$1004,$B$30))) | H38: =IF($A38="","",IF($B$30="전체",COUNTIFS(업무일지!$B$5:$B$1004,">="&DATE($B$3,7,1),업무일지!$B$5:$B$1004,"<"&DATE($B$3,7+1,1),업무일지!$P$5:$P$1004,"*"&$A38&"*"),COUNTIFS(업무일지!$B$5:$B$1004,">="&DATE($B$3,7,1),업무일지!$B$5:$B$1004,"<"&DATE($B$3,7+1,1),업무일지!$P$5:$P$1004,"*"&$A38&"*",업무일지!$D$5:$D$1004,$B$30))) | I38: =IF($A38="","",IF($B$30="전체",COUNTIFS(업무일지!$B$5:$B$1004,">="&DATE($B$3,8,1),업무일지!$B$5:$B$1004,"<"&DATE($B$3,8+1,1),업무일지!$P$5:$P$1004,"*"&$A38&"*"),COUNTIFS(업무일지!$B$5:$B$1004,">="&DATE($B$3,8,1),업무일지!$B$5:$B$1004,"<"&DATE($B$3,8+1,1),업무일지!$P$5:$P$1004,"*"&$A38&"*",업무일지!$D$5:$D$1004,$B$30))) | J38: =IF($A38="","",IF($B$30="전체",COUNTIFS(업무일지!$B$5:$B$1004,">="&DATE($B$3,9,1),업무일지!$B$5:$B$1004,"<"&DATE($B$3,9+1,1),업무일지!$P$5:$P$1004,"*"&$A38&"*"),COUNTIFS(업무일지!$B$5:$B$1004,">="&DATE($B$3,9,1),업무일지!$B$5:$B$1004,"<"&DATE($B$3,9+1,1),업무일지!$P$5:$P$1004,"*"&$A38&"*",업무일지!$D$5:$D$1004,$B$30))) | K38: =IF($A38="","",IF($B$30="전체",COUNTIFS(업무일지!$B$5:$B$1004,">="&DATE($B$3,10,1),업무일지!$B$5:$B$1004,"<"&DATE($B$3,10+1,1),업무일지!$P$5:$P$1004,"*"&$A38&"*"),COUNTIFS(업무일지!$B$5:$B$1004,">="&DATE($B$3,10,1),업무일지!$B$5:$B$1004,"<"&DATE($B$3,10+1,1),업무일지!$P$5:$P$1004,"*"&$A38&"*",업무일지!$D$5:$D$1004,$B$30))) | L38: =IF($A38="","",IF($B$30="전체",COUNTIFS(업무일지!$B$5:$B$1004,">="&DATE($B$3,11,1),업무일지!$B$5:$B$1004,"<"&DATE($B$3,11+1,1),업무일지!$P$5:$P$1004,"*"&$A38&"*"),COUNTIFS(업무일지!$B$5:$B$1004,">="&DATE($B$3,11,1),업무일지!$B$5:$B$1004,"<"&DATE($B$3,11+1,1),업무일지!$P$5:$P$1004,"*"&$A38&"*",업무일지!$D$5:$D$1004,$B$30))) | M38: =IF($A38="","",IF($B$30="전체",COUNTIFS(업무일지!$B$5:$B$1004,">="&DATE($B$3,12,1),업무일지!$B$5:$B$1004,"<"&DATE($B$3,12+1,1),업무일지!$P$5:$P$1004,"*"&$A38&"*"),COUNTIFS(업무일지!$B$5:$B$1004,">="&DATE($B$3,12,1),업무일지!$B$5:$B$1004,"<"&DATE($B$3,12+1,1),업무일지!$P$5:$P$1004,"*"&$A38&"*",업무일지!$D$5:$D$1004,$B$30))) | N38: =IF($A38="","",SUM(B38:M38))
A39: =IF($A14="","",$A14) | B39: =IF($A39="","",IF($B$30="전체",COUNTIFS(업무일지!$B$5:$B$1004,">="&DATE($B$3,1,1),업무일지!$B$5:$B$1004,"<"&DATE($B$3,1+1,1),업무일지!$P$5:$P$1004,"*"&$A39&"*"),COUNTIFS(업무일지!$B$5:$B$1004,">="&DATE($B$3,1,1),업무일지!$B$5:$B$1004,"<"&DATE($B$3,1+1,1),업무일지!$P$5:$P$1004,"*"&$A39&"*",업무일지!$D$5:$D$1004,$B$30))) | C39: =IF($A39="","",IF($B$30="전체",COUNTIFS(업무일지!$B$5:$B$1004,">="&DATE($B$3,2,1),업무일지!$B$5:$B$1004,"<"&DATE($B$3,2+1,1),업무일지!$P$5:$P$1004,"*"&$A39&"*"),COUNTIFS(업무일지!$B$5:$B$1004,">="&DATE($B$3,2,1),업무일지!$B$5:$B$1004,"<"&DATE($B$3,2+1,1),업무일지!$P$5:$P$1004,"*"&$A39&"*",업무일지!$D$5:$D$1004,$B$30))) | D39: =IF($A39="","",IF($B$30="전체",COUNTIFS(업무일지!$B$5:$B$1004,">="&DATE($B$3,3,1),업무일지!$B$5:$B$1004,"<"&DATE($B$3,3+1,1),업무일지!$P$5:$P$1004,"*"&$A39&"*"),COUNTIFS(업무일지!$B$5:$B$1004,">="&DATE($B$3,3,1),업무일지!$B$5:$B$1004,"<"&DATE($B$3,3+1,1),업무일지!$P$5:$P$1004,"*"&$A39&"*",업무일지!$D$5:$D$1004,$B$30))) | E39: =IF($A39="","",IF($B$30="전체",COUNTIFS(업무일지!$B$5:$B$1004,">="&DATE($B$3,4,1),업무일지!$B$5:$B$1004,"<"&DATE($B$3,4+1,1),업무일지!$P$5:$P$1004,"*"&$A39&"*"),COUNTIFS(업무일지!$B$5:$B$1004,">="&DATE($B$3,4,1),업무일지!$B$5:$B$1004,"<"&DATE($B$3,4+1,1),업무일지!$P$5:$P$1004,"*"&$A39&"*",업무일지!$D$5:$D$1004,$B$30))) | F39: =IF($A39="","",IF($B$30="전체",COUNTIFS(업무일지!$B$5:$B$1004,">="&DATE($B$3,5,1),업무일지!$B$5:$B$1004,"<"&DATE($B$3,5+1,1),업무일지!$P$5:$P$1004,"*"&$A39&"*"),COUNTIFS(업무일지!$B$5:$B$1004,">="&DATE($B$3,5,1),업무일지!$B$5:$B$1004,"<"&DATE($B$3,5+1,1),업무일지!$P$5:$P$1004,"*"&$A39&"*",업무일지!$D$5:$D$1004,$B$30))) | G39: =IF($A39="","",IF($B$30="전체",COUNTIFS(업무일지!$B$5:$B$1004,">="&DATE($B$3,6,1),업무일지!$B$5:$B$1004,"<"&DATE($B$3,6+1,1),업무일지!$P$5:$P$1004,"*"&$A39&"*"),COUNTIFS(업무일지!$B$5:$B$1004,">="&DATE($B$3,6,1),업무일지!$B$5:$B$1004,"<"&DATE($B$3,6+1,1),업무일지!$P$5:$P$1004,"*"&$A39&"*",업무일지!$D$5:$D$1004,$B$30))) | H39: =IF($A39="","",IF($B$30="전체",COUNTIFS(업무일지!$B$5:$B$1004,">="&DATE($B$3,7,1),업무일지!$B$5:$B$1004,"<"&DATE($B$3,7+1,1),업무일지!$P$5:$P$1004,"*"&$A39&"*"),COUNTIFS(업무일지!$B$5:$B$1004,">="&DATE($B$3,7,1),업무일지!$B$5:$B$1004,"<"&DATE($B$3,7+1,1),업무일지!$P$5:$P$1004,"*"&$A39&"*",업무일지!$D$5:$D$1004,$B$30))) | I39: =IF($A39="","",IF($B$30="전체",COUNTIFS(업무일지!$B$5:$B$1004,">="&DATE($B$3,8,1),업무일지!$B$5:$B$1004,"<"&DATE($B$3,8+1,1),업무일지!$P$5:$P$1004,"*"&$A39&"*"),COUNTIFS(업무일지!$B$5:$B$1004,">="&DATE($B$3,8,1),업무일지!$B$5:$B$1004,"<"&DATE($B$3,8+1,1),업무일지!$P$5:$P$1004,"*"&$A39&"*",업무일지!$D$5:$D$1004,$B$30))) | J39: =IF($A39="","",IF($B$30="전체",COUNTIFS(업무일지!$B$5:$B$1004,">="&DATE($B$3,9,1),업무일지!$B$5:$B$1004,"<"&DATE($B$3,9+1,1),업무일지!$P$5:$P$1004,"*"&$A39&"*"),COUNTIFS(업무일지!$B$5:$B$1004,">="&DATE($B$3,9,1),업무일지!$B$5:$B$1004,"<"&DATE($B$3,9+1,1),업무일지!$P$5:$P$1004,"*"&$A39&"*",업무일지!$D$5:$D$1004,$B$30))) | K39: =IF($A39="","",IF($B$30="전체",COUNTIFS(업무일지!$B$5:$B$1004,">="&DATE($B$3,10,1),업무일지!$B$5:$B$1004,"<"&DATE($B$3,10+1,1),업무일지!$P$5:$P$1004,"*"&$A39&"*"),COUNTIFS(업무일지!$B$5:$B$1004,">="&DATE($B$3,10,1),업무일지!$B$5:$B$1004,"<"&DATE($B$3,10+1,1),업무일지!$P$5:$P$1004,"*"&$A39&"*",업무일지!$D$5:$D$1004,$B$30))) | L39: =IF($A39="","",IF($B$30="전체",COUNTIFS(업무일지!$B$5:$B$1004,">="&DATE($B$3,11,1),업무일지!$B$5:$B$1004,"<"&DATE($B$3,11+1,1),업무일지!$P$5:$P$1004,"*"&$A39&"*"),COUNTIFS(업무일지!$B$5:$B$1004,">="&DATE($B$3,11,1),업무일지!$B$5:$B$1004,"<"&DATE($B$3,11+1,1),업무일지!$P$5:$P$1004,"*"&$A39&"*",업무일지!$D$5:$D$1004,$B$30))) | M39: =IF($A39="","",IF($B$30="전체",COUNTIFS(업무일지!$B$5:$B$1004,">="&DATE($B$3,12,1),업무일지!$B$5:$B$1004,"<"&DATE($B$3,12+1,1),업무일지!$P$5:$P$1004,"*"&$A39&"*"),COUNTIFS(업무일지!$B$5:$B$1004,">="&DATE($B$3,12,1),업무일지!$B$5:$B$1004,"<"&DATE($B$3,12+1,1),업무일지!$P$5:$P$1004,"*"&$A39&"*",업무일지!$D$5:$D$1004,$B$30))) | N39: =IF($A39="","",SUM(B39:M39))
A40: =IF($A15="","",$A15) | B40: =IF($A40="","",IF($B$30="전체",COUNTIFS(업무일지!$B$5:$B$1004,">="&DATE($B$3,1,1),업무일지!$B$5:$B$1004,"<"&DATE($B$3,1+1,1),업무일지!$P$5:$P$1004,"*"&$A40&"*"),COUNTIFS(업무일지!$B$5:$B$1004,">="&DATE($B$3,1,1),업무일지!$B$5:$B$1004,"<"&DATE($B$3,1+1,1),업무일지!$P$5:$P$1004,"*"&$A40&"*",업무일지!$D$5:$D$1004,$B$30))) | C40: =IF($A40="","",IF($B$30="전체",COUNTIFS(업무일지!$B$5:$B$1004,">="&DATE($B$3,2,1),업무일지!$B$5:$B$1004,"<"&DATE($B$3,2+1,1),업무일지!$P$5:$P$1004,"*"&$A40&"*"),COUNTIFS(업무일지!$B$5:$B$1004,">="&DATE($B$3,2,1),업무일지!$B$5:$B$1004,"<"&DATE($B$3,2+1,1),업무일지!$P$5:$P$1004,"*"&$A40&"*",업무일지!$D$5:$D$1004,$B$30))) | D40: =IF($A40="","",IF($B$30="전체",COUNTIFS(업무일지!$B$5:$B$1004,">="&DATE($B$3,3,1),업무일지!$B$5:$B$1004,"<"&DATE($B$3,3+1,1),업무일지!$P$5:$P$1004,"*"&$A40&"*"),COUNTIFS(업무일지!$B$5:$B$1004,">="&DATE($B$3,3,1),업무일지!$B$5:$B$1004,"<"&DATE($B$3,3+1,1),업무일지!$P$5:$P$1004,"*"&$A40&"*",업무일지!$D$5:$D$1004,$B$30))) | E40: =IF($A40="","",IF($B$30="전체",COUNTIFS(업무일지!$B$5:$B$1004,">="&DATE($B$3,4,1),업무일지!$B$5:$B$1004,"<"&DATE($B$3,4+1,1),업무일지!$P$5:$P$1004,"*"&$A40&"*"),COUNTIFS(업무일지!$B$5:$B$1004,">="&DATE($B$3,4,1),업무일지!$B$5:$B$1004,"<"&DATE($B$3,4+1,1),업무일지!$P$5:$P$1004,"*"&$A40&"*",업무일지!$D$5:$D$1004,$B$30))) | F40: =IF($A40="","",IF($B$30="전체",COUNTIFS(업무일지!$B$5:$B$1004,">="&DATE($B$3,5,1),업무일지!$B$5:$B$1004,"<"&DATE($B$3,5+1,1),업무일지!$P$5:$P$1004,"*"&$A40&"*"),COUNTIFS(업무일지!$B$5:$B$1004,">="&DATE($B$3,5,1),업무일지!$B$5:$B$1004,"<"&DATE($B$3,5+1,1),업무일지!$P$5:$P$1004,"*"&$A40&"*",업무일지!$D$5:$D$1004,$B$30))) | G40: =IF($A40="","",IF($B$30="전체",COUNTIFS(업무일지!$B$5:$B$1004,">="&DATE($B$3,6,1),업무일지!$B$5:$B$1004,"<"&DATE($B$3,6+1,1),업무일지!$P$5:$P$1004,"*"&$A40&"*"),COUNTIFS(업무일지!$B$5:$B$1004,">="&DATE($B$3,6,1),업무일지!$B$5:$B$1004,"<"&DATE($B$3,6+1,1),업무일지!$P$5:$P$1004,"*"&$A40&"*",업무일지!$D$5:$D$1004,$B$30))) | H40: =IF($A40="","",IF($B$30="전체",COUNTIFS(업무일지!$B$5:$B$1004,">="&DATE($B$3,7,1),업무일지!$B$5:$B$1004,"<"&DATE($B$3,7+1,1),업무일지!$P$5:$P$1004,"*"&$A40&"*"),COUNTIFS(업무일지!$B$5:$B$1004,">="&DATE($B$3,7,1),업무일지!$B$5:$B$1004,"<"&DATE($B$3,7+1,1),업무일지!$P$5:$P$1004,"*"&$A40&"*",업무일지!$D$5:$D$1004,$B$30))) | I40: =IF($A40="","",IF($B$30="전체",COUNTIFS(업무일지!$B$5:$B$1004,">="&DATE($B$3,8,1),업무일지!$B$5:$B$1004,"<"&DATE($B$3,8+1,1),업무일지!$P$5:$P$1004,"*"&$A40&"*"),COUNTIFS(업무일지!$B$5:$B$1004,">="&DATE($B$3,8,1),업무일지!$B$5:$B$1004,"<"&DATE($B$3,8+1,1),업무일지!$P$5:$P$1004,"*"&$A40&"*",업무일지!$D$5:$D$1004,$B$30))) | J40: =IF($A40="","",IF($B$30="전체",COUNTIFS(업무일지!$B$5:$B$1004,">="&DATE($B$3,9,1),업무일지!$B$5:$B$1004,"<"&DATE($B$3,9+1,1),업무일지!$P$5:$P$1004,"*"&$A40&"*"),COUNTIFS(업무일지!$B$5:$B$1004,">="&DATE($B$3,9,1),업무일지!$B$5:$B$1004,"<"&DATE($B$3,9+1,1),업무일지!$P$5:$P$1004,"*"&$A40&"*",업무일지!$D$5:$D$1004,$B$30))) | K40: =IF($A40="","",IF($B$30="전체",COUNTIFS(업무일지!$B$5:$B$1004,">="&DATE($B$3,10,1),업무일지!$B$5:$B$1004,"<"&DATE($B$3,10+1,1),업무일지!$P$5:$P$1004,"*"&$A40&"*"),COUNTIFS(업무일지!$B$5:$B$1004,">="&DATE($B$3,10,1),업무일지!$B$5:$B$1004,"<"&DATE($B$3,10+1,1),업무일지!$P$5:$P$1004,"*"&$A40&"*",업무일지!$D$5:$D$1004,$B$30))) | L40: =IF($A40="","",IF($B$30="전체",COUNTIFS(업무일지!$B$5:$B$1004,">="&DATE($B$3,11,1),업무일지!$B$5:$B$1004,"<"&DATE($B$3,11+1,1),업무일지!$P$5:$P$1004,"*"&$A40&"*"),COUNTIFS(업무일지!$B$5:$B$1004,">="&DATE($B$3,11,1),업무일지!$B$5:$B$1004,"<"&DATE($B$3,11+1,1),업무일지!$P$5:$P$1004,"*"&$A40&"*",업무일지!$D$5:$D$1004,$B$30))) | M40: =IF($A40="","",IF($B$30="전체",COUNTIFS(업무일지!$B$5:$B$1004,">="&DATE($B$3,12,1),업무일지!$B$5:$B$1004,"<"&DATE($B$3,12+1,1),업무일지!$P$5:$P$1004,"*"&$A40&"*"),COUNTIFS(업무일지!$B$5:$B$1004,">="&DATE($B$3,12,1),업무일지!$B$5:$B$1004,"<"&DATE($B$3,12+1,1),업무일지!$P$5:$P$1004,"*"&$A40&"*",업무일지!$D$5:$D$1004,$B$30))) | N40: =IF($A40="","",SUM(B40:M40))
A41: =IF($A16="","",$A16) | B41: =IF($A41="","",IF($B$30="전체",COUNTIFS(업무일지!$B$5:$B$1004,">="&DATE($B$3,1,1),업무일지!$B$5:$B$1004,"<"&DATE($B$3,1+1,1),업무일지!$P$5:$P$1004,"*"&$A41&"*"),COUNTIFS(업무일지!$B$5:$B$1004,">="&DATE($B$3,1,1),업무일지!$B$5:$B$1004,"<"&DATE($B$3,1+1,1),업무일지!$P$5:$P$1004,"*"&$A41&"*",업무일지!$D$5:$D$1004,$B$30))) | C41: =IF($A41="","",IF($B$30="전체",COUNTIFS(업무일지!$B$5:$B$1004,">="&DATE($B$3,2,1),업무일지!$B$5:$B$1004,"<"&DATE($B$3,2+1,1),업무일지!$P$5:$P$1004,"*"&$A41&"*"),COUNTIFS(업무일지!$B$5:$B$1004,">="&DATE($B$3,2,1),업무일지!$B$5:$B$1004,"<"&DATE($B$3,2+1,1),업무일지!$P$5:$P$1004,"*"&$A41&"*",업무일지!$D$5:$D$1004,$B$30))) | D41: =IF($A41="","",IF($B$30="전체",COUNTIFS(업무일지!$B$5:$B$1004,">="&DATE($B$3,3,1),업무일지!$B$5:$B$1004,"<"&DATE($B$3,3+1,1),업무일지!$P$5:$P$1004,"*"&$A41&"*"),COUNTIFS(업무일지!$B$5:$B$1004,">="&DATE($B$3,3,1),업무일지!$B$5:$B$1004,"<"&DATE($B$3,3+1,1),업무일지!$P$5:$P$1004,"*"&$A41&"*",업무일지!$D$5:$D$1004,$B$30))) | E41: =IF($A41="","",IF($B$30="전체",COUNTIFS(업무일지!$B$5:$B$1004,">="&DATE($B$3,4,1),업무일지!$B$5:$B$1004,"<"&DATE($B$3,4+1,1),업무일지!$P$5:$P$1004,"*"&$A41&"*"),COUNTIFS(업무일지!$B$5:$B$1004,">="&DATE($B$3,4,1),업무일지!$B$5:$B$1004,"<"&DATE($B$3,4+1,1),업무일지!$P$5:$P$1004,"*"&$A41&"*",업무일지!$D$5:$D$1004,$B$30))) | F41: =IF($A41="","",IF($B$30="전체",COUNTIFS(업무일지!$B$5:$B$1004,">="&DATE($B$3,5,1),업무일지!$B$5:$B$1004,"<"&DATE($B$3,5+1,1),업무일지!$P$5:$P$1004,"*"&$A41&"*"),COUNTIFS(업무일지!$B$5:$B$1004,">="&DATE($B$3,5,1),업무일지!$B$5:$B$1004,"<"&DATE($B$3,5+1,1),업무일지!$P$5:$P$1004,"*"&$A41&"*",업무일지!$D$5:$D$1004,$B$30))) | G41: =IF($A41="","",IF($B$30="전체",COUNTIFS(업무일지!$B$5:$B$1004,">="&DATE($B$3,6,1),업무일지!$B$5:$B$1004,"<"&DATE($B$3,6+1,1),업무일지!$P$5:$P$1004,"*"&$A41&"*"),COUNTIFS(업무일지!$B$5:$B$1004,">="&DATE($B$3,6,1),업무일지!$B$5:$B$1004,"<"&DATE($B$3,6+1,1),업무일지!$P$5:$P$1004,"*"&$A41&"*",업무일지!$D$5:$D$1004,$B$30))) | H41: =IF($A41="","",IF($B$30="전체",COUNTIFS(업무일지!$B$5:$B$1004,">="&DATE($B$3,7,1),업무일지!$B$5:$B$1004,"<"&DATE($B$3,7+1,1),업무일지!$P$5:$P$1004,"*"&$A41&"*"),COUNTIFS(업무일지!$B$5:$B$1004,">="&DATE($B$3,7,1),업무일지!$B$5:$B$1004,"<"&DATE($B$3,7+1,1),업무일지!$P$5:$P$1004,"*"&$A41&"*",업무일지!$D$5:$D$1004,$B$30))) | I41: =IF($A41="","",IF($B$30="전체",COUNTIFS(업무일지!$B$5:$B$1004,">="&DATE($B$3,8,1),업무일지!$B$5:$B$1004,"<"&DATE($B$3,8+1,1),업무일지!$P$5:$P$1004,"*"&$A41&"*"),COUNTIFS(업무일지!$B$5:$B$1004,">="&DATE($B$3,8,1),업무일지!$B$5:$B$1004,"<"&DATE($B$3,8+1,1),업무일지!$P$5:$P$1004,"*"&$A41&"*",업무일지!$D$5:$D$1004,$B$30))) | J41: =IF($A41="","",IF($B$30="전체",COUNTIFS(업무일지!$B$5:$B$1004,">="&DATE($B$3,9,1),업무일지!$B$5:$B$1004,"<"&DATE($B$3,9+1,1),업무일지!$P$5:$P$1004,"*"&$A41&"*"),COUNTIFS(업무일지!$B$5:$B$1004,">="&DATE($B$3,9,1),업무일지!$B$5:$B$1004,"<"&DATE($B$3,9+1,1),업무일지!$P$5:$P$1004,"*"&$A41&"*",업무일지!$D$5:$D$1004,$B$30))) | K41: =IF($A41="","",IF($B$30="전체",COUNTIFS(업무일지!$B$5:$B$1004,">="&DATE($B$3,10,1),업무일지!$B$5:$B$1004,"<"&DATE($B$3,10+1,1),업무일지!$P$5:$P$1004,"*"&$A41&"*"),COUNTIFS(업무일지!$B$5:$B$1004,">="&DATE($B$3,10,1),업무일지!$B$5:$B$1004,"<"&DATE($B$3,10+1,1),업무일지!$P$5:$P$1004,"*"&$A41&"*",업무일지!$D$5:$D$1004,$B$30))) | L41: =IF($A41="","",IF($B$30="전체",COUNTIFS(업무일지!$B$5:$B$1004,">="&DATE($B$3,11,1),업무일지!$B$5:$B$1004,"<"&DATE($B$3,11+1,1),업무일지!$P$5:$P$1004,"*"&$A41&"*"),COUNTIFS(업무일지!$B$5:$B$1004,">="&DATE($B$3,11,1),업무일지!$B$5:$B$1004,"<"&DATE($B$3,11+1,1),업무일지!$P$5:$P$1004,"*"&$A41&"*",업무일지!$D$5:$D$1004,$B$30))) | M41: =IF($A41="","",IF($B$30="전체",COUNTIFS(업무일지!$B$5:$B$1004,">="&DATE($B$3,12,1),업무일지!$B$5:$B$1004,"<"&DATE($B$3,12+1,1),업무일지!$P$5:$P$1004,"*"&$A41&"*"),COUNTIFS(업무일지!$B$5:$B$1004,">="&DATE($B$3,12,1),업무일지!$B$5:$B$1004,"<"&DATE($B$3,12+1,1),업무일지!$P$5:$P$1004,"*"&$A41&"*",업무일지!$D$5:$D$1004,$B$30))) | N41: =IF($A41="","",SUM(B41:M41))
A42: =IF($A17="","",$A17) | B42: =IF($A42="","",IF($B$30="전체",COUNTIFS(업무일지!$B$5:$B$1004,">="&DATE($B$3,1,1),업무일지!$B$5:$B$1004,"<"&DATE($B$3,1+1,1),업무일지!$P$5:$P$1004,"*"&$A42&"*"),COUNTIFS(업무일지!$B$5:$B$1004,">="&DATE($B$3,1,1),업무일지!$B$5:$B$1004,"<"&DATE($B$3,1+1,1),업무일지!$P$5:$P$1004,"*"&$A42&"*",업무일지!$D$5:$D$1004,$B$30))) | C42: =IF($A42="","",IF($B$30="전체",COUNTIFS(업무일지!$B$5:$B$1004,">="&DATE($B$3,2,1),업무일지!$B$5:$B$1004,"<"&DATE($B$3,2+1,1),업무일지!$P$5:$P$1004,"*"&$A42&"*"),COUNTIFS(업무일지!$B$5:$B$1004,">="&DATE($B$3,2,1),업무일지!$B$5:$B$1004,"<"&DATE($B$3,2+1,1),업무일지!$P$5:$P$1004,"*"&$A42&"*",업무일지!$D$5:$D$1004,$B$30))) | D42: =IF($A42="","",IF($B$30="전체",COUNTIFS(업무일지!$B$5:$B$1004,">="&DATE($B$3,3,1),업무일지!$B$5:$B$1004,"<"&DATE($B$3,3+1,1),업무일지!$P$5:$P$1004,"*"&$A42&"*"),COUNTIFS(업무일지!$B$5:$B$1004,">="&DATE($B$3,3,1),업무일지!$B$5:$B$1004,"<"&DATE($B$3,3+1,1),업무일지!$P$5:$P$1004,"*"&$A42&"*",업무일지!$D$5:$D$1004,$B$30))) | E42: =IF($A42="","",IF($B$30="전체",COUNTIFS(업무일지!$B$5:$B$1004,">="&DATE($B$3,4,1),업무일지!$B$5:$B$1004,"<"&DATE($B$3,4+1,1),업무일지!$P$5:$P$1004,"*"&$A42&"*"),COUNTIFS(업무일지!$B$5:$B$1004,">="&DATE($B$3,4,1),업무일지!$B$5:$B$1004,"<"&DATE($B$3,4+1,1),업무일지!$P$5:$P$1004,"*"&$A42&"*",업무일지!$D$5:$D$1004,$B$30))) | F42: =IF($A42="","",IF($B$30="전체",COUNTIFS(업무일지!$B$5:$B$1004,">="&DATE($B$3,5,1),업무일지!$B$5:$B$1004,"<"&DATE($B$3,5+1,1),업무일지!$P$5:$P$1004,"*"&$A42&"*"),COUNTIFS(업무일지!$B$5:$B$1004,">="&DATE($B$3,5,1),업무일지!$B$5:$B$1004,"<"&DATE($B$3,5+1,1),업무일지!$P$5:$P$1004,"*"&$A42&"*",업무일지!$D$5:$D$1004,$B$30))) | G42: =IF($A42="","",IF($B$30="전체",COUNTIFS(업무일지!$B$5:$B$1004,">="&DATE($B$3,6,1),업무일지!$B$5:$B$1004,"<"&DATE($B$3,6+1,1),업무일지!$P$5:$P$1004,"*"&$A42&"*"),COUNTIFS(업무일지!$B$5:$B$1004,">="&DATE($B$3,6,1),업무일지!$B$5:$B$1004,"<"&DATE($B$3,6+1,1),업무일지!$P$5:$P$1004,"*"&$A42&"*",업무일지!$D$5:$D$1004,$B$30))) | H42: =IF($A42="","",IF($B$30="전체",COUNTIFS(업무일지!$B$5:$B$1004,">="&DATE($B$3,7,1),업무일지!$B$5:$B$1004,"<"&DATE($B$3,7+1,1),업무일지!$P$5:$P$1004,"*"&$A42&"*"),COUNTIFS(업무일지!$B$5:$B$1004,">="&DATE($B$3,7,1),업무일지!$B$5:$B$1004,"<"&DATE($B$3,7+1,1),업무일지!$P$5:$P$1004,"*"&$A42&"*",업무일지!$D$5:$D$1004,$B$30))) | I42: =IF($A42="","",IF($B$30="전체",COUNTIFS(업무일지!$B$5:$B$1004,">="&DATE($B$3,8,1),업무일지!$B$5:$B$1004,"<"&DATE($B$3,8+1,1),업무일지!$P$5:$P$1004,"*"&$A42&"*"),COUNTIFS(업무일지!$B$5:$B$1004,">="&DATE($B$3,8,1),업무일지!$B$5:$B$1004,"<"&DATE($B$3,8+1,1),업무일지!$P$5:$P$1004,"*"&$A42&"*",업무일지!$D$5:$D$1004,$B$30))) | J42: =IF($A42="","",IF($B$30="전체",COUNTIFS(업무일지!$B$5:$B$1004,">="&DATE($B$3,9,1),업무일지!$B$5:$B$1004,"<"&DATE($B$3,9+1,1),업무일지!$P$5:$P$1004,"*"&$A42&"*"),COUNTIFS(업무일지!$B$5:$B$1004,">="&DATE($B$3,9,1),업무일지!$B$5:$B$1004,"<"&DATE($B$3,9+1,1),업무일지!$P$5:$P$1004,"*"&$A42&"*",업무일지!$D$5:$D$1004,$B$30))) | K42: =IF($A42="","",IF($B$30="전체",COUNTIFS(업무일지!$B$5:$B$1004,">="&DATE($B$3,10,1),업무일지!$B$5:$B$1004,"<"&DATE($B$3,10+1,1),업무일지!$P$5:$P$1004,"*"&$A42&"*"),COUNTIFS(업무일지!$B$5:$B$1004,">="&DATE($B$3,10,1),업무일지!$B$5:$B$1004,"<"&DATE($B$3,10+1,1),업무일지!$P$5:$P$1004,"*"&$A42&"*",업무일지!$D$5:$D$1004,$B$30))) | L42: =IF($A42="","",IF($B$30="전체",COUNTIFS(업무일지!$B$5:$B$1004,">="&DATE($B$3,11,1),업무일지!$B$5:$B$1004,"<"&DATE($B$3,11+1,1),업무일지!$P$5:$P$1004,"*"&$A42&"*"),COUNTIFS(업무일지!$B$5:$B$1004,">="&DATE($B$3,11,1),업무일지!$B$5:$B$1004,"<"&DATE($B$3,11+1,1),업무일지!$P$5:$P$1004,"*"&$A42&"*",업무일지!$D$5:$D$1004,$B$30))) | M42: =IF($A42="","",IF($B$30="전체",COUNTIFS(업무일지!$B$5:$B$1004,">="&DATE($B$3,12,1),업무일지!$B$5:$B$1004,"<"&DATE($B$3,12+1,1),업무일지!$P$5:$P$1004,"*"&$A42&"*"),COUNTIFS(업무일지!$B$5:$B$1004,">="&DATE($B$3,12,1),업무일지!$B$5:$B$1004,"<"&DATE($B$3,12+1,1),업무일지!$P$5:$P$1004,"*"&$A42&"*",업무일지!$D$5:$D$1004,$B$30))) | N42: =IF($A42="","",SUM(B42:M42))
