Workbook
Name 목록_직무구분: 코드설정!$H$5:$H$7
Name 목록_세부유형: 코드설정!$B$5:$B$21
Name 목록_담당자: 코드설정!$C$5:$C$24
Name 목록_요청처: 코드설정!$E$5:$E$14
Name 목록_진행상태: 코드설정!$F$5:$F$7
Name 목록_일일구분: 코드설정!$G$5:$G$14
Name 목록_팀: 코드설정!$I$5:$I$14
Name 목록_사건번호: 사건마스터!$A$5:$A$64
Name 목록_장비구분: 코드설정!$M$5:$M$14
Name 목록_장비상태: 코드설정!$O$5:$O$8
Name 목록_관리번호: '장비·매체 관리'!$A$6:$A$105
Name 목록_사업구분: 코드설정!$Q$5:$Q$14
Name 목록_추진단계: 코드설정!$S$5:$S$10
Name 목록_사업번호: 사업마스터!$A$5:$A$34

Sheet 대시보드
A1: 대시보드 · 부서 업무 현황
A2: ※ 노란 칸(연도·월)만 바꾸면 아래 전부 다시 계산됩니다. ※ 파일을 열 때마다 오늘 날짜 기준으로 갱신됩니다. ※ 회차 = 업무일지 줄 수 / 사건 = 고유 사건 수.
A4: 조회 연도 | B4: 2026 | C4: 조회 월 | D4: 3 | E4: =TEXT(DATE($B$4,$D$4,1),"yyyy-mm-dd")&" ~ "&TEXT(DATE($B$4,$D$4+1,1)-1,"yyyy-mm-dd") | H4: 오늘 | I4: =TODAY()
A6: 1. 이번 달 한눈에
A7: 구분 | B7: 출장 회차 | C7: 분석 회차 | D7: 교육 회차 | E7: 전체 회차 | F7: 진행중 | G7: 일일실시 | H7: 대상매체(건)
A8: 이번 달 | B8: =COUNTIFS(업무일지!$B$5:$B$1004,">="&DATE($B$4,$D$4,1),업무일지!$B$5:$B$1004,"<"&DATE($B$4,$D$4+1,1),업무일지!$D$5:$D$1004,"출장") | C8: =COUNTIFS(업무일지!$B$5:$B$1004,">="&DATE($B$4,$D$4,1),업무일지!$B$5:$B$1004,"<"&DATE($B$4,$D$4+1,1),업무일지!$D$5:$D$1004,"분석") | D8: =COUNTIFS(업무일지!$B$5:$B$1004,">="&DATE($B$4,$D$4,1),업무일지!$B$5:$B$1004,"<"&DATE($B$4,$D$4+1,1),업무일지!$D$5:$D$1004,"교육") | E8: =B8+C8+D8 | F8: =COUNTIF(업무일지!$AG$5:$AG$1004,"진행중") | G8: =COUNTIFS(일일실시사항!$B$5:$B$1004,">="&DATE($B$4,$D$4,1),일일실시사항!$B$5:$B$1004,"<"&DATE($B$4,$D$4+1,1)) | H8: =SUMIFS(업무일지!$AD$5:$AD$1004,업무일지!$B$5:$B$1004,">="&DATE($B$4,$D$4,1),업무일지!$B$5:$B$1004,"<"&DATE($B$4,$D$4+1,1))
A9: 전월 대비 | B9: =IF(B10=0,"",IF(B8>=B10,"▲ ","▼ ")&TEXT(ABS(B8-B10),"#,##0")&" (전월 "&B10&")") | C9: =IF(C10=0,"",IF(C8>=C10,"▲ ","▼ ")&TEXT(ABS(C8-C10),"#,##0")&" (전월 "&C10&")") | D9: =IF(D10=0,"",IF(D8>=D10,"▲ ","▼ ")&TEXT(ABS(D8-D10),"#,##0")&" (전월 "&D10&")") | E9: =IF(E10=0,"",IF(E8>=E10,"▲ ","▼ ")&TEXT(ABS(E8-E10),"#,##0")&" (전월 "&E10&")") | G9: =IF(G10=0,"",IF(G8>=G10,"▲ ","▼ ")&TEXT(ABS(G8-G10),"#,##0")&" (전월 "&G10&")") | H9: =IF(H10=0,"",IF(H8>=H10,"▲ ","▼ ")&TEXT(ABS(H8-H10),"#,##0")&" (전월 "&H10&")")
B10: =COUNTIFS(업무일지!$B$5:$B$1004,">="&DATE($B$4,$D$4-1,1),업무일지!$B$5:$B$1004,"<"&DATE($B$4,$D$4,1),업무일지!$D$5:$D$1004,"출장") | C10: =COUNTIFS(업무일지!$B$5:$B$1004,">="&DATE($B$4,$D$4-1,1),업무일지!$B$5:$B$1004,"<"&DATE($B$4,$D$4,1),업무일지!$D$5:$D$1004,"분석") | D10: =COUNTIFS(업무일지!$B$5:$B$1004,">="&DATE($B$4,$D$4-1,1),업무일지!$B$5:$B$1004,"<"&DATE($B$4,$D$4,1),업무일지!$D$5:$D$1004,"교육") | E10: =B10+C10+D10 | G10: =COUNTIFS(일일실시사항!$B$5:$B$1004,">="&DATE($B$4,$D$4-1,1),일일실시사항!$B$5:$B$1004,"<"&DATE($B$4,$D$4,1)) | H10: =SUMIFS(업무일지!$AD$5:$AD$1004,업무일지!$B$5:$B$1004,">="&DATE($B$4,$D$4-1,1),업무일지!$B$5:$B$1004,"<"&DATE($B$4,$D$4,1))
A12: 2. 확인이 필요한 것 | H12: 3. 사건 기준 집계
A13: 항목 | B13: 건수 | C13: 상태 | D13: 확인할 곳 | H13: 구분 | I13: 회차 | J13: 사건 수 | K13: 비고
A14: 입력검증 오류 | B14: ='입력검증'!$C$9 | C14: =IF($B14=0,"이상 없음","확인 필요") | D14: [입력검증] | H14: 출장 | I14: =INDEX('부서 전체현황'!$B$7:$B$18,$D$4) | J14: =INDEX('부서 전체현황'!$C$7:$C$18,$D$4)
A15: 장비 반납 연체 | B15: =COUNTIF('장비·매체 관리'!$J$109:$J$508,"연체") | C15: =IF($B15=0,"이상 없음","확인 필요") | D15: [장비·매체 관리] | H15: 분석 | I15: =INDEX('부서 전체현황'!$D$7:$D$18,$D$4) | J15: =INDEX('부서 전체현황'!$E$7:$E$18,$D$4)
A16: 30일 초과 진행중 | B16: ='진행중 보드'!$C$10 | C16: =IF($B16=0,"이상 없음","확인 필요") | D16: [진행중 보드] | H16: 교육 | I16: =INDEX('부서 전체현황'!$F$7:$F$18,$D$4) | J16: "-" | K16: 사건과 묶이지 않음
A17: 사업 완료예정일 경과 | B17: =SUMPRODUCT((사업마스터!$L$5:$L$34>0)*(사업마스터!$L$5:$L$34<TODAY())*(사업마스터!$P$5:$P$34<>"완료")) | C17: =IF($B17=0,"이상 없음","확인 필요") | D17: [사업마스터] | H17: 전체 | I17: =INDEX('부서 전체현황'!$G$7:$G$18,$D$4) | J17: =INDEX('부서 전체현황'!$H$7:$H$18,$D$4) | K17: =INDEX('부서 전체현황'!$I$7:$I$18,$D$4)&" 건 신규 착수"
A19: 4. 진행중 · 오래된 순 TOP 5 ※ 전체는 [진행중 보드]
A20: 경과일 | B20: 사건번호 | C20: 회차 | D20: 사건명 | E20: 직무 | F20: 세부유형 | G20: 주담당 | H20: 인원 | I20: 시작일 | J20: 장소 | K20: 진행상태 | L20: 대상매체 | M20: 데이터량
A21: =IF('진행중 보드'!$A13="","",'진행중 보드'!$B13) | B21: =IF('진행중 보드'!$A13="","",'진행중 보드'!$G13) | C21: =IF('진행중 보드'!$A13="","","-") | D21: =IF('진행중 보드'!$A13="","",'진행중 보드'!$H13) | E21: =IF('진행중 보드'!$A13="","",'진행중 보드'!$E13) | F21: =IF('진행중 보드'!$A13="","",'진행중 보드'!$F13) | G21: =IF('진행중 보드'!$A13="","",'진행중 보드'!$I13) | H21: =IF('진행중 보드'!$A13="","",'진행중 보드'!$J13) | I21: =IF('진행중 보드'!$A13="","",'진행중 보드'!$C13) | J21: =IF('진행중 보드'!$A13="","",'진행중 보드'!$K13) | K21: =IF('진행중 보드'!$A13="","","진행중") | L21: =IF('진행중 보드'!$A13="","","-") | M21: =IF('진행중 보드'!$A13="","","-")
A22: =IF('진행중 보드'!$A14="","",'진행중 보드'!$B14) | B22: =IF('진행중 보드'!$A14="","",'진행중 보드'!$G14) | C22: =IF('진행중 보드'!$A14="","","-") | D22: =IF('진행중 보드'!$A14="","",'진행중 보드'!$H14) | E22: =IF('진행중 보드'!$A14="","",'진행중 보드'!$E14) | F22: =IF('진행중 보드'!$A14="","",'진행중 보드'!$F14) | G22: =IF('진행중 보드'!$A14="","",'진행중 보드'!$I14) | H22: =IF('진행중 보드'!$A14="","",'진행중 보드'!$J14) | I22: =IF('진행중 보드'!$A14="","",'진행중 보드'!$C14) | J22: =IF('진행중 보드'!$A14="","",'진행중 보드'!$K14) | K22: =IF('진행중 보드'!$A14="","","진행중") | L22: =IF('진행중 보드'!$A14="","","-") | M22: =IF('진행중 보드'!$A14="","","-")
A23: =IF('진행중 보드'!$A15="","",'진행중 보드'!$B15) | B23: =IF('진행중 보드'!$A15="","",'진행중 보드'!$G15) | C23: =IF('진행중 보드'!$A15="","","-") | D23: =IF('진행중 보드'!$A15="","",'진행중 보드'!$H15) | E23: =IF('진행중 보드'!$A15="","",'진행중 보드'!$E15) | F23: =IF('진행중 보드'!$A15="","",'진행중 보드'!$F15) | G23: =IF('진행중 보드'!$A15="","",'진행중 보드'!$I15) | H23: =IF('진행중 보드'!$A15="","",'진행중 보드'!$J15) | I23: =IF('진행중 보드'!$A15="","",'진행중 보드'!$C15) | J23: =IF('진행중 보드'!$A15="","",'진행중 보드'!$K15) | K23: =IF('진행중 보드'!$A15="","","진행중") | L23: =IF('진행중 보드'!$A15="","","-") | M23: =IF('진행중 보드'!$A15="","","-")
A24: =IF('진행중 보드'!$A16="","",'진행중 보드'!$B16) | B24: =IF('진행중 보드'!$A16="","",'진행중 보드'!$G16) | C24: =IF('진행중 보드'!$A16="","","-") | D24: =IF('진행중 보드'!$A16="","",'진행중 보드'!$H16) | E24: =IF('진행중 보드'!$A16="","",'진행중 보드'!$E16) | F24: =IF('진행중 보드'!$A16="","",'진행중 보드'!$F16) | G24: =IF('진행중 보드'!$A16="","",'진행중 보드'!$I16) | H24: =IF('진행중 보드'!$A16="","",'진행중 보드'!$J16) | I24: =IF('진행중 보드'!$A16="","",'진행중 보드'!$C16) | J24: =IF('진행중 보드'!$A16="","",'진행중 보드'!$K16) | K24: =IF('진행중 보드'!$A16="","","진행중") | L24: =IF('진행중 보드'!$A16="","","-") | M24: =IF('진행중 보드'!$A16="","","-")
A25: =IF('진행중 보드'!$A17="","",'진행중 보드'!$B17) | B25: =IF('진행중 보드'!$A17="","",'진행중 보드'!$G17) | C25: =IF('진행중 보드'!$A17="","","-") | D25: =IF('진행중 보드'!$A17="","",'진행중 보드'!$H17) | E25: =IF('진행중 보드'!$A17="","",'진행중 보드'!$E17) | F25: =IF('진행중 보드'!$A17="","",'진행중 보드'!$F17) | G25: =IF('진행중 보드'!$A17="","",'진행중 보드'!$I17) | H25: =IF('진행중 보드'!$A17="","",'진행중 보드'!$J17) | I25: =IF('진행중 보드'!$A17="","",'진행중 보드'!$C17) | J25: =IF('진행중 보드'!$A17="","",'진행중 보드'!$K17) | K25: =IF('진행중 보드'!$A17="","","진행중") | L25: =IF('진행중 보드'!$A17="","","-") | M25: =IF('진행중 보드'!$A17="","","-")
A27: 5. 팀별 실적 (연간 누계)
A28: 소속팀 | B28: 출장 회차 | C28: 분석 회차 | D28: 교육 회차 | E28: 전체 회차 | F28: 구성비 | G28: 출장 사건 | H28: 분석 사건 | I28: 전체 사건 | J28: 소요일수 | K28: 연인원 | L28: 대상매체 | M28: 진행중
A29: =IF('부서 전체현황'!$A44="","",'부서 전체현황'!$A44) | B29: =IF('부서 전체현황'!$A44="","",'부서 전체현황'!$B44) | C29: =IF('부서 전체현황'!$A44="","",'부서 전체현황'!$C44) | D29: =IF('부서 전체현황'!$A44="","",'부서 전체현황'!$D44) | E29: =IF('부서 전체현황'!$A44="","",'부서 전체현황'!$E44) | F29: =IF(OR($E29="",'부서 전체현황'!$E$54=0),"",REPT("|",ROUND($E29/'부서 전체현황'!$E$54*20,0))&" "&TEXT($E29/'부서 전체현황'!$E$54,"0%")) | G29: =IF('부서 전체현황'!$A44="","",'부서 전체현황'!$J44) | H29: =IF('부서 전체현황'!$A44="","",'부서 전체현황'!$K44) | I29: =IF('부서 전체현황'!$A44="","",'부서 전체현황'!$L44) | J29: =IF('부서 전체현황'!$A44="","",'부서 전체현황'!$F44) | K29: =IF('부서 전체현황'!$A44="","",'부서 전체현황'!$G44) | L29: =IF('부서 전체현황'!$A44="","",'부서 전체현황'!$H44) | M29: =IF('부서 전체현황'!$A44="","",'부서 전체현황'!$I44)
A30: =IF('부서 전체현황'!$A45="","",'부서 전체현황'!$A45) | B30: =IF('부서 전체현황'!$A45="","",'부서 전체현황'!$B45) | C30: =IF('부서 전체현황'!$A45="","",'부서 전체현황'!$C45) | D30: =IF('부서 전체현황'!$A45="","",'부서 전체현황'!$D45) | E30: =IF('부서 전체현황'!$A45="","",'부서 전체현황'!$E45) | F30: =IF(OR($E30="",'부서 전체현황'!$E$54=0),"",REPT("|",ROUND($E30/'부서 전체현황'!$E$54*20,0))&" "&TEXT($E30/'부서 전체현황'!$E$54,"0%")) | G30: =IF('부서 전체현황'!$A45="","",'부서 전체현황'!$J45) | H30: =IF('부서 전체현황'!$A45="","",'부서 전체현황'!$K45) | I30: =IF('부서 전체현황'!$A45="","",'부서 전체현황'!$L45) | J30: =IF('부서 전체현황'!$A45="","",'부서 전체현황'!$F45) | K30: =IF('부서 전체현황'!$A45="","",'부서 전체현황'!$G45) | L30: =IF('부서 전체현황'!$A45="","",'부서 전체현황'!$H45) | M30: =IF('부서 전체현황'!$A45="","",'부서 전체현황'!$I45)
A31: =IF('부서 전체현황'!$A46="","",'부서 전체현황'!$A46) | B31: =IF('부서 전체현황'!$A46="","",'부서 전체현황'!$B46) | C31: =IF('부서 전체현황'!$A46="","",'부서 전체현황'!$C46) | D31: =IF('부서 전체현황'!$A46="","",'부서 전체현황'!$D46) | E31: =IF('부서 전체현황'!$A46="","",'부서 전체현황'!$E46) | F31: =IF(OR($E31="",'부서 전체현황'!$E$54=0),"",REPT("|",ROUND($E31/'부서 전체현황'!$E$54*20,0))&" "&TEXT($E31/'부서 전체현황'!$E$54,"0%")) | G31: =IF('부서 전체현황'!$A46="","",'부서 전체현황'!$J46) | H31: =IF('부서 전체현황'!$A46="","",'부서 전체현황'!$K46) | I31: =IF('부서 전체현황'!$A46="","",'부서 전체현황'!$L46) | J31: =IF('부서 전체현황'!$A46="","",'부서 전체현황'!$F46) | K31: =IF('부서 전체현황'!$A46="","",'부서 전체현황'!$G46) | L31: =IF('부서 전체현황'!$A46="","",'부서 전체현황'!$H46) | M31: =IF('부서 전체현황'!$A46="","",'부서 전체현황'!$I46)
A32: 합계 | B32: ='부서 전체현황'!$B$54 | C32: ='부서 전체현황'!$C$54 | D32: ='부서 전체현황'!$D$54 | E32: ='부서 전체현황'!$E$54 | F32: 100% | G32: ='부서 전체현황'!$J$54 | H32: ='부서 전체현황'!$K$54 | I32: ='부서 전체현황'!$L$54 | J32: ='부서 전체현황'!$F$54 | K32: ='부서 전체현황'!$G$54 | L32: ='부서 전체현황'!$H$54 | M32: ='부서 전체현황'!$I$54
A34: 6. 사업 현황
A35: 사업번호 | B35: 사업명 | C35: 구분 | D35: 주관팀 | E35: 현재 단계 | F35: 진척률 | G35: 예산액(원) | H35: 집행액(원) | I35: 집행률 | J35: 추진 건수 | K35: 완료예정일 | L35: 진행상태 | M35: 비고
A36: =IF(사업마스터!$A5="","",사업마스터!$A5) | B36: =IF(사업마스터!$A5="","",사업마스터!$B5) | C36: =IF(사업마스터!$A5="","",사업마스터!$D5) | D36: =IF(사업마스터!$A5="","",사업마스터!$E5) | E36: =IF(사업마스터!$A5="","",사업마스터!$M5) | F36: =IF(사업마스터!$A5="","",사업마스터!$N5) | G36: =IF(사업마스터!$A5="","",사업마스터!$G5) | H36: =IF(사업마스터!$A5="","",사업마스터!$H5) | I36: =IF(사업마스터!$A5="","",사업마스터!$I5) | J36: =IF(사업마스터!$A5="","",사업마스터!$O5) | K36: =IF(사업마스터!$A5="","",사업마스터!$L5) | L36: =IF(사업마스터!$A5="","",사업마스터!$P5) | M36: =IF(사업마스터!$A5="","",사업마스터!$Q5)
A37: =IF(사업마스터!$A6="","",사업마스터!$A6) | B37: =IF(사업마스터!$A6="","",사업마스터!$B6) | C37: =IF(사업마스터!$A6="","",사업마스터!$D6) | D37: =IF(사업마스터!$A6="","",사업마스터!$E6) | E37: =IF(사업마스터!$A6="","",사업마스터!$M6) | F37: =IF(사업마스터!$A6="","",사업마스터!$N6) | G37: =IF(사업마스터!$A6="","",사업마스터!$G6) | H37: =IF(사업마스터!$A6="","",사업마스터!$H6) | I37: =IF(사업마스터!$A6="","",사업마스터!$I6) | J37: =IF(사업마스터!$A6="","",사업마스터!$O6) | K37: =IF(사업마스터!$A6="","",사업마스터!$L6) | L37: =IF(사업마스터!$A6="","",사업마스터!$P6) | M37: =IF(사업마스터!$A6="","",사업마스터!$Q6)
A38: =IF(사업마스터!$A7="","",사업마스터!$A7) | B38: =IF(사업마스터!$A7="","",사업마스터!$B7) | C38: =IF(사업마스터!$A7="","",사업마스터!$D7) | D38: =IF(사업마스터!$A7="","",사업마스터!$E7) | E38: =IF(사업마스터!$A7="","",사업마스터!$M7) | F38: =IF(사업마스터!$A7="","",사업마스터!$N7) | G38: =IF(사업마스터!$A7="","",사업마스터!$G7) | H38: =IF(사업마스터!$A7="","",사업마스터!$H7) | I38: =IF(사업마스터!$A7="","",사업마스터!$I7) | J38: =IF(사업마스터!$A7="","",사업마스터!$O7) | K38: =IF(사업마스터!$A7="","",사업마스터!$L7) | L38: =IF(사업마스터!$A7="","",사업마스터!$P7) | M38: =IF(사업마스터!$A7="","",사업마스터!$Q7)
A39: =IF(사업마스터!$A8="","",사업마스터!$A8) | B39: =IF(사업마스터!$A8="","",사업마스터!$B8) | C39: =IF(사업마스터!$A8="","",사업마스터!$D8) | D39: =IF(사업마스터!$A8="","",사업마스터!$E8) | E39: =IF(사업마스터!$A8="","",사업마스터!$M8) | F39: =IF(사업마스터!$A8="","",사업마스터!$N8) | G39: =IF(사업마스터!$A8="","",사업마스터!$G8) | H39: =IF(사업마스터!$A8="","",사업마스터!$H8) | I39: =IF(사업마스터!$A8="","",사업마스터!$I8) | J39: =IF(사업마스터!$A8="","",사업마스터!$O8) | K39: =IF(사업마스터!$A8="","",사업마스터!$L8) | L39: =IF(사업마스터!$A8="","",사업마스터!$P8) | M39: =IF(사업마스터!$A8="","",사업마스터!$Q8)
A40: =IF(사업마스터!$A9="","",사업마스터!$A9) | B40: =IF(사업마스터!$A9="","",사업마스터!$B9) | C40: =IF(사업마스터!$A9="","",사업마스터!$D9) | D40: =IF(사업마스터!$A9="","",사업마스터!$E9) | E40: =IF(사업마스터!$A9="","",사업마스터!$M9) | F40: =IF(사업마스터!$A9="","",사업마스터!$N9) | G40: =IF(사업마스터!$A9="","",사업마스터!$G9) | H40: =IF(사업마스터!$A9="","",사업마스터!$H9) | I40: =IF(사업마스터!$A9="","",사업마스터!$I9) | J40: =IF(사업마스터!$A9="","",사업마스터!$O9) | K40: =IF(사업마스터!$A9="","",사업마스터!$L9) | L40: =IF(사업마스터!$A9="","",사업마스터!$P9) | M40: =IF(사업마스터!$A9="","",사업마스터!$Q9)
A41: =IF(사업마스터!$A10="","",사업마스터!$A10) | B41: =IF(사업마스터!$A10="","",사업마스터!$B10) | C41: =IF(사업마스터!$A10="","",사업마스터!$D10) | D41: =IF(사업마스터!$A10="","",사업마스터!$E10) | E41: =IF(사업마스터!$A10="","",사업마스터!$M10) | F41: =IF(사업마스터!$A10="","",사업마스터!$N10) | G41: =IF(사업마스터!$A10="","",사업마스터!$G10) | H41: =IF(사업마스터!$A10="","",사업마스터!$H10) | I41: =IF(사업마스터!$A10="","",사업마스터!$I10) | J41: =IF(사업마스터!$A10="","",사업마스터!$O10) | K41: =IF(사업마스터!$A10="","",사업마스터!$L10) | L41: =IF(사업마스터!$A10="","",사업마스터!$P10) | M41: =IF(사업마스터!$A10="","",사업마스터!$Q10)
A42: =IF(사업마스터!$A11="","",사업마스터!$A11) | B42: =IF(사업마스터!$A11="","",사업마스터!$B11) | C42: =IF(사업마스터!$A11="","",사업마스터!$D11) | D42: =IF(사업마스터!$A11="","",사업마스터!$E11) | E42: =IF(사업마스터!$A11="","",사업마스터!$M11) | F42: =IF(사업마스터!$A11="","",사업마스터!$N11) | G42: =IF(사업마스터!$A11="","",사업마스터!$G11) | H42: =IF(사업마스터!$A11="","",사업마스터!$H11) | I42: =IF(사업마스터!$A11="","",사업마스터!$I11) | J42: =IF(사업마스터!$A11="","",사업마스터!$O11) | K42: =IF(사업마스터!$A11="","",사업마스터!$L11) | L42: =IF(사업마스터!$A11="","",사업마스터!$P11) | M42: =IF(사업마스터!$A11="","",사업마스터!$Q11)
A43: =IF(사업마스터!$A12="","",사업마스터!$A12) | B43: =IF(사업마스터!$A12="","",사업마스터!$B12) | C43: =IF(사업마스터!$A12="","",사업마스터!$D12) | D43: =IF(사업마스터!$A12="","",사업마스터!$E12) | E43: =IF(사업마스터!$A12="","",사업마스터!$M12) | F43: =IF(사업마스터!$A12="","",사업마스터!$N12) | G43: =IF(사업마스터!$A12="","",사업마스터!$G12) | H43: =IF(사업마스터!$A12="","",사업마스터!$H12) | I43: =IF(사업마스터!$A12="","",사업마스터!$I12) | J43: =IF(사업마스터!$A12="","",사업마스터!$O12) | K43: =IF(사업마스터!$A12="","",사업마스터!$L12) | L43: =IF(사업마스터!$A12="","",사업마스터!$P12) | M43: =IF(사업마스터!$A12="","",사업마스터!$Q12)
A44: 합계 | B44: =IF(COUNTBLANK(사업마스터!$A$5:$A$34)=30,"등록된 사업 없음",(30)-COUNTBLANK(사업마스터!$A$5:$A$34)&" 개 사업") | G44: =SUM(사업마스터!$G$5:$G$34) | H44: =SUM(사업마스터!$H$5:$H$34) | I44: =IF($G$44=0,"",$H$44/$G$44) | J44: =SUM(사업마스터!$O$5:$O$34)
A46: ※ 상위 8개 사업만 표시합니다. 전체는 [사업마스터], 사업별 경과는 [사업별 현황]을 보세요. ※ 집행률 합계는 예산이 배정된 사업만 기준으로 계산됩니다.
A47: ※ 팀별 실적은 연간 누계입니다(이번 달이 아님). 월별 추이는 [부서 전체현황]을 보세요.

Sheet 사용안내
B2: 부서 업무일지 v4 · 사건 / 사업 / 교육 통합 관리
B4: 시트 구성 — 한눈에 보기
B5: 대시보드 | C5: 연도·월만 고르면 이번 달 현황·경고·사건·팀별·사업이 한 장에 모입니다. 입력할 것 없음.
B6: 월력표 | C6: 연·월을 고르면 달력이 그려집니다. 날짜 칸의 파란 줄은 자동 집계, 흰 칸은 자유 메모.
B8: 입력하는 시트
B9: 사건마스터 | C9: 사건을 한 번 등록하고 담당자 배정표에서 참여자를 모두 고릅니다 → 업무일지로 전달.
B10: 업무일지 | C10: 출장·분석·교육 1건 = 1행. 사건번호를 고르면 사건명·요청처·담당자가 통째로 자동.
B11: 일일실시사항 | C11: 출장·분석·교육 외 부서의 일일 업무(행정·회의·장비관리·당직 등).
B12: 사업마스터 | C12: 사업을 한 번 등록합니다. 예산 없는 사업은 예산액을 비워 두세요.
B13: 사업추진일지 | C13: 사업이 언제 무슨 일을 했는지 날짜별로 기록합니다. 추진 단계는 선택 입력.
B14: 장비·매체 관리 | C14: 장비 대장 + 불출·반납 이력. 반납일을 비우면 '사용중', 예정일이 지나면 '연체'.
B16: 보는 시트 — 입력할 것 없음
B17: 진행중 보드 | C17: 진행상태가 '진행중'인 건을 오래된 순으로. 30일 초과 주황, 60일 초과 빨강.
B18: 사건 이력 조회 | C18: 사건번호 하나를 고르면 그 사건의 모든 업무를 날짜순 타임라인으로.
B19: 사업별 현황 | C19: 사업번호 하나를 고르면 예산 집행 · 단계별 진척 · 추진 타임라인이 정리됩니다.
B20: 부서 전체현황 | C20: 기준연도 1칸으로 월별 추이·세부유형·팀별·요청처별·일일 집계가 전부 갱신.
B21: 사건별 현황 | C21: 사건번호 기준 누계(전체 기간). 아래쪽에서 사건 하나를 골라 상세 조회.
B22: 개인별 현황 | C22: 담당자별 주담당/참여 분리 집계, 참여 사건수, 월별 참여회차 매트릭스.
B23: 교육 이수 현황 | C23: 담당자별 연간 교육 횟수와 이수 판정. 이수 기준 횟수는 노란 칸에서 조정.
B24: 입력검증 | C24: 누락·오타·불일치를 자동으로 모아 줍니다. 월말 마감 전 확인용.
B25: 코드설정 | C25: 모든 드롭다운의 원본. 담당자·팀·유형·사업구분·추진단계·장비·공휴일.
B27: 입력 순서
B28: ① 코드설정 | C28: 담당자·소속팀·팀 마스터·요청처를 우리 부서에 맞게 고칩니다.
B29: ② 사건마스터 / 사업마스터 | C29: 사건과 사업을 등록합니다. 사건은 담당자 배정까지, 사업은 예산까지.
B30: ③ 업무일지 / 사업추진일지 | C30: 날짜별로 한 줄씩 기록합니다. 사건번호·사업번호만 고르면 나머지는 자동.
B31: ④ 일일실시사항 | C31: 사건·사업과 무관한 일일 업무를 그날그날 기록합니다.
B32: ⑤ 마감 전 | C32: [입력검증]에서 오류 행이 0인지 확인한 뒤 [대시보드]로 보고합니다.
B34: 색상 규칙
B35: 파란 글씨 | C35: 직접 입력하는 칸
B36: 검정 글씨 | C36: 같은 시트 안에서 자동 계산되는 칸 (덮어쓰지 마세요)
B37: 초록 글씨 | C37: 다른 시트에서 자동으로 끌어온 칸 (업무일지 담당자칸은 덮어써서 그 행만 바꿀 수 있음)
B38: 노란 배경 | C38: 반드시 확인·변경해야 하는 핵심 입력값 (기준연도, 조회 연·월, 이수 기준, 사건·사업 선택)
B39: 행 배경색 | C39: 완료 = 연녹색 / 보류 = 주황 / 기한이 지났는데 미완료 = 빨강
B41: 집계 기준 — 헷갈리기 쉬운 것
B42: 회차 vs 사건 | C42: 같은 사건을 참관 일정 때문에 여러 날 나눠 하면 [회차]가 1·2·3으로 붙습니다. [회차]는 작업량, [사건]은 실제 사건 개수이며 출장·분석을 따로 셉니다.
B43: 전체 사건 | C43: 출장 사건 + 분석 사건이 아닙니다. 한 사건에서 둘 다 했으면 전체에는 1로만 잡힙니다 — 두 칸을 더하지 마세요.
B44: 사건수 합계 | C44: 팀별·개인별 사건수의 합계 칸은 각 값의 단순 합이 아니라 부서 전체 고유 사건 수입니다. 한 사건에 여러 팀·여러 사람이 걸쳐 있기 때문입니다.
B45: 교육 | C45: 사건번호와 묶이지 않으므로 회차만 집계합니다. 사건 수에는 들어가지 않습니다.
B46: 월 귀속 | C46: 출장·분석·교육은 '시작일', 일일실시사항은 '일자', 사업추진일지는 '일자'가 속한 달로 집계됩니다.
B47: 투입인원(명) | C47: 주담당 + 참여자 수. [사건마스터] 배정표에서 자동으로 채워집니다.
B48: 연인원(명) | C48: 각 건의 투입인원을 그대로 합산 — 같은 사람이 여러 건에 참여하면 중복 계상됩니다.
B50: 주의
B51: 동명이인 | C51: 참여자 집계가 이름 부분일치 방식이라 '김디지(1팀)'처럼 반드시 구분해 등록하세요.
B52: 입력 한도 | C52: 업무일지·일일실시사항 각 1000건, 사업추진일지 400건, 사건 60건, 사업 30건, 담당자 20명, 장비 100대.
B53: 월력표 메모 | C53: 연·월을 바꿔도 메모 칸은 그대로 남습니다. 한 달이 끝나면 시트를 복사해 보관하세요.
B54: 참여자 16명 초과 | C54: 사건마스터에서 16명 넘게 배정하면 업무일지엔 주담당 + 참여자 15명까지만 전달됩니다.
B55: 숨은 열 | C55: 각 시트의 숨은 열에는 고유 사건 수·정렬 키 같은 계산용 값이 들어 있습니다. 지우지 마세요.
B56: 한셀 호환 | C56: 엑셀 2010 이후 함수를 쓰지 않았고, 드롭다운은 이름 정의로 참조합니다.
B58: 인쇄
B59: 용지 | C59: 전 시트 A4 · 너비 1페이지 맞춤 · 가운데 정렬. 머리글에 시트명과 인쇄일, 바닥글에 쪽번호.
B60: 반복 머리글 | C60: 업무일지·일일실시사항·사업추진일지 등 긴 목록은 제목 행이 매 쪽 반복됩니다.

Sheet 월력표
A1: 월력표 · 월간 업무 캘린더
A2: ※ 노란 칸(연도·월)만 바꾸면 달력이 다시 그려집니다. ※ 각 날짜의 파란 줄은 [업무일지]에서 자동 집계된 출장·분석 건수입니다. ※ 흰 칸은 자유 메모입니다 — 연·월을 바꿔도 메모는 그대로 남으니, 달이 끝나면 시트를 복사해 보관하세요.
A4: 연도 | B4: 2026 | C4: 월 | D4: 3 | E4: =TEXT(DATE($B$4,$D$4,1),"yyyy년 m월") | H4: =DATE($B$4,$D$4,1)-WEEKDAY(DATE($B$4,$D$4,1))+1
A6: 일 | B6: 월 | C6: 화 | D6: 수 | E6: 목 | F6: 금 | G6: 토
A7: =IF(MONTH($H$4+0)<>$D$4,"",$H$4+0) | B7: =IF(MONTH($H$4+1)<>$D$4,"",$H$4+1) | C7: =IF(MONTH($H$4+2)<>$D$4,"",$H$4+2) | D7: =IF(MONTH($H$4+3)<>$D$4,"",$H$4+3) | E7: =IF(MONTH($H$4+4)<>$D$4,"",$H$4+4) | F7: =IF(MONTH($H$4+5)<>$D$4,"",$H$4+5) | G7: =IF(MONTH($H$4+6)<>$D$4,"",$H$4+6) | J7: =IF(A7="",0,COUNTIFS(업무일지!$B$5:$B$1004,"<="&A7,업무일지!$C$5:$C$1004,">="&A7,업무일지!$D$5:$D$1004,"출장")) | K7: =IF(B7="",0,COUNTIFS(업무일지!$B$5:$B$1004,"<="&B7,업무일지!$C$5:$C$1004,">="&B7,업무일지!$D$5:$D$1004,"출장")) | L7: =IF(C7="",0,COUNTIFS(업무일지!$B$5:$B$1004,"<="&C7,업무일지!$C$5:$C$1004,">="&C7,업무일지!$D$5:$D$1004,"출장")) | M7: =IF(D7="",0,COUNTIFS(업무일지!$B$5:$B$1004,"<="&D7,업무일지!$C$5:$C$1004,">="&D7,업무일지!$D$5:$D$1004,"출장")) | N7: =IF(E7="",0,COUNTIFS(업무일지!$B$5:$B$1004,"<="&E7,업무일지!$C$5:$C$1004,">="&E7,업무일지!$D$5:$D$1004,"출장")) | O7: =IF(F7="",0,COUNTIFS(업무일지!$B$5:$B$1004,"<="&F7,업무일지!$C$5:$C$1004,">="&F7,업무일지!$D$5:$D$1004,"출장")) | P7: =IF(G7="",0,COUNTIFS(업무일지!$B$5:$B$1004,"<="&G7,업무일지!$C$5:$C$1004,">="&G7,업무일지!$D$5:$D$1004,"출장")) | Q7: =IF(A7="",0,COUNTIFS(업무일지!$B$5:$B$1004,"<="&A7,업무일지!$C$5:$C$1004,">="&A7,업무일지!$D$5:$D$1004,"분석")) | R7: =IF(B7="",0,COUNTIFS(업무일지!$B$5:$B$1004,"<="&B7,업무일지!$C$5:$C$1004,">="&B7,업무일지!$D$5:$D$1004,"분석")) | S7: =IF(C7="",0,COUNTIFS(업무일지!$B$5:$B$1004,"<="&C7,업무일지!$C$5:$C$1004,">="&C7,업무일지!$D$5:$D$1004,"분석")) | T7: =IF(D7="",0,COUNTIFS(업무일지!$B$5:$B$1004,"<="&D7,업무일지!$C$5:$C$1004,">="&D7,업무일지!$D$5:$D$1004,"분석")) | U7: =IF(E7="",0,COUNTIFS(업무일지!$B$5:$B$1004,"<="&E7,업무일지!$C$5:$C$1004,">="&E7,업무일지!$D$5:$D$1004,"분석")) | V7: =IF(F7="",0,COUNTIFS(업무일지!$B$5:$B$1004,"<="&F7,업무일지!$C$5:$C$1004,">="&F7,업무일지!$D$5:$D$1004,"분석")) | W7: =IF(G7="",0,COUNTIFS(업무일지!$B$5:$B$1004,"<="&G7,업무일지!$C$5:$C$1004,">="&G7,업무일지!$D$5:$D$1004,"분석")) | X7: =IF(A7="",0,COUNTIFS(업무일지!$B$5:$B$1004,"<="&A7,업무일지!$C$5:$C$1004,">="&A7,업무일지!$D$5:$D$1004,"교육")) | Y7: =IF(B7="",0,COUNTIFS(업무일지!$B$5:$B$1004,"<="&B7,업무일지!$C$5:$C$1004,">="&B7,업무일지!$D$5:$D$1004,"교육")) | Z7: =IF(C7="",0,COUNTIFS(업무일지!$B$5:$B$1004,"<="&C7,업무일지!$C$5:$C$1004,">="&C7,업무일지!$D$5:$D$1004,"교육")) | AA7: =IF(D7="",0,COUNTIFS(업무일지!$B$5:$B$1004,"<="&D7,업무일지!$C$5:$C$1004,">="&D7,업무일지!$D$5:$D$1004,"교육")) | AB7: =IF(E7="",0,COUNTIFS(업무일지!$B$5:$B$1004,"<="&E7,업무일지!$C$5:$C$1004,">="&E7,업무일지!$D$5:$D$1004,"교육")) | AC7: =IF(F7="",0,COUNTIFS(업무일지!$B$5:$B$1004,"<="&F7,업무일지!$C$5:$C$1004,">="&F7,업무일지!$D$5:$D$1004,"교육")) | AD7: =IF(G7="",0,COUNTIFS(업무일지!$B$5:$B$1004,"<="&G7,업무일지!$C$5:$C$1004,">="&G7,업무일지!$D$5:$D$1004,"교육"))
A8: =IF(A7="","",IF(J7+Q7+X7=0,"",IF(J7=0,"","출장 "&J7&" ")&IF(Q7=0,"","분석 "&Q7&" ")&IF(X7=0,"","교육 "&X7))) | B8: =IF(B7="","",IF(K7+R7+Y7=0,"",IF(K7=0,"","출장 "&K7&" ")&IF(R7=0,"","분석 "&R7&" ")&IF(Y7=0,"","교육 "&Y7))) | C8: =IF(C7="","",IF(L7+S7+Z7=0,"",IF(L7=0,"","출장 "&L7&" ")&IF(S7=0,"","분석 "&S7&" ")&IF(Z7=0,"","교육 "&Z7))) | D8: =IF(D7="","",IF(M7+T7+AA7=0,"",IF(M7=0,"","출장 "&M7&" ")&IF(T7=0,"","분석 "&T7&" ")&IF(AA7=0,"","교육 "&AA7))) | E8: =IF(E7="","",IF(N7+U7+AB7=0,"",IF(N7=0,"","출장 "&N7&" ")&IF(U7=0,"","분석 "&U7&" ")&IF(AB7=0,"","교육 "&AB7))) | F8: =IF(F7="","",IF(O7+V7+AC7=0,"",IF(O7=0,"","출장 "&O7&" ")&IF(V7=0,"","분석 "&V7&" ")&IF(AC7=0,"","교육 "&AC7))) | G8: =IF(G7="","",IF(P7+W7+AD7=0,"",IF(P7=0,"","출장 "&P7&" ")&IF(W7=0,"","분석 "&W7&" ")&IF(AD7=0,"","교육 "&AD7))) | J8: =IF(A10="",0,COUNTIFS(업무일지!$B$5:$B$1004,"<="&A10,업무일지!$C$5:$C$1004,">="&A10,업무일지!$D$5:$D$1004,"출장")) | K8: =IF(B10="",0,COUNTIFS(업무일지!$B$5:$B$1004,"<="&B10,업무일지!$C$5:$C$1004,">="&B10,업무일지!$D$5:$D$1004,"출장")) | L8: =IF(C10="",0,COUNTIFS(업무일지!$B$5:$B$1004,"<="&C10,업무일지!$C$5:$C$1004,">="&C10,업무일지!$D$5:$D$1004,"출장")) | M8: =IF(D10="",0,COUNTIFS(업무일지!$B$5:$B$1004,"<="&D10,업무일지!$C$5:$C$1004,">="&D10,업무일지!$D$5:$D$1004,"출장")) | N8: =IF(E10="",0,COUNTIFS(업무일지!$B$5:$B$1004,"<="&E10,업무일지!$C$5:$C$1004,">="&E10,업무일지!$D$5:$D$1004,"출장")) | O8: =IF(F10="",0,COUNTIFS(업무일지!$B$5:$B$1004,"<="&F10,업무일지!$C$5:$C$1004,">="&F10,업무일지!$D$5:$D$1004,"출장")) | P8: =IF(G10="",0,COUNTIFS(업무일지!$B$5:$B$1004,"<="&G10,업무일지!$C$5:$C$1004,">="&G10,업무일지!$D$5:$D$1004,"출장")) | Q8: =IF(A10="",0,COUNTIFS(업무일지!$B$5:$B$1004,"<="&A10,업무일지!$C$5:$C$1004,">="&A10,업무일지!$D$5:$D$1004,"분석")) | R8: =IF(B10="",0,COUNTIFS(업무일지!$B$5:$B$1004,"<="&B10,업무일지!$C$5:$C$1004,">="&B10,업무일지!$D$5:$D$1004,"분석")) | S8: =IF(C10="",0,COUNTIFS(업무일지!$B$5:$B$1004,"<="&C10,업무일지!$C$5:$C$1004,">="&C10,업무일지!$D$5:$D$1004,"분석")) | T8: =IF(D10="",0,COUNTIFS(업무일지!$B$5:$B$1004,"<="&D10,업무일지!$C$5:$C$1004,">="&D10,업무일지!$D$5:$D$1004,"분석")) | U8: =IF(E10="",0,COUNTIFS(업무일지!$B$5:$B$1004,"<="&E10,업무일지!$C$5:$C$1004,">="&E10,업무일지!$D$5:$D$1004,"분석")) | V8: =IF(F10="",0,COUNTIFS(업무일지!$B$5:$B$1004,"<="&F10,업무일지!$C$5:$C$1004,">="&F10,업무일지!$D$5:$D$1004,"분석")) | W8: =IF(G10="",0,COUNTIFS(업무일지!$B$5:$B$1004,"<="&G10,업무일지!$C$5:$C$1004,">="&G10,업무일지!$D$5:$D$1004,"분석")) | X8: =IF(A10="",0,COUNTIFS(업무일지!$B$5:$B$1004,"<="&A10,업무일지!$C$5:$C$1004,">="&A10,업무일지!$D$5:$D$1004,"교육")) | Y8: =IF(B10="",0,COUNTIFS(업무일지!$B$5:$B$1004,"<="&B10,업무일지!$C$5:$C$1004,">="&B10,업무일지!$D$5:$D$1004,"교육")) | Z8: =IF(C10="",0,COUNTIFS(업무일지!$B$5:$B$1004,"<="&C10,업무일지!$C$5:$C$1004,">="&C10,업무일지!$D$5:$D$1004,"교육")) | AA8: =IF(D10="",0,COUNTIFS(업무일지!$B$5:$B$1004,"<="&D10,업무일지!$C$5:$C$1004,">="&D10,업무일지!$D$5:$D$1004,"교육")) | AB8: =IF(E10="",0,COUNTIFS(업무일지!$B$5:$B$1004,"<="&E10,업무일지!$C$5:$C$1004,">="&E10,업무일지!$D$5:$D$1004,"교육")) | AC8: =IF(F10="",0,COUNTIFS(업무일지!$B$5:$B$1004,"<="&F10,업무일지!$C$5:$C$1004,">="&F10,업무일지!$D$5:$D$1004,"교육")) | AD8: =IF(G10="",0,COUNTIFS(업무일지!$B$5:$B$1004,"<="&G10,업무일지!$C$5:$C$1004,">="&G10,업무일지!$D$5:$D$1004,"교육"))
J9: =IF(A13="",0,COUNTIFS(업무일지!$B$5:$B$1004,"<="&A13,업무일지!$C$5:$C$1004,">="&A13,업무일지!$D$5:$D$1004,"출장")) | K9: =IF(B13="",0,COUNTIFS(업무일지!$B$5:$B$1004,"<="&B13,업무일지!$C$5:$C$1004,">="&B13,업무일지!$D$5:$D$1004,"출장")) | L9: =IF(C13="",0,COUNTIFS(업무일지!$B$5:$B$1004,"<="&C13,업무일지!$C$5:$C$1004,">="&C13,업무일지!$D$5:$D$1004,"출장")) | M9: =IF(D13="",0,COUNTIFS(업무일지!$B$5:$B$1004,"<="&D13,업무일지!$C$5:$C$1004,">="&D13,업무일지!$D$5:$D$1004,"출장")) | N9: =IF(E13="",0,COUNTIFS(업무일지!$B$5:$B$1004,"<="&E13,업무일지!$C$5:$C$1004,">="&E13,업무일지!$D$5:$D$1004,"출장")) | O9: =IF(F13="",0,COUNTIFS(업무일지!$B$5:$B$1004,"<="&F13,업무일지!$C$5:$C$1004,">="&F13,업무일지!$D$5:$D$1004,"출장")) | P9: =IF(G13="",0,COUNTIFS(업무일지!$B$5:$B$1004,"<="&G13,업무일지!$C$5:$C$1004,">="&G13,업무일지!$D$5:$D$1004,"출장")) | Q9: =IF(A13="",0,COUNTIFS(업무일지!$B$5:$B$1004,"<="&A13,업무일지!$C$5:$C$1004,">="&A13,업무일지!$D$5:$D$1004,"분석")) | R9: =IF(B13="",0,COUNTIFS(업무일지!$B$5:$B$1004,"<="&B13,업무일지!$C$5:$C$1004,">="&B13,업무일지!$D$5:$D$1004,"분석")) | S9: =IF(C13="",0,COUNTIFS(업무일지!$B$5:$B$1004,"<="&C13,업무일지!$C$5:$C$1004,">="&C13,업무일지!$D$5:$D$1004,"분석")) | T9: =IF(D13="",0,COUNTIFS(업무일지!$B$5:$B$1004,"<="&D13,업무일지!$C$5:$C$1004,">="&D13,업무일지!$D$5:$D$1004,"분석")) | U9: =IF(E13="",0,COUNTIFS(업무일지!$B$5:$B$1004,"<="&E13,업무일지!$C$5:$C$1004,">="&E13,업무일지!$D$5:$D$1004,"분석")) | V9: =IF(F13="",0,COUNTIFS(업무일지!$B$5:$B$1004,"<="&F13,업무일지!$C$5:$C$1004,">="&F13,업무일지!$D$5:$D$1004,"분석")) | W9: =IF(G13="",0,COUNTIFS(업무일지!$B$5:$B$1004,"<="&G13,업무일지!$C$5:$C$1004,">="&G13,업무일지!$D$5:$D$1004,"분석")) | X9: =IF(A13="",0,COUNTIFS(업무일지!$B$5:$B$1004,"<="&A13,업무일지!$C$5:$C$1004,">="&A13,업무일지!$D$5:$D$1004,"교육")) | Y9: =IF(B13="",0,COUNTIFS(업무일지!$B$5:$B$1004,"<="&B13,업무일지!$C$5:$C$1004,">="&B13,업무일지!$D$5:$D$1004,"교육")) | Z9: =IF(C13="",0,COUNTIFS(업무일지!$B$5:$B$1004,"<="&C13,업무일지!$C$5:$C$1004,">="&C13,업무일지!$D$5:$D$1004,"교육")) | AA9: =IF(D13="",0,COUNTIFS(업무일지!$B$5:$B$1004,"<="&D13,업무일지!$C$5:$C$1004,">="&D13,업무일지!$D$5:$D$1004,"교육")) | AB9: =IF(E13="",0,COUNTIFS(업무일지!$B$5:$B$1004,"<="&E13,업무일지!$C$5:$C$1004,">="&E13,업무일지!$D$5:$D$1004,"교육")) | AC9: =IF(F13="",0,COUNTIFS(업무일지!$B$5:$B$1004,"<="&F13,업무일지!$C$5:$C$1004,">="&F13,업무일지!$D$5:$D$1004,"교육")) | AD9: =IF(G13="",0,COUNTIFS(업무일지!$B$5:$B$1004,"<="&G13,업무일지!$C$5:$C$1004,">="&G13,업무일지!$D$5:$D$1004,"교육"))
A10: =IF(MONTH($H$4+7)<>$D$4,"",$H$4+7) | B10: =IF(MONTH($H$4+8)<>$D$4,"",$H$4+8) | C10: =IF(MONTH($H$4+9)<>$D$4,"",$H$4+9) | D10: =IF(MONTH($H$4+10)<>$D$4,"",$H$4+10) | E10: =IF(MONTH($H$4+11)<>$D$4,"",$H$4+11) | F10: =IF(MONTH($H$4+12)<>$D$4,"",$H$4+12) | G10: =IF(MONTH($H$4+13)<>$D$4,"",$H$4+13) | J10: =IF(A16="",0,COUNTIFS(업무일지!$B$5:$B$1004,"<="&A16,업무일지!$C$5:$C$1004,">="&A16,업무일지!$D$5:$D$1004,"출장")) | K10: =IF(B16="",0,COUNTIFS(업무일지!$B$5:$B$1004,"<="&B16,업무일지!$C$5:$C$1004,">="&B16,업무일지!$D$5:$D$1004,"출장")) | L10: =IF(C16="",0,COUNTIFS(업무일지!$B$5:$B$1004,"<="&C16,업무일지!$C$5:$C$1004,">="&C16,업무일지!$D$5:$D$1004,"출장")) | M10: =IF(D16="",0,COUNTIFS(업무일지!$B$5:$B$1004,"<="&D16,업무일지!$C$5:$C$1004,">="&D16,업무일지!$D$5:$D$1004,"출장")) | N10: =IF(E16="",0,COUNTIFS(업무일지!$B$5:$B$1004,"<="&E16,업무일지!$C$5:$C$1004,">="&E16,업무일지!$D$5:$D$1004,"출장")) | O10: =IF(F16="",0,COUNTIFS(업무일지!$B$5:$B$1004,"<="&F16,업무일지!$C$5:$C$1004,">="&F16,업무일지!$D$5:$D$1004,"출장")) | P10: =IF(G16="",0,COUNTIFS(업무일지!$B$5:$B$1004,"<="&G16,업무일지!$C$5:$C$1004,">="&G16,업무일지!$D$5:$D$1004,"출장")) | Q10: =IF(A16="",0,COUNTIFS(업무일지!$B$5:$B$1004,"<="&A16,업무일지!$C$5:$C$1004,">="&A16,업무일지!$D$5:$D$1004,"분석")) | R10: =IF(B16="",0,COUNTIFS(업무일지!$B$5:$B$1004,"<="&B16,업무일지!$C$5:$C$1004,">="&B16,업무일지!$D$5:$D$1004,"분석")) | S10: =IF(C16="",0,COUNTIFS(업무일지!$B$5:$B$1004,"<="&C16,업무일지!$C$5:$C$1004,">="&C16,업무일지!$D$5:$D$1004,"분석")) | T10: =IF(D16="",0,COUNTIFS(업무일지!$B$5:$B$1004,"<="&D16,업무일지!$C$5:$C$1004,">="&D16,업무일지!$D$5:$D$1004,"분석")) | U10: =IF(E16="",0,COUNTIFS(업무일지!$B$5:$B$1004,"<="&E16,업무일지!$C$5:$C$1004,">="&E16,업무일지!$D$5:$D$1004,"분석")) | V10: =IF(F16="",0,COUNTIFS(업무일지!$B$5:$B$1004,"<="&F16,업무일지!$C$5:$C$1004,">="&F16,업무일지!$D$5:$D$1004,"분석")) | W10: =IF(G16="",0,COUNTIFS(업무일지!$B$5:$B$1004,"<="&G16,업무일지!$C$5:$C$1004,">="&G16,업무일지!$D$5:$D$1004,"분석")) | X10: =IF(A16="",0,COUNTIFS(업무일지!$B$5:$B$1004,"<="&A16,업무일지!$C$5:$C$1004,">="&A16,업무일지!$D$5:$D$1004,"교육")) | Y10: =IF(B16="",0,COUNTIFS(업무일지!$B$5:$B$1004,"<="&B16,업무일지!$C$5:$C$1004,">="&B16,업무일지!$D$5:$D$1004,"교육")) | Z10: =IF(C16="",0,COUNTIFS(업무일지!$B$5:$B$1004,"<="&C16,업무일지!$C$5:$C$1004,">="&C16,업무일지!$D$5:$D$1004,"교육")) | AA10: =IF(D16="",0,COUNTIFS(업무일지!$B$5:$B$1004,"<="&D16,업무일지!$C$5:$C$1004,">="&D16,업무일지!$D$5:$D$1004,"교육")) | AB10: =IF(E16="",0,COUNTIFS(업무일지!$B$5:$B$1004,"<="&E16,업무일지!$C$5:$C$1004,">="&E16,업무일지!$D$5:$D$1004,"교육")) | AC10: =IF(F16="",0,COUNTIFS(업무일지!$B$5:$B$1004,"<="&F16,업무일지!$C$5:$C$1004,">="&F16,업무일지!$D$5:$D$1004,"교육")) | AD10: =IF(G16="",0,COUNTIFS(업무일지!$B$5:$B$1004,"<="&G16,업무일지!$C$5:$C$1004,">="&G16,업무일지!$D$5:$D$1004,"교육"))
A11: =IF(A10="","",IF(J8+Q8+X8=0,"",IF(J8=0,"","출장 "&J8&" ")&IF(Q8=0,"","분석 "&Q8&" ")&IF(X8=0,"","교육 "&X8))) | B11: =IF(B10="","",IF(K8+R8+Y8=0,"",IF(K8=0,"","출장 "&K8&" ")&IF(R8=0,"","분석 "&R8&" ")&IF(Y8=0,"","교육 "&Y8))) | C11: =IF(C10="","",IF(L8+S8+Z8=0,"",IF(L8=0,"","출장 "&L8&" ")&IF(S8=0,"","분석 "&S8&" ")&IF(Z8=0,"","교육 "&Z8))) | D11: =IF(D10="","",IF(M8+T8+AA8=0,"",IF(M8=0,"","출장 "&M8&" ")&IF(T8=0,"","분석 "&T8&" ")&IF(AA8=0,"","교육 "&AA8))) | E11: =IF(E10="","",IF(N8+U8+AB8=0,"",IF(N8=0,"","출장 "&N8&" ")&IF(U8=0,"","분석 "&U8&" ")&IF(AB8=0,"","교육 "&AB8))) | F11: =IF(F10="","",IF(O8+V8+AC8=0,"",IF(O8=0,"","출장 "&O8&" ")&IF(V8=0,"","분석 "&V8&" ")&IF(AC8=0,"","교육 "&AC8))) | G11: =IF(G10="","",IF(P8+W8+AD8=0,"",IF(P8=0,"","출장 "&P8&" ")&IF(W8=0,"","분석 "&W8&" ")&IF(AD8=0,"","교육 "&AD8))) | J11: =IF(A19="",0,COUNTIFS(업무일지!$B$5:$B$1004,"<="&A19,업무일지!$C$5:$C$1004,">="&A19,업무일지!$D$5:$D$1004,"출장")) | K11: =IF(B19="",0,COUNTIFS(업무일지!$B$5:$B$1004,"<="&B19,업무일지!$C$5:$C$1004,">="&B19,업무일지!$D$5:$D$1004,"출장")) | L11: =IF(C19="",0,COUNTIFS(업무일지!$B$5:$B$1004,"<="&C19,업무일지!$C$5:$C$1004,">="&C19,업무일지!$D$5:$D$1004,"출장")) | M11: =IF(D19="",0,COUNTIFS(업무일지!$B$5:$B$1004,"<="&D19,업무일지!$C$5:$C$1004,">="&D19,업무일지!$D$5:$D$1004,"출장")) | N11: =IF(E19="",0,COUNTIFS(업무일지!$B$5:$B$1004,"<="&E19,업무일지!$C$5:$C$1004,">="&E19,업무일지!$D$5:$D$1004,"출장")) | O11: =IF(F19="",0,COUNTIFS(업무일지!$B$5:$B$1004,"<="&F19,업무일지!$C$5:$C$1004,">="&F19,업무일지!$D$5:$D$1004,"출장")) | P11: =IF(G19="",0,COUNTIFS(업무일지!$B$5:$B$1004,"<="&G19,업무일지!$C$5:$C$1004,">="&G19,업무일지!$D$5:$D$1004,"출장")) | Q11: =IF(A19="",0,COUNTIFS(업무일지!$B$5:$B$1004,"<="&A19,업무일지!$C$5:$C$1004,">="&A19,업무일지!$D$5:$D$1004,"분석")) | R11: =IF(B19="",0,COUNTIFS(업무일지!$B$5:$B$1004,"<="&B19,업무일지!$C$5:$C$1004,">="&B19,업무일지!$D$5:$D$1004,"분석")) | S11: =IF(C19="",0,COUNTIFS(업무일지!$B$5:$B$1004,"<="&C19,업무일지!$C$5:$C$1004,">="&C19,업무일지!$D$5:$D$1004,"분석")) | T11: =IF(D19="",0,COUNTIFS(업무일지!$B$5:$B$1004,"<="&D19,업무일지!$C$5:$C$1004,">="&D19,업무일지!$D$5:$D$1004,"분석")) | U11: =IF(E19="",0,COUNTIFS(업무일지!$B$5:$B$1004,"<="&E19,업무일지!$C$5:$C$1004,">="&E19,업무일지!$D$5:$D$1004,"분석")) | V11: =IF(F19="",0,COUNTIFS(업무일지!$B$5:$B$1004,"<="&F19,업무일지!$C$5:$C$1004,">="&F19,업무일지!$D$5:$D$1004,"분석")) | W11: =IF(G19="",0,COUNTIFS(업무일지!$B$5:$B$1004,"<="&G19,업무일지!$C$5:$C$1004,">="&G19,업무일지!$D$5:$D$1004,"분석")) | X11: =IF(A19="",0,COUNTIFS(업무일지!$B$5:$B$1004,"<="&A19,업무일지!$C$5:$C$1004,">="&A19,업무일지!$D$5:$D$1004,"교육")) | Y11: =IF(B19="",0,COUNTIFS(업무일지!$B$5:$B$1004,"<="&B19,업무일지!$C$5:$C$1004,">="&B19,업무일지!$D$5:$D$1004,"교육")) | Z11: =IF(C19="",0,COUNTIFS(업무일지!$B$5:$B$1004,"<="&C19,업무일지!$C$5:$C$1004,">="&C19,업무일지!$D$5:$D$1004,"교육")) | AA11: =IF(D19="",0,COUNTIFS(업무일지!$B$5:$B$1004,"<="&D19,업무일지!$C$5:$C$1004,">="&D19,업무일지!$D$5:$D$1004,"교육")) | AB11: =IF(E19="",0,COUNTIFS(업무일지!$B$5:$B$1004,"<="&E19,업무일지!$C$5:$C$1004,">="&E19,업무일지!$D$5:$D$1004,"교육")) | AC11: =IF(F19="",0,COUNTIFS(업무일지!$B$5:$B$1004,"<="&F19,업무일지!$C$5:$C$1004,">="&F19,업무일지!$D$5:$D$1004,"교육")) | AD11: =IF(G19="",0,COUNTIFS(업무일지!$B$5:$B$1004,"<="&G19,업무일지!$C$5:$C$1004,">="&G19,업무일지!$D$5:$D$1004,"교육"))
J12: =IF(A22="",0,COUNTIFS(업무일지!$B$5:$B$1004,"<="&A22,업무일지!$C$5:$C$1004,">="&A22,업무일지!$D$5:$D$1004,"출장")) | K12: =IF(B22="",0,COUNTIFS(업무일지!$B$5:$B$1004,"<="&B22,업무일지!$C$5:$C$1004,">="&B22,업무일지!$D$5:$D$1004,"출장")) | L12: =IF(C22="",0,COUNTIFS(업무일지!$B$5:$B$1004,"<="&C22,업무일지!$C$5:$C$1004,">="&C22,업무일지!$D$5:$D$1004,"출장")) | M12: =IF(D22="",0,COUNTIFS(업무일지!$B$5:$B$1004,"<="&D22,업무일지!$C$5:$C$1004,">="&D22,업무일지!$D$5:$D$1004,"출장")) | N12: =IF(E22="",0,COUNTIFS(업무일지!$B$5:$B$1004,"<="&E22,업무일지!$C$5:$C$1004,">="&E22,업무일지!$D$5:$D$1004,"출장")) | O12: =IF(F22="",0,COUNTIFS(업무일지!$B$5:$B$1004,"<="&F22,업무일지!$C$5:$C$1004,">="&F22,업무일지!$D$5:$D$1004,"출장")) | P12: =IF(G22="",0,COUNTIFS(업무일지!$B$5:$B$1004,"<="&G22,업무일지!$C$5:$C$1004,">="&G22,업무일지!$D$5:$D$1004,"출장")) | Q12: =IF(A22="",0,COUNTIFS(업무일지!$B$5:$B$1004,"<="&A22,업무일지!$C$5:$C$1004,">="&A22,업무일지!$D$5:$D$1004,"분석")) | R12: =IF(B22="",0,COUNTIFS(업무일지!$B$5:$B$1004,"<="&B22,업무일지!$C$5:$C$1004,">="&B22,업무일지!$D$5:$D$1004,"분석")) | S12: =IF(C22="",0,COUNTIFS(업무일지!$B$5:$B$1004,"<="&C22,업무일지!$C$5:$C$1004,">="&C22,업무일지!$D$5:$D$1004,"분석")) | T12: =IF(D22="",0,COUNTIFS(업무일지!$B$5:$B$1004,"<="&D22,업무일지!$C$5:$C$1004,">="&D22,업무일지!$D$5:$D$1004,"분석")) | U12: =IF(E22="",0,COUNTIFS(업무일지!$B$5:$B$1004,"<="&E22,업무일지!$C$5:$C$1004,">="&E22,업무일지!$D$5:$D$1004,"분석")) | V12: =IF(F22="",0,COUNTIFS(업무일지!$B$5:$B$1004,"<="&F22,업무일지!$C$5:$C$1004,">="&F22,업무일지!$D$5:$D$1004,"분석")) | W12: =IF(G22="",0,COUNTIFS(업무일지!$B$5:$B$1004,"<="&G22,업무일지!$C$5:$C$1004,">="&G22,업무일지!$D$5:$D$1004,"분석")) | X12: =IF(A22="",0,COUNTIFS(업무일지!$B$5:$B$1004,"<="&A22,업무일지!$C$5:$C$1004,">="&A22,업무일지!$D$5:$D$1004,"교육")) | Y12: =IF(B22="",0,COUNTIFS(업무일지!$B$5:$B$1004,"<="&B22,업무일지!$C$5:$C$1004,">="&B22,업무일지!$D$5:$D$1004,"교육")) | Z12: =IF(C22="",0,COUNTIFS(업무일지!$B$5:$B$1004,"<="&C22,업무일지!$C$5:$C$1004,">="&C22,업무일지!$D$5:$D$1004,"교육")) | AA12: =IF(D22="",0,COUNTIFS(업무일지!$B$5:$B$1004,"<="&D22,업무일지!$C$5:$C$1004,">="&D22,업무일지!$D$5:$D$1004,"교육")) | AB12: =IF(E22="",0,COUNTIFS(업무일지!$B$5:$B$1004,"<="&E22,업무일지!$C$5:$C$1004,">="&E22,업무일지!$D$5:$D$1004,"교육")) | AC12: =IF(F22="",0,COUNTIFS(업무일지!$B$5:$B$1004,"<="&F22,업무일지!$C$5:$C$1004,">="&F22,업무일지!$D$5:$D$1004,"교육")) | AD12: =IF(G22="",0,COUNTIFS(업무일지!$B$5:$B$1004,"<="&G22,업무일지!$C$5:$C$1004,">="&G22,업무일지!$D$5:$D$1004,"교육"))
A13: =IF(MONTH($H$4+14)<>$D$4,"",$H$4+14) | B13: =IF(MONTH($H$4+15)<>$D$4,"",$H$4+15) | C13: =IF(MONTH($H$4+16)<>$D$4,"",$H$4+16) | D13: =IF(MONTH($H$4+17)<>$D$4,"",$H$4+17) | E13: =IF(MONTH($H$4+18)<>$D$4,"",$H$4+18) | F13: =IF(MONTH($H$4+19)<>$D$4,"",$H$4+19) | G13: =IF(MONTH($H$4+20)<>$D$4,"",$H$4+20)
A14: =IF(A13="","",IF(J9+Q9+X9=0,"",IF(J9=0,"","출장 "&J9&" ")&IF(Q9=0,"","분석 "&Q9&" ")&IF(X9=0,"","교육 "&X9))) | B14: =IF(B13="","",IF(K9+R9+Y9=0,"",IF(K9=0,"","출장 "&K9&" ")&IF(R9=0,"","분석 "&R9&" ")&IF(Y9=0,"","교육 "&Y9))) | C14: =IF(C13="","",IF(L9+S9+Z9=0,"",IF(L9=0,"","출장 "&L9&" ")&IF(S9=0,"","분석 "&S9&" ")&IF(Z9=0,"","교육 "&Z9))) | D14: =IF(D13="","",IF(M9+T9+AA9=0,"",IF(M9=0,"","출장 "&M9&" ")&IF(T9=0,"","분석 "&T9&" ")&IF(AA9=0,"","교육 "&AA9))) | E14: =IF(E13="","",IF(N9+U9+AB9=0,"",IF(N9=0,"","출장 "&N9&" ")&IF(U9=0,"","분석 "&U9&" ")&IF(AB9=0,"","교육 "&AB9))) | F14: =IF(F13="","",IF(O9+V9+AC9=0,"",IF(O9=0,"","출장 "&O9&" ")&IF(V9=0,"","분석 "&V9&" ")&IF(AC9=0,"","교육 "&AC9))) | G14: =IF(G13="","",IF(P9+W9+AD9=0,"",IF(P9=0,"","출장 "&P9&" ")&IF(W9=0,"","분석 "&W9&" ")&IF(AD9=0,"","교육 "&AD9)))
A16: =IF(MONTH($H$4+21)<>$D$4,"",$H$4+21) | B16: =IF(MONTH($H$4+22)<>$D$4,"",$H$4+22) | C16: =IF(MONTH($H$4+23)<>$D$4,"",$H$4+23) | D16: =IF(MONTH($H$4+24)<>$D$4,"",$H$4+24) | E16: =IF(MONTH($H$4+25)<>$D$4,"",$H$4+25) | F16: =IF(MONTH($H$4+26)<>$D$4,"",$H$4+26) | G16: =IF(MONTH($H$4+27)<>$D$4,"",$H$4+27)
A17: =IF(A16="","",IF(J10+Q10+X10=0,"",IF(J10=0,"","출장 "&J10&" ")&IF(Q10=0,"","분석 "&Q10&" ")&IF(X10=0,"","교육 "&X10))) | B17: =IF(B16="","",IF(K10+R10+Y10=0,"",IF(K10=0,"","출장 "&K10&" ")&IF(R10=0,"","분석 "&R10&" ")&IF(Y10=0,"","교육 "&Y10))) | C17: =IF(C16="","",IF(L10+S10+Z10=0,"",IF(L10=0,"","출장 "&L10&" ")&IF(S10=0,"","분석 "&S10&" ")&IF(Z10=0,"","교육 "&Z10))) | D17: =IF(D16="","",IF(M10+T10+AA10=0,"",IF(M10=0,"","출장 "&M10&" ")&IF(T10=0,"","분석 "&T10&" ")&IF(AA10=0,"","교육 "&AA10))) | E17: =IF(E16="","",IF(N10+U10+AB10=0,"",IF(N10=0,"","출장 "&N10&" ")&IF(U10=0,"","분석 "&U10&" ")&IF(AB10=0,"","교육 "&AB10))) | F17: =IF(F16="","",IF(O10+V10+AC10=0,"",IF(O10=0,"","출장 "&O10&" ")&IF(V10=0,"","분석 "&V10&" ")&IF(AC10=0,"","교육 "&AC10))) | G17: =IF(G16="","",IF(P10+W10+AD10=0,"",IF(P10=0,"","출장 "&P10&" ")&IF(W10=0,"","분석 "&W10&" ")&IF(AD10=0,"","교육 "&AD10)))
A19: =IF(MONTH($H$4+28)<>$D$4,"",$H$4+28) | B19: =IF(MONTH($H$4+29)<>$D$4,"",$H$4+29) | C19: =IF(MONTH($H$4+30)<>$D$4,"",$H$4+30) | D19: =IF(MONTH($H$4+31)<>$D$4,"",$H$4+31) | E19: =IF(MONTH($H$4+32)<>$D$4,"",$H$4+32) | F19: =IF(MONTH($H$4+33)<>$D$4,"",$H$4+33) | G19: =IF(MONTH($H$4+34)<>$D$4,"",$H$4+34)
A20: =IF(A19="","",IF(J11+Q11+X11=0,"",IF(J11=0,"","출장 "&J11&" ")&IF(Q11=0,"","분석 "&Q11&" ")&IF(X11=0,"","교육 "&X11))) | B20: =IF(B19="","",IF(K11+R11+Y11=0,"",IF(K11=0,"","출장 "&K11&" ")&IF(R11=0,"","분석 "&R11&" ")&IF(Y11=0,"","교육 "&Y11))) | C20: =IF(C19="","",IF(L11+S11+Z11=0,"",IF(L11=0,"","출장 "&L11&" ")&IF(S11=0,"","분석 "&S11&" ")&IF(Z11=0,"","교육 "&Z11))) | D20: =IF(D19="","",IF(M11+T11+AA11=0,"",IF(M11=0,"","출장 "&M11&" ")&IF(T11=0,"","분석 "&T11&" ")&IF(AA11=0,"","교육 "&AA11))) | E20: =IF(E19="","",IF(N11+U11+AB11=0,"",IF(N11=0,"","출장 "&N11&" ")&IF(U11=0,"","분석 "&U11&" ")&IF(AB11=0,"","교육 "&AB11))) | F20: =IF(F19="","",IF(O11+V11+AC11=0,"",IF(O11=0,"","출장 "&O11&" ")&IF(V11=0,"","분석 "&V11&" ")&IF(AC11=0,"","교육 "&AC11))) | G20: =IF(G19="","",IF(P11+W11+AD11=0,"",IF(P11=0,"","출장 "&P11&" ")&IF(W11=0,"","분석 "&W11&" ")&IF(AD11=0,"","교육 "&AD11)))
A22: =IF(MONTH($H$4+35)<>$D$4,"",$H$4+35) | B22: =IF(MONTH($H$4+36)<>$D$4,"",$H$4+36) | C22: =IF(MONTH($H$4+37)<>$D$4,"",$H$4+37) | D22: =IF(MONTH($H$4+38)<>$D$4,"",$H$4+38) | E22: =IF(MONTH($H$4+39)<>$D$4,"",$H$4+39) | F22: =IF(MONTH($H$4+40)<>$D$4,"",$H$4+40) | G22: =IF(MONTH($H$4+41)<>$D$4,"",$H$4+41)
A23: =IF(A22="","",IF(J12+Q12+X12=0,"",IF(J12=0,"","출장 "&J12&" ")&IF(Q12=0,"","분석 "&Q12&" ")&IF(X12=0,"","교육 "&X12))) | B23: =IF(B22="","",IF(K12+R12+Y12=0,"",IF(K12=0,"","출장 "&K12&" ")&IF(R12=0,"","분석 "&R12&" ")&IF(Y12=0,"","교육 "&Y12))) | C23: =IF(C22="","",IF(L12+S12+Z12=0,"",IF(L12=0,"","출장 "&L12&" ")&IF(S12=0,"","분석 "&S12&" ")&IF(Z12=0,"","교육 "&Z12))) | D23: =IF(D22="","",IF(M12+T12+AA12=0,"",IF(M12=0,"","출장 "&M12&" ")&IF(T12=0,"","분석 "&T12&" ")&IF(AA12=0,"","교육 "&AA12))) | E23: =IF(E22="","",IF(N12+U12+AB12=0,"",IF(N12=0,"","출장 "&N12&" ")&IF(U12=0,"","분석 "&U12&" ")&IF(AB12=0,"","교육 "&AB12))) | F23: =IF(F22="","",IF(O12+V12+AC12=0,"",IF(O12=0,"","출장 "&O12&" ")&IF(V12=0,"","분석 "&V12&" ")&IF(AC12=0,"","교육 "&AC12))) | G23: =IF(G22="","",IF(P12+W12+AD12=0,"",IF(P12=0,"","출장 "&P12&" ")&IF(W12=0,"","분석 "&W12&" ")&IF(AD12=0,"","교육 "&AD12)))
A26: 이달 요약
A27: 구분 | B27: 회차 | C27: 출장 소요일수 | D27: 대상매체(건) | E27: 데이터량(GB) | F27: 진행중
A28: 출장 | B28: =COUNTIFS(업무일지!$B$5:$B$1004,">="&DATE($B$4,$D$4,1),업무일지!$B$5:$B$1004,"<"&DATE($B$4,$D$4+1,1),업무일지!$D$5:$D$1004,"출장") | C28: =SUMIFS(업무일지!$AF$5:$AF$1004,업무일지!$B$5:$B$1004,">="&DATE($B$4,$D$4,1),업무일지!$B$5:$B$1004,"<"&DATE($B$4,$D$4+1,1),업무일지!$D$5:$D$1004,"출장") | D28: =SUMIFS(업무일지!$AD$5:$AD$1004,업무일지!$B$5:$B$1004,">="&DATE($B$4,$D$4,1),업무일지!$B$5:$B$1004,"<"&DATE($B$4,$D$4+1,1),업무일지!$D$5:$D$1004,"출장") | E28: =SUMIFS(업무일지!$AE$5:$AE$1004,업무일지!$B$5:$B$1004,">="&DATE($B$4,$D$4,1),업무일지!$B$5:$B$1004,"<"&DATE($B$4,$D$4+1,1),업무일지!$D$5:$D$1004,"출장") | F28: =COUNTIFS(업무일지!$B$5:$B$1004,">="&DATE($B$4,$D$4,1),업무일지!$B$5:$B$1004,"<"&DATE($B$4,$D$4+1,1),업무일지!$D$5:$D$1004,"출장",업무일지!$AG$5:$AG$1004,"진행중")
A29: 분석 | B29: =COUNTIFS(업무일지!$B$5:$B$1004,">="&DATE($B$4,$D$4,1),업무일지!$B$5:$B$1004,"<"&DATE($B$4,$D$4+1,1),업무일지!$D$5:$D$1004,"분석") | C29: =SUMIFS(업무일지!$AF$5:$AF$1004,업무일지!$B$5:$B$1004,">="&DATE($B$4,$D$4,1),업무일지!$B$5:$B$1004,"<"&DATE($B$4,$D$4+1,1),업무일지!$D$5:$D$1004,"분석") | D29: =SUMIFS(업무일지!$AD$5:$AD$1004,업무일지!$B$5:$B$1004,">="&DATE($B$4,$D$4,1),업무일지!$B$5:$B$1004,"<"&DATE($B$4,$D$4+1,1),업무일지!$D$5:$D$1004,"분석") | E29: =SUMIFS(업무일지!$AE$5:$AE$1004,업무일지!$B$5:$B$1004,">="&DATE($B$4,$D$4,1),업무일지!$B$5:$B$1004,"<"&DATE($B$4,$D$4+1,1),업무일지!$D$5:$D$1004,"분석") | F29: =COUNTIFS(업무일지!$B$5:$B$1004,">="&DATE($B$4,$D$4,1),업무일지!$B$5:$B$1004,"<"&DATE($B$4,$D$4+1,1),업무일지!$D$5:$D$1004,"분석",업무일지!$AG$5:$AG$1004,"진행중")
A30: 교육 | B30: =COUNTIFS(업무일지!$B$5:$B$1004,">="&DATE($B$4,$D$4,1),업무일지!$B$5:$B$1004,"<"&DATE($B$4,$D$4+1,1),업무일지!$D$5:$D$1004,"교육") | C30: =SUMIFS(업무일지!$AF$5:$AF$1004,업무일지!$B$5:$B$1004,">="&DATE($B$4,$D$4,1),업무일지!$B$5:$B$1004,"<"&DATE($B$4,$D$4+1,1),업무일지!$D$5:$D$1004,"교육") | D30: =SUMIFS(업무일지!$AD$5:$AD$1004,업무일지!$B$5:$B$1004,">="&DATE($B$4,$D$4,1),업무일지!$B$5:$B$1004,"<"&DATE($B$4,$D$4+1,1),업무일지!$D$5:$D$1004,"교육") | E30: =SUMIFS(업무일지!$AE$5:$AE$1004,업무일지!$B$5:$B$1004,">="&DATE($B$4,$D$4,1),업무일지!$B$5:$B$1004,"<"&DATE($B$4,$D$4+1,1),업무일지!$D$5:$D$1004,"교육") | F30: =COUNTIFS(업무일지!$B$5:$B$1004,">="&DATE($B$4,$D$4,1),업무일지!$B$5:$B$1004,"<"&DATE($B$4,$D$4+1,1),업무일지!$D$5:$D$1004,"교육",업무일지!$AG$5:$AG$1004,"진행중")
A31: 일일실시 | B31: =COUNTIFS(일일실시사항!$B$5:$B$1004,">="&DATE($B$4,$D$4,1),일일실시사항!$B$5:$B$1004,"<"&DATE($B$4,$D$4+1,1)) | C31: - | D31: - | E31: - | F31: =COUNTIFS(일일실시사항!$B$5:$B$1004,">="&DATE($B$4,$D$4,1),일일실시사항!$B$5:$B$1004,"<"&DATE($B$4,$D$4+1,1),일일실시사항!$J$5:$J$1004,"진행중")
A32: 합계 | B32: =SUM(B28:B31) | C32: =SUM(C28:C30) | D32: =SUM(D28:D30) | E32: =SUM(E28:E30) | F32: =SUM(F28:F31)
A34: ※ 달력 칸의 자동 집계는 [업무일지]에서 시작일~종료일이 그 날짜에 걸친 건을 셉니다. 일일실시사항은 아래 [이달 요약]에만 반영됩니다.
A35: ※ 오늘 날짜는 초록색, 공휴일([코드설정] K열)과 일요일은 빨간색으로 표시됩니다.

Sheet 업무일지
A1: 부서 업무일지 · 출장 / 분석 통합 대장
A2: ※ 출장·분석 1건 = 1행. 사건번호를 고르면 사건명·요청처와 [사건마스터]에 배정된 담당자가 통째로 따라옵니다. ※ 참여자는 15명까지 들어옵니다 — 열 위 [−] 버튼으로 접었다 펼 수 있습니다. ※ 같은 사건을 여러 날 나눠 하면 행을 나눠 쓰세요 — [회차]가 1, 2, 3…으로 자동으로 붙습니다. ※ 그 건에만 인원이 다르면 참여자 칸을 직접 골라 덮어쓰세요(그 행만 수동으로 바뀝니다). ※ 파란 글씨만 입력 / 초록 글씨는 사건마스터 연동 / 검정 글씨는 자동.
A4: 연번 | B4: 시작일 | C4: 종료일 | D4: 직무구분 | E4: 세부유형 | F4: 사건번호 | G4: 회차 | H4: 사건명 · 업무명 | I4: 요청·의뢰처 | J4: 주담당자 | K4: 참여자 1 | L4: 참여자 2 | M4: 참여자 3 | N4: 참여자 4 | O4: 참여자 5 | P4: 참여자 6 | Q4: 참여자 7 | R4: 참여자 8 | S4: 참여자 9 | T4: 참여자 10 | U4: 참여자 11 | V4: 참여자 12 | W4: 참여자 13 | X4: 참여자 14 | Y4: 참여자 15 | Z4: 투입인원(명) | AA4: 참여자 명단(자동) | AB4: 소속팀 | AC4: 장소 / 분석실 | AD4: 대상매체(건) | AE4: 데이터량(GB) | AF4: 소요일수 | AG4: 진행상태 | AH4: 비고
A5: =IF($B5="","",COUNT($B$5:$B5)) | G5: =IF($F5="","",COUNTIF($F$5:$F5,$F5)) | H5: =IF($F5="","",IFERROR(INDEX(사건마스터!$B$5:$B$64,MATCH($F5,사건마스터!$A$5:$A$64,0)),"")) | I5: =IF($F5="","",IFERROR(INDEX(사건마스터!$C$5:$C$64,MATCH($F5,사건마스터!$A$5:$A$64,0)),"")) | J5: =IF($F5="","",IFERROR(INDEX(사건마스터!$H$5:$H$64,MATCH($F5,사건마스터!$A$5:$A$64,0)),"")) | K5: =IF($F5="","",IFERROR(INDEX(사건마스터!$AH$5:$AH$64,MATCH($F5,사건마스터!$A$5:$A$64,0)),"")) | L5: =IF($F5="","",IFERROR(INDEX(사건마스터!$AI$5:$AI$64,MATCH($F5,사건마스터!$A$5:$A$64,0)),"")) | M5: =IF($F5="","",IFERROR(INDEX(사건마스터!$AJ$5:$AJ$64,MATCH($F5,사건마스터!$A$5:$A$64,0)),"")) | N5: =IF($F5="","",IFERROR(INDEX(사건마스터!$AK$5:$AK$64,MATCH($F5,사건마스터!$A$5:$A$64,0)),"")) | O5: =IF($F5="","",IFERROR(INDEX(사건마스터!$AL$5:$AL$64,MATCH($F5,사건마스터!$A$5:$A$64,0)),"")) | P5: =IF($F5="","",IFERROR(INDEX(사건마스터!$AM$5:$AM$64,MATCH($F5,사건마스터!$A$5:$A$64,0)),"")) | Q5: =IF($F5="","",IFERROR(INDEX(사건마스터!$AN$5:$AN$64,MATCH($F5,사건마스터!$A$5:$A$64,0)),"")) | R5: =IF($F5="","",IFERROR(INDEX(사건마스터!$AO$5:$AO$64,MATCH($F5,사건마스터!$A$5:$A$64,0)),"")) | S5: =IF($F5="","",IFERROR(INDEX(사건마스터!$AP$5:$AP$64,MATCH($F5,사건마스터!$A$5:$A$64,0)),"")) | T5: =IF($F5="","",IFERROR(INDEX(사건마스터!$AQ$5:$AQ$64,MATCH($F5,사건마스터!$A$5:$A$64,0)),"")) | U5: =IF($F5="","",IFERROR(INDEX(사건마스터!$AR$5:$AR$64,MATCH($F5,사건마스터!$A$5:$A$64,0)),"")) | V5: =IF($F5="","",IFERROR(INDEX(사건마스터!$AS$5:$AS$64,MATCH($F5,사건마스터!$A$5:$A$64,0)),"")) | W5: =IF($F5="","",IFERROR(INDEX(사건마스터!$AT$5:$AT$64,MATCH($F5,사건마스터!$A$5:$A$64,0)),"")) | X5: =IF($F5="","",IFERROR(INDEX(사건마스터!$AU$5:$AU$64,MATCH($F5,사건마스터!$A$5:$A$64,0)),"")) | Y5: =IF($F5="","",IFERROR(INDEX(사건마스터!$AV$5:$AV$64,MATCH($F5,사건마스터!$A$5:$A$64,0)),"")) | Z5: =IF(COUNTBLANK($J5:$Y5)=16,"",16-COUNTBLANK($J5:$Y5)) | AA5: =IF($J5="",MID($AX5,3,255),$J5&$AX5) | AB5: =IF($J5="","",IFERROR(INDEX(코드설정!$D$5:$D$24,MATCH($J5,코드설정!$C$5:$C$24,0)),"")) | AF5: =IF(OR($B5="",$C5=""),"",$C5-$B5+1) | AJ5: =IF($K5="","",", "&$K5) | AK5: =AJ5&IF($L5="","",", "&$L5) | AL5: =AK5&IF($M5="","",", "&$M5) | AM5: =AL5&IF($N5="","",", "&$N5) | AN5: =AM5&IF($O5="","",", "&$O5) | AO5: =AN5&IF($P5="","",", "&$P5) | AP5: =AO5&IF($Q5="","",", "&$Q5) | AQ5: =AP5&IF($R5="","",", "&$R5) | AR5: =AQ5&IF($S5="","",", "&$S5) | AS5: =AR5&IF($T5="","",", "&$T5) | AT5: =AS5&IF($U5="","",", "&$U5) | AU5: =AT5&IF($V5="","",", "&$V5) | AV5: =AU5&IF($W5="","",", "&$W5) | AW5: =AV5&IF($X5="","",", "&$X5) | AX5: =AW5&IF($Y5="","",", "&$Y5)
A6: =IF($B6="","",COUNT($B$5:$B6)) | G6: =IF($F6="","",COUNTIF($F$5:$F6,$F6)) | H6: =IF($F6="","",IFERROR(INDEX(사건마스터!$B$5:$B$64,MATCH($F6,사건마스터!$A$5:$A$64,0)),"")) | I6: =IF($F6="","",IFERROR(INDEX(사건마스터!$C$5:$C$64,MATCH($F6,사건마스터!$A$5:$A$64,0)),"")) | J6: =IF($F6="","",IFERROR(INDEX(사건마스터!$H$5:$H$64,MATCH($F6,사건마스터!$A$5:$A$64,0)),"")) | K6: =IF($F6="","",IFERROR(INDEX(사건마스터!$AH$5:$AH$64,MATCH($F6,사건마스터!$A$5:$A$64,0)),"")) | L6: =IF($F6="","",IFERROR(INDEX(사건마스터!$AI$5:$AI$64,MATCH($F6,사건마스터!$A$5:$A$64,0)),"")) | M6: =IF($F6="","",IFERROR(INDEX(사건마스터!$AJ$5:$AJ$64,MATCH($F6,사건마스터!$A$5:$A$64,0)),"")) | N6: =IF($F6="","",IFERROR(INDEX(사건마스터!$AK$5:$AK$64,MATCH($F6,사건마스터!$A$5:$A$64,0)),"")) | O6: =IF($F6="","",IFERROR(INDEX(사건마스터!$AL$5:$AL$64,MATCH($F6,사건마스터!$A$5:$A$64,0)),"")) | P6: =IF($F6="","",IFERROR(INDEX(사건마스터!$AM$5:$AM$64,MATCH($F6,사건마스터!$A$5:$A$64,0)),"")) | Q6: =IF($F6="","",IFERROR(INDEX(사건마스터!$AN$5:$AN$64,MATCH($F6,사건마스터!$A$5:$A$64,0)),"")) | R6: =IF($F6="","",IFERROR(INDEX(사건마스터!$AO$5:$AO$64,MATCH($F6,사건마스터!$A$5:$A$64,0)),"")) | S6: =IF($F6="","",IFERROR(INDEX(사건마스터!$AP$5:$AP$64,MATCH($F6,사건마스터!$A$5:$A$64,0)),"")) | T6: =IF($F6="","",IFERROR(INDEX(사건마스터!$AQ$5:$AQ$64,MATCH($F6,사건마스터!$A$5:$A$64,0)),"")) | U6: =IF($F6="","",IFERROR(INDEX(사건마스터!$AR$5:$AR$64,MATCH($F6,사건마스터!$A$5:$A$64,0)),"")) | V6: =IF($F6="","",IFERROR(INDEX(사건마스터!$AS$5:$AS$64,MATCH($F6,사건마스터!$A$5:$A$64,0)),"")) | W6: =IF($F6="","",IFERROR(INDEX(사건마스터!$AT$5:$AT$64,MATCH($F6,사건마스터!$A$5:$A$64,0)),"")) | X6: =IF($F6="","",IFERROR(INDEX(사건마스터!$AU$5:$AU$64,MATCH($F6,사건마스터!$A$5:$A$64,0)),"")) | Y6: =IF($F6="","",IFERROR(INDEX(사건마스터!$AV$5:$AV$64,MATCH($F6,사건마스터!$A$5:$A$64,0)),"")) | Z6: =IF(COUNTBLANK($J6:$Y6)=16,"",16-COUNTBLANK($J6:$Y6)) | AA6: =IF($J6="",MID($AX6,3,255),$J6&$AX6) | AB6: =IF($J6="","",IFERROR(INDEX(코드설정!$D$5:$D$24,MATCH($J6,코드설정!$C$5:$C$24,0)),"")) | AF6: =IF(OR($B6="",$C6=""),"",$C6-$B6+1) | AJ6: =IF($K6="","",", "&$K6) | AK6: =AJ6&IF($L6="","",", "&$L6) | AL6: =AK6&IF($M6="","",", "&$M6) | AM6: =AL6&IF($N6="","",", "&$N6) | AN6: =AM6&IF($O6="","",", "&$O6) | AO6: =AN6&IF($P6="","",", "&$P6) | AP6: =AO6&IF($Q6="","",", "&$Q6) | AQ6: =AP6&IF($R6="","",", "&$R6) | AR6: =AQ6&IF($S6="","",", "&$S6) | AS6: =AR6&IF($T6="","",", "&$T6) | AT6: =AS6&IF($U6="","",", "&$U6) | AU6: =AT6&IF($V6="","",", "&$V6) | AV6: =AU6&IF($W6="","",", "&$W6) | AW6: =AV6&IF($X6="","",", "&$X6) | AX6: =AW6&IF($Y6="","",", "&$Y6)
A7: =IF($B7="","",COUNT($B$5:$B7)) | G7: =IF($F7="","",COUNTIF($F$5:$F7,$F7)) | H7: =IF($F7="","",IFERROR(INDEX(사건마스터!$B$5:$B$64,MATCH($F7,사건마스터!$A$5:$A$64,0)),"")) | I7: =IF($F7="","",IFERROR(INDEX(사건마스터!$C$5:$C$64,MATCH($F7,사건마스터!$A$5:$A$64,0)),"")) | J7: =IF($F7="","",IFERROR(INDEX(사건마스터!$H$5:$H$64,MATCH($F7,사건마스터!$A$5:$A$64,0)),"")) | K7: =IF($F7="","",IFERROR(INDEX(사건마스터!$AH$5:$AH$64,MATCH($F7,사건마스터!$A$5:$A$64,0)),"")) | L7: =IF($F7="","",IFERROR(INDEX(사건마스터!$AI$5:$AI$64,MATCH($F7,사건마스터!$A$5:$A$64,0)),"")) | M7: =IF($F7="","",IFERROR(INDEX(사건마스터!$AJ$5:$AJ$64,MATCH($F7,사건마스터!$A$5:$A$64,0)),"")) | N7: =IF($F7="","",IFERROR(INDEX(사건마스터!$AK$5:$AK$64,MATCH($F7,사건마스터!$A$5:$A$64,0)),"")) | O7: =IF($F7="","",IFERROR(INDEX(사건마스터!$AL$5:$AL$64,MATCH($F7,사건마스터!$A$5:$A$64,0)),"")) | P7: =IF($F7="","",IFERROR(INDEX(사건마스터!$AM$5:$AM$64,MATCH($F7,사건마스터!$A$5:$A$64,0)),"")) | Q7: =IF($F7="","",IFERROR(INDEX(사건마스터!$AN$5:$AN$64,MATCH($F7,사건마스터!$A$5:$A$64,0)),"")) | R7: =IF($F7="","",IFERROR(INDEX(사건마스터!$AO$5:$AO$64,MATCH($F7,사건마스터!$A$5:$A$64,0)),"")) | S7: =IF($F7="","",IFERROR(INDEX(사건마스터!$AP$5:$AP$64,MATCH($F7,사건마스터!$A$5:$A$64,0)),"")) | T7: =IF($F7="","",IFERROR(INDEX(사건마스터!$AQ$5:$AQ$64,MATCH($F7,사건마스터!$A$5:$A$64,0)),"")) | U7: =IF($F7="","",IFERROR(INDEX(사건마스터!$AR$5:$AR$64,MATCH($F7,사건마스터!$A$5:$A$64,0)),"")) | V7: =IF($F7="","",IFERROR(INDEX(사건마스터!$AS$5:$AS$64,MATCH($F7,사건마스터!$A$5:$A$64,0)),"")) | W7: =IF($F7="","",IFERROR(INDEX(사건마스터!$AT$5:$AT$64,MATCH($F7,사건마스터!$A$5:$A$64,0)),"")) | X7: =IF($F7="","",IFERROR(INDEX(사건마스터!$AU$5:$AU$64,MATCH($F7,사건마스터!$A$5:$A$64,0)),"")) | Y7: =IF($F7="","",IFERROR(INDEX(사건마스터!$AV$5:$AV$64,MATCH($F7,사건마스터!$A$5:$A$64,0)),"")) | Z7: =IF(COUNTBLANK($J7:$Y7)=16,"",16-COUNTBLANK($J7:$Y7)) | AA7: =IF($J7="",MID($AX7,3,255),$J7&$AX7) | AB7: =IF($J7="","",IFERROR(INDEX(코드설정!$D$5:$D$24,MATCH($J7,코드설정!$C$5:$C$24,0)),"")) | AF7: =IF(OR($B7="",$C7=""),"",$C7-$B7+1) | AJ7: =IF($K7="","",", "&$K7) | AK7: =AJ7&IF($L7="","",", "&$L7) | AL7: =AK7&IF($M7="","",", "&$M7) | AM7: =AL7&IF($N7="","",", "&$N7) | AN7: =AM7&IF($O7="","",", "&$O7) | AO7: =AN7&IF($P7="","",", "&$P7) | AP7: =AO7&IF($Q7="","",", "&$Q7) | AQ7: =AP7&IF($R7="","",", "&$R7) | AR7: =AQ7&IF($S7="","",", "&$S7) | AS7: =AR7&IF($T7="","",", "&$T7) | AT7: =AS7&IF($U7="","",", "&$U7) | AU7: =AT7&IF($V7="","",", "&$V7) | AV7: =AU7&IF($W7="","",", "&$W7) | AW7: =AV7&IF($X7="","",", "&$X7) | AX7: =AW7&IF($Y7="","",", "&$Y7)
A8: =IF($B8="","",COUNT($B$5:$B8)) | G8: =IF($F8="","",COUNTIF($F$5:$F8,$F8)) | H8: =IF($F8="","",IFERROR(INDEX(사건마스터!$B$5:$B$64,MATCH($F8,사건마스터!$A$5:$A$64,0)),"")) | I8: =IF($F8="","",IFERROR(INDEX(사건마스터!$C$5:$C$64,MATCH($F8,사건마스터!$A$5:$A$64,0)),"")) | J8: =IF($F8="","",IFERROR(INDEX(사건마스터!$H$5:$H$64,MATCH($F8,사건마스터!$A$5:$A$64,0)),"")) | K8: =IF($F8="","",IFERROR(INDEX(사건마스터!$AH$5:$AH$64,MATCH($F8,사건마스터!$A$5:$A$64,0)),"")) | L8: =IF($F8="","",IFERROR(INDEX(사건마스터!$AI$5:$AI$64,MATCH($F8,사건마스터!$A$5:$A$64,0)),"")) | M8: =IF($F8="","",IFERROR(INDEX(사건마스터!$AJ$5:$AJ$64,MATCH($F8,사건마스터!$A$5:$A$64,0)),"")) | N8: =IF($F8="","",IFERROR(INDEX(사건마스터!$AK$5:$AK$64,MATCH($F8,사건마스터!$A$5:$A$64,0)),"")) | O8: =IF($F8="","",IFERROR(INDEX(사건마스터!$AL$5:$AL$64,MATCH($F8,사건마스터!$A$5:$A$64,0)),"")) | P8: =IF($F8="","",IFERROR(INDEX(사건마스터!$AM$5:$AM$64,MATCH($F8,사건마스터!$A$5:$A$64,0)),"")) | Q8: =IF($F8="","",IFERROR(INDEX(사건마스터!$AN$5:$AN$64,MATCH($F8,사건마스터!$A$5:$A$64,0)),"")) | R8: =IF($F8="","",IFERROR(INDEX(사건마스터!$AO$5:$AO$64,MATCH($F8,사건마스터!$A$5:$A$64,0)),"")) | S8: =IF($F8="","",IFERROR(INDEX(사건마스터!$AP$5:$AP$64,MATCH($F8,사건마스터!$A$5:$A$64,0)),"")) | T8: =IF($F8="","",IFERROR(INDEX(사건마스터!$AQ$5:$AQ$64,MATCH($F8,사건마스터!$A$5:$A$64,0)),"")) | U8: =IF($F8="","",IFERROR(INDEX(사건마스터!$AR$5:$AR$64,MATCH($F8,사건마스터!$A$5:$A$64,0)),"")) | V8: =IF($F8="","",IFERROR(INDEX(사건마스터!$AS$5:$AS$64,MATCH($F8,사건마스터!$A$5:$A$64,0)),"")) | W8: =IF($F8="","",IFERROR(INDEX(사건마스터!$AT$5:$AT$64,MATCH($F8,사건마스터!$A$5:$A$64,0)),"")) | X8: =IF($F8="","",IFERROR(INDEX(사건마스터!$AU$5:$AU$64,MATCH($F8,사건마스터!$A$5:$A$64,0)),"")) | Y8: =IF($F8="","",IFERROR(INDEX(사건마스터!$AV$5:$AV$64,MATCH($F8,사건마스터!$A$5:$A$64,0)),"")) | Z8: =IF(COUNTBLANK($J8:$Y8)=16,"",16-COUNTBLANK($J8:$Y8)) | AA8: =IF($J8="",MID($AX8,3,255),$J8&$AX8) | AB8: =IF($J8="","",IFERROR(INDEX(코드설정!$D$5:$D$24,MATCH($J8,코드설정!$C$5:$C$24,0)),"")) | AF8: =IF(OR($B8="",$C8=""),"",$C8-$B8+1) | AJ8: =IF($K8="","",", "&$K8) | AK8: =AJ8&IF($L8="","",", "&$L8) | AL8: =AK8&IF($M8="","",", "&$M8) | AM8: =AL8&IF($N8="","",", "&$N8) | AN8: =AM8&IF($O8="","",", "&$O8) | AO8: =AN8&IF($P8="","",", "&$P8) | AP8: =AO8&IF($Q8="","",", "&$Q8) | AQ8: =AP8&IF($R8="","",", "&$R8) | AR8: =AQ8&IF($S8="","",", "&$S8) | AS8: =AR8&IF($T8="","",", "&$T8) | AT8: =AS8&IF($U8="","",", "&$U8) | AU8: =AT8&IF($V8="","",", "&$V8) | AV8: =AU8&IF($W8="","",", "&$W8) | AW8: =AV8&IF($X8="","",", "&$X8) | AX8: =AW8&IF($Y8="","",", "&$Y8)
A9: =IF($B9="","",COUNT($B$5:$B9)) | G9: =IF($F9="","",COUNTIF($F$5:$F9,$F9)) | H9: =IF($F9="","",IFERROR(INDEX(사건마스터!$B$5:$B$64,MATCH($F9,사건마스터!$A$5:$A$64,0)),"")) | I9: =IF($F9="","",IFERROR(INDEX(사건마스터!$C$5:$C$64,MATCH($F9,사건마스터!$A$5:$A$64,0)),"")) | J9: =IF($F9="","",IFERROR(INDEX(사건마스터!$H$5:$H$64,MATCH($F9,사건마스터!$A$5:$A$64,0)),"")) | K9: =IF($F9="","",IFERROR(INDEX(사건마스터!$AH$5:$AH$64,MATCH($F9,사건마스터!$A$5:$A$64,0)),"")) | L9: =IF($F9="","",IFERROR(INDEX(사건마스터!$AI$5:$AI$64,MATCH($F9,사건마스터!$A$5:$A$64,0)),"")) | M9: =IF($F9="","",IFERROR(INDEX(사건마스터!$AJ$5:$AJ$64,MATCH($F9,사건마스터!$A$5:$A$64,0)),"")) | N9: =IF($F9="","",IFERROR(INDEX(사건마스터!$AK$5:$AK$64,MATCH($F9,사건마스터!$A$5:$A$64,0)),"")) | O9: =IF($F9="","",IFERROR(INDEX(사건마스터!$AL$5:$AL$64,MATCH($F9,사건마스터!$A$5:$A$64,0)),"")) | P9: =IF($F9="","",IFERROR(INDEX(사건마스터!$AM$5:$AM$64,MATCH($F9,사건마스터!$A$5:$A$64,0)),"")) | Q9: =IF($F9="","",IFERROR(INDEX(사건마스터!$AN$5:$AN$64,MATCH($F9,사건마스터!$A$5:$A$64,0)),"")) | R9: =IF($F9="","",IFERROR(INDEX(사건마스터!$AO$5:$AO$64,MATCH($F9,사건마스터!$A$5:$A$64,0)),"")) | S9: =IF($F9="","",IFERROR(INDEX(사건마스터!$AP$5:$AP$64,MATCH($F9,사건마스터!$A$5:$A$64,0)),"")) | T9: =IF($F9="","",IFERROR(INDEX(사건마스터!$AQ$5:$AQ$64,MATCH($F9,사건마스터!$A$5:$A$64,0)),"")) | U9: =IF($F9="","",IFERROR(INDEX(사건마스터!$AR$5:$AR$64,MATCH($F9,사건마스터!$A$5:$A$64,0)),"")) | V9: =IF($F9="","",IFERROR(INDEX(사건마스터!$AS$5:$AS$64,MATCH($F9,사건마스터!$A$5:$A$64,0)),"")) | W9: =IF($F9="","",IFERROR(INDEX(사건마스터!$AT$5:$AT$64,MATCH($F9,사건마스터!$A$5:$A$64,0)),"")) | X9: =IF($F9="","",IFERROR(INDEX(사건마스터!$AU$5:$AU$64,MATCH($F9,사건마스터!$A$5:$A$64,0)),"")) | Y9: =IF($F9="","",IFERROR(INDEX(사건마스터!$AV$5:$AV$64,MATCH($F9,사건마스터!$A$5:$A$64,0)),"")) | Z9: =IF(COUNTBLANK($J9:$Y9)=16,"",16-COUNTBLANK($J9:$Y9)) | AA9: =IF($J9="",MID($AX9,3,255),$J9&$AX9) | AB9: =IF($J9="","",IFERROR(INDEX(코드설정!$D$5:$D$24,MATCH($J9,코드설정!$C$5:$C$24,0)),"")) | AF9: =IF(OR($B9="",$C9=""),"",$C9-$B9+1) | AJ9: =IF($K9="","",", "&$K9) | AK9: =AJ9&IF($L9="","",", "&$L9) | AL9: =AK9&IF($M9="","",", "&$M9) | AM9: =AL9&IF($N9="","",", "&$N9) | AN9: =AM9&IF($O9="","",", "&$O9) | AO9: =AN9&IF($P9="","",", "&$P9) | AP9: =AO9&IF($Q9="","",", "&$Q9) | AQ9: =AP9&IF($R9="","",", "&$R9) | AR9: =AQ9&IF($S9="","",", "&$S9) | AS9: =AR9&IF($T9="","",", "&$T9) | AT9: =AS9&IF($U9="","",", "&$U9) | AU9: =AT9&IF($V9="","",", "&$V9) | AV9: =AU9&IF($W9="","",", "&$W9) | AW9: =AV9&IF($X9="","",", "&$X9) | AX9: =AW9&IF($Y9="","",", "&$Y9)
A10: =IF($B10="","",COUNT($B$5:$B10)) | G10: =IF($F10="","",COUNTIF($F$5:$F10,$F10)) | H10: =IF($F10="","",IFERROR(INDEX(사건마스터!$B$5:$B$64,MATCH($F10,사건마스터!$A$5:$A$64,0)),"")) | I10: =IF($F10="","",IFERROR(INDEX(사건마스터!$C$5:$C$64,MATCH($F10,사건마스터!$A$5:$A$64,0)),"")) | J10: =IF($F10="","",IFERROR(INDEX(사건마스터!$H$5:$H$64,MATCH($F10,사건마스터!$A$5:$A$64,0)),"")) | K10: =IF($F10="","",IFERROR(INDEX(사건마스터!$AH$5:$AH$64,MATCH($F10,사건마스터!$A$5:$A$64,0)),"")) | L10: =IF($F10="","",IFERROR(INDEX(사건마스터!$AI$5:$AI$64,MATCH($F10,사건마스터!$A$5:$A$64,0)),"")) | M10: =IF($F10="","",IFERROR(INDEX(사건마스터!$AJ$5:$AJ$64,MATCH($F10,사건마스터!$A$5:$A$64,0)),"")) | N10: =IF($F10="","",IFERROR(INDEX(사건마스터!$AK$5:$AK$64,MATCH($F10,사건마스터!$A$5:$A$64,0)),"")) | O10: =IF($F10="","",IFERROR(INDEX(사건마스터!$AL$5:$AL$64,MATCH($F10,사건마스터!$A$5:$A$64,0)),"")) | P10: =IF($F10="","",IFERROR(INDEX(사건마스터!$AM$5:$AM$64,MATCH($F10,사건마스터!$A$5:$A$64,0)),"")) | Q10: =IF($F10="","",IFERROR(INDEX(사건마스터!$AN$5:$AN$64,MATCH($F10,사건마스터!$A$5:$A$64,0)),"")) | R10: =IF($F10="","",IFERROR(INDEX(사건마스터!$AO$5:$AO$64,MATCH($F10,사건마스터!$A$5:$A$64,0)),"")) | S10: =IF($F10="","",IFERROR(INDEX(사건마스터!$AP$5:$AP$64,MATCH($F10,사건마스터!$A$5:$A$64,0)),"")) | T10: =IF($F10="","",IFERROR(INDEX(사건마스터!$AQ$5:$AQ$64,MATCH($F10,사건마스터!$A$5:$A$64,0)),"")) | U10: =IF($F10="","",IFERROR(INDEX(사건마스터!$AR$5:$AR$64,MATCH($F10,사건마스터!$A$5:$A$64,0)),"")) | V10: =IF($F10="","",IFERROR(INDEX(사건마스터!$AS$5:$AS$64,MATCH($F10,사건마스터!$A$5:$A$64,0)),"")) | W10: =IF($F10="","",IFERROR(INDEX(사건마스터!$AT$5:$AT$64,MATCH($F10,사건마스터!$A$5:$A$64,0)),"")) | X10: =IF($F10="","",IFERROR(INDEX(사건마스터!$AU$5:$AU$64,MATCH($F10,사건마스터!$A$5:$A$64,0)),"")) | Y10: =IF($F10="","",IFERROR(INDEX(사건마스터!$AV$5:$AV$64,MATCH($F10,사건마스터!$A$5:$A$64,0)),"")) | Z10: =IF(COUNTBLANK($J10:$Y10)=16,"",16-COUNTBLANK($J10:$Y10)) | AA10: =IF($J10="",MID($AX10,3,255),$J10&$AX10) | AB10: =IF($J10="","",IFERROR(INDEX(코드설정!$D$5:$D$24,MATCH($J10,코드설정!$C$5:$C$24,0)),"")) | AF10: =IF(OR($B10="",$C10=""),"",$C10-$B10+1) | AJ10: =IF($K10="","",", "&$K10) | AK10: =AJ10&IF($L10="","",", "&$L10) | AL10: =AK10&IF($M10="","",", "&$M10) | AM10: =AL10&IF($N10="","",", "&$N10) | AN10: =AM10&IF($O10="","",", "&$O10) | AO10: =AN10&IF($P10="","",", "&$P10) | AP10: =AO10&IF($Q10="","",", "&$Q10) | AQ10: =AP10&IF($R10="","",", "&$R10) | AR10: =AQ10&IF($S10="","",", "&$S10) | AS10: =AR10&IF($T10="","",", "&$T10) | AT10: =AS10&IF($U10="","",", "&$U10) | AU10: =AT10&IF($V10="","",", "&$V10) | AV10: =AU10&IF($W10="","",", "&$W10) | AW10: =AV10&IF($X10="","",", "&$X10) | AX10: =AW10&IF($Y10="","",", "&$Y10)
A11: =IF($B11="","",COUNT($B$5:$B11)) | G11: =IF($F11="","",COUNTIF($F$5:$F11,$F11)) | H11: =IF($F11="","",IFERROR(INDEX(사건마스터!$B$5:$B$64,MATCH($F11,사건마스터!$A$5:$A$64,0)),"")) | I11: =IF($F11="","",IFERROR(INDEX(사건마스터!$C$5:$C$64,MATCH($F11,사건마스터!$A$5:$A$64,0)),"")) | J11: =IF($F11="","",IFERROR(INDEX(사건마스터!$H$5:$H$64,MATCH($F11,사건마스터!$A$5:$A$64,0)),"")) | K11: =IF($F11="","",IFERROR(INDEX(사건마스터!$AH$5:$AH$64,MATCH($F11,사건마스터!$A$5:$A$64,0)),"")) | L11: =IF($F11="","",IFERROR(INDEX(사건마스터!$AI$5:$AI$64,MATCH($F11,사건마스터!$A$5:$A$64,0)),"")) | M11: =IF($F11="","",IFERROR(INDEX(사건마스터!$AJ$5:$AJ$64,MATCH($F11,사건마스터!$A$5:$A$64,0)),"")) | N11: =IF($F11="","",IFERROR(INDEX(사건마스터!$AK$5:$AK$64,MATCH($F11,사건마스터!$A$5:$A$64,0)),"")) | O11: =IF($F11="","",IFERROR(INDEX(사건마스터!$AL$5:$AL$64,MATCH($F11,사건마스터!$A$5:$A$64,0)),"")) | P11: =IF($F11="","",IFERROR(INDEX(사건마스터!$AM$5:$AM$64,MATCH($F11,사건마스터!$A$5:$A$64,0)),"")) | Q11: =IF($F11="","",IFERROR(INDEX(사건마스터!$AN$5:$AN$64,MATCH($F11,사건마스터!$A$5:$A$64,0)),"")) | R11: =IF($F11="","",IFERROR(INDEX(사건마스터!$AO$5:$AO$64,MATCH($F11,사건마스터!$A$5:$A$64,0)),"")) | S11: =IF($F11="","",IFERROR(INDEX(사건마스터!$AP$5:$AP$64,MATCH($F11,사건마스터!$A$5:$A$64,0)),"")) | T11: =IF($F11="","",IFERROR(INDEX(사건마스터!$AQ$5:$AQ$64,MATCH($F11,사건마스터!$A$5:$A$64,0)),"")) | U11: =IF($F11="","",IFERROR(INDEX(사건마스터!$AR$5:$AR$64,MATCH($F11,사건마스터!$A$5:$A$64,0)),"")) | V11: =IF($F11="","",IFERROR(INDEX(사건마스터!$AS$5:$AS$64,MATCH($F11,사건마스터!$A$5:$A$64,0)),"")) | W11: =IF($F11="","",IFERROR(INDEX(사건마스터!$AT$5:$AT$64,MATCH($F11,사건마스터!$A$5:$A$64,0)),"")) | X11: =IF($F11="","",IFERROR(INDEX(사건마스터!$AU$5:$AU$64,MATCH($F11,사건마스터!$A$5:$A$64,0)),"")) | Y11: =IF($F11="","",IFERROR(INDEX(사건마스터!$AV$5:$AV$64,MATCH($F11,사건마스터!$A$5:$A$64,0)),"")) | Z11: =IF(COUNTBLANK($J11:$Y11)=16,"",16-COUNTBLANK($J11:$Y11)) | AA11: =IF($J11="",MID($AX11,3,255),$J11&$AX11) | AB11: =IF($J11="","",IFERROR(INDEX(코드설정!$D$5:$D$24,MATCH($J11,코드설정!$C$5:$C$24,0)),"")) | AF11: =IF(OR($B11="",$C11=""),"",$C11-$B11+1) | AJ11: =IF($K11="","",", "&$K11) | AK11: =AJ11&IF($L11="","",", "&$L11) | AL11: =AK11&IF($M11="","",", "&$M11) | AM11: =AL11&IF($N11="","",", "&$N11) | AN11: =AM11&IF($O11="","",", "&$O11) | AO11: =AN11&IF($P11="","",", "&$P11) | AP11: =AO11&IF($Q11="","",", "&$Q11) | AQ11: =AP11&IF($R11="","",", "&$R11) | AR11: =AQ11&IF($S11="","",", "&$S11) | AS11: =AR11&IF($T11="","",", "&$T11) | AT11: =AS11&IF($U11="","",", "&$U11) | AU11: =AT11&IF($V11="","",", "&$V11) | AV11: =AU11&IF($W11="","",", "&$W11) | AW11: =AV11&IF($X11="","",", "&$X11) | AX11: =AW11&IF($Y11="","",", "&$Y11)
A12: =IF($B12="","",COUNT($B$5:$B12)) | G12: =IF($F12="","",COUNTIF($F$5:$F12,$F12)) | H12: =IF($F12="","",IFERROR(INDEX(사건마스터!$B$5:$B$64,MATCH($F12,사건마스터!$A$5:$A$64,0)),"")) | I12: =IF($F12="","",IFERROR(INDEX(사건마스터!$C$5:$C$64,MATCH($F12,사건마스터!$A$5:$A$64,0)),"")) | J12: =IF($F12="","",IFERROR(INDEX(사건마스터!$H$5:$H$64,MATCH($F12,사건마스터!$A$5:$A$64,0)),"")) | K12: =IF($F12="","",IFERROR(INDEX(사건마스터!$AH$5:$AH$64,MATCH($F12,사건마스터!$A$5:$A$64,0)),"")) | L12: =IF($F12="","",IFERROR(INDEX(사건마스터!$AI$5:$AI$64,MATCH($F12,사건마스터!$A$5:$A$64,0)),"")) | M12: =IF($F12="","",IFERROR(INDEX(사건마스터!$AJ$5:$AJ$64,MATCH($F12,사건마스터!$A$5:$A$64,0)),"")) | N12: =IF($F12="","",IFERROR(INDEX(사건마스터!$AK$5:$AK$64,MATCH($F12,사건마스터!$A$5:$A$64,0)),"")) | O12: =IF($F12="","",IFERROR(INDEX(사건마스터!$AL$5:$AL$64,MATCH($F12,사건마스터!$A$5:$A$64,0)),"")) | P12: =IF($F12="","",IFERROR(INDEX(사건마스터!$AM$5:$AM$64,MATCH($F12,사건마스터!$A$5:$A$64,0)),"")) | Q12: =IF($F12="","",IFERROR(INDEX(사건마스터!$AN$5:$AN$64,MATCH($F12,사건마스터!$A$5:$A$64,0)),"")) | R12: =IF($F12="","",IFERROR(INDEX(사건마스터!$AO$5:$AO$64,MATCH($F12,사건마스터!$A$5:$A$64,0)),"")) | S12: =IF($F12="","",IFERROR(INDEX(사건마스터!$AP$5:$AP$64,MATCH($F12,사건마스터!$A$5:$A$64,0)),"")) | T12: =IF($F12="","",IFERROR(INDEX(사건마스터!$AQ$5:$AQ$64,MATCH($F12,사건마스터!$A$5:$A$64,0)),"")) | U12: =IF($F12="","",IFERROR(INDEX(사건마스터!$AR$5:$AR$64,MATCH($F12,사건마스터!$A$5:$A$64,0)),"")) | V12: =IF($F12="","",IFERROR(INDEX(사건마스터!$AS$5:$AS$64,MATCH($F12,사건마스터!$A$5:$A$64,0)),"")) | W12: =IF($F12="","",IFERROR(INDEX(사건마스터!$AT$5:$AT$64,MATCH($F12,사건마스터!$A$5:$A$64,0)),"")) | X12: =IF($F12="","",IFERROR(INDEX(사건마스터!$AU$5:$AU$64,MATCH($F12,사건마스터!$A$5:$A$64,0)),"")) | Y12: =IF($F12="","",IFERROR(INDEX(사건마스터!$AV$5:$AV$64,MATCH($F12,사건마스터!$A$5:$A$64,0)),"")) | Z12: =IF(COUNTBLANK($J12:$Y12)=16,"",16-COUNTBLANK($J12:$Y12)) | AA12: =IF($J12="",MID($AX12,3,255),$J12&$AX12) | AB12: =IF($J12="","",IFERROR(INDEX(코드설정!$D$5:$D$24,MATCH($J12,코드설정!$C$5:$C$24,0)),"")) | AF12: =IF(OR($B12="",$C12=""),"",$C12-$B12+1) | AJ12: =IF($K12="","",", "&$K12) | AK12: =AJ12&IF($L12="","",", "&$L12) | AL12: =AK12&IF($M12="","",", "&$M12) | AM12: =AL12&IF($N12="","",", "&$N12) | AN12: =AM12&IF($O12="","",", "&$O12) | AO12: =AN12&IF($P12="","",", "&$P12) | AP12: =AO12&IF($Q12="","",", "&$Q12) | AQ12: =AP12&IF($R12="","",", "&$R12) | AR12: =AQ12&IF($S12="","",", "&$S12) | AS12: =AR12&IF($T12="","",", "&$T12) | AT12: =AS12&IF($U12="","",", "&$U12) | AU12: =AT12&IF($V12="","",", "&$V12) | AV12: =AU12&IF($W12="","",", "&$W12) | AW12: =AV12&IF($X12="","",", "&$X12) | AX12: =AW12&IF($Y12="","",", "&$Y12)
A13: =IF($B13="","",COUNT($B$5:$B13)) | G13: =IF($F13="","",COUNTIF($F$5:$F13,$F13)) | H13: =IF($F13="","",IFERROR(INDEX(사건마스터!$B$5:$B$64,MATCH($F13,사건마스터!$A$5:$A$64,0)),"")) | I13: =IF($F13="","",IFERROR(INDEX(사건마스터!$C$5:$C$64,MATCH($F13,사건마스터!$A$5:$A$64,0)),"")) | J13: =IF($F13="","",IFERROR(INDEX(사건마스터!$H$5:$H$64,MATCH($F13,사건마스터!$A$5:$A$64,0)),"")) | K13: =IF($F13="","",IFERROR(INDEX(사건마스터!$AH$5:$AH$64,MATCH($F13,사건마스터!$A$5:$A$64,0)),"")) | L13: =IF($F13="","",IFERROR(INDEX(사건마스터!$AI$5:$AI$64,MATCH($F13,사건마스터!$A$5:$A$64,0)),"")) | M13: =IF($F13="","",IFERROR(INDEX(사건마스터!$AJ$5:$AJ$64,MATCH($F13,사건마스터!$A$5:$A$64,0)),"")) | N13: =IF($F13="","",IFERROR(INDEX(사건마스터!$AK$5:$AK$64,MATCH($F13,사건마스터!$A$5:$A$64,0)),"")) | O13: =IF($F13="","",IFERROR(INDEX(사건마스터!$AL$5:$AL$64,MATCH($F13,사건마스터!$A$5:$A$64,0)),"")) | P13: =IF($F13="","",IFERROR(INDEX(사건마스터!$AM$5:$AM$64,MATCH($F13,사건마스터!$A$5:$A$64,0)),"")) | Q13: =IF($F13="","",IFERROR(INDEX(사건마스터!$AN$5:$AN$64,MATCH($F13,사건마스터!$A$5:$A$64,0)),"")) | R13: =IF($F13="","",IFERROR(INDEX(사건마스터!$AO$5:$AO$64,MATCH($F13,사건마스터!$A$5:$A$64,0)),"")) | S13: =IF($F13="","",IFERROR(INDEX(사건마스터!$AP$5:$AP$64,MATCH($F13,사건마스터!$A$5:$A$64,0)),"")) | T13: =IF($F13="","",IFERROR(INDEX(사건마스터!$AQ$5:$AQ$64,MATCH($F13,사건마스터!$A$5:$A$64,0)),"")) | U13: =IF($F13="","",IFERROR(INDEX(사건마스터!$AR$5:$AR$64,MATCH($F13,사건마스터!$A$5:$A$64,0)),"")) | V13: =IF($F13="","",IFERROR(INDEX(사건마스터!$AS$5:$AS$64,MATCH($F13,사건마스터!$A$5:$A$64,0)),"")) | W13: =IF($F13="","",IFERROR(INDEX(사건마스터!$AT$5:$AT$64,MATCH($F13,사건마스터!$A$5:$A$64,0)),"")) | X13: =IF($F13="","",IFERROR(INDEX(사건마스터!$AU$5:$AU$64,MATCH($F13,사건마스터!$A$5:$A$64,0)),"")) | Y13: =IF($F13="","",IFERROR(INDEX(사건마스터!$AV$5:$AV$64,MATCH($F13,사건마스터!$A$5:$A$64,0)),"")) | Z13: =IF(COUNTBLANK($J13:$Y13)=16,"",16-COUNTBLANK($J13:$Y13)) | AA13: =IF($J13="",MID($AX13,3,255),$J13&$AX13) | AB13: =IF($J13="","",IFERROR(INDEX(코드설정!$D$5:$D$24,MATCH($J13,코드설정!$C$5:$C$24,0)),"")) | AF13: =IF(OR($B13="",$C13=""),"",$C13-$B13+1) | AJ13: =IF($K13="","",", "&$K13) | AK13: =AJ13&IF($L13="","",", "&$L13) | AL13: =AK13&IF($M13="","",", "&$M13) | AM13: =AL13&IF($N13="","",", "&$N13) | AN13: =AM13&IF($O13="","",", "&$O13) | AO13: =AN13&IF($P13="","",", "&$P13) | AP13: =AO13&IF($Q13="","",", "&$Q13) | AQ13: =AP13&IF($R13="","",", "&$R13) | AR13: =AQ13&IF($S13="","",", "&$S13) | AS13: =AR13&IF($T13="","",", "&$T13) | AT13: =AS13&IF($U13="","",", "&$U13) | AU13: =AT13&IF($V13="","",", "&$V13) | AV13: =AU13&IF($W13="","",", "&$W13) | AW13: =AV13&IF($X13="","",", "&$X13) | AX13: =AW13&IF($Y13="","",", "&$Y13)
A14: =IF($B14="","",COUNT($B$5:$B14)) | G14: =IF($F14="","",COUNTIF($F$5:$F14,$F14)) | H14: =IF($F14="","",IFERROR(INDEX(사건마스터!$B$5:$B$64,MATCH($F14,사건마스터!$A$5:$A$64,0)),"")) | I14: =IF($F14="","",IFERROR(INDEX(사건마스터!$C$5:$C$64,MATCH($F14,사건마스터!$A$5:$A$64,0)),"")) | J14: =IF($F14="","",IFERROR(INDEX(사건마스터!$H$5:$H$64,MATCH($F14,사건마스터!$A$5:$A$64,0)),"")) | K14: =IF($F14="","",IFERROR(INDEX(사건마스터!$AH$5:$AH$64,MATCH($F14,사건마스터!$A$5:$A$64,0)),"")) | L14: =IF($F14="","",IFERROR(INDEX(사건마스터!$AI$5:$AI$64,MATCH($F14,사건마스터!$A$5:$A$64,0)),"")) | M14: =IF($F14="","",IFERROR(INDEX(사건마스터!$AJ$5:$AJ$64,MATCH($F14,사건마스터!$A$5:$A$64,0)),"")) | N14: =IF($F14="","",IFERROR(INDEX(사건마스터!$AK$5:$AK$64,MATCH($F14,사건마스터!$A$5:$A$64,0)),"")) | O14: =IF($F14="","",IFERROR(INDEX(사건마스터!$AL$5:$AL$64,MATCH($F14,사건마스터!$A$5:$A$64,0)),"")) | P14: =IF($F14="","",IFERROR(INDEX(사건마스터!$AM$5:$AM$64,MATCH($F14,사건마스터!$A$5:$A$64,0)),"")) | Q14: =IF($F14="","",IFERROR(INDEX(사건마스터!$AN$5:$AN$64,MATCH($F14,사건마스터!$A$5:$A$64,0)),"")) | R14: =IF($F14="","",IFERROR(INDEX(사건마스터!$AO$5:$AO$64,MATCH($F14,사건마스터!$A$5:$A$64,0)),"")) | S14: =IF($F14="","",IFERROR(INDEX(사건마스터!$AP$5:$AP$64,MATCH($F14,사건마스터!$A$5:$A$64,0)),"")) | T14: =IF($F14="","",IFERROR(INDEX(사건마스터!$AQ$5:$AQ$64,MATCH($F14,사건마스터!$A$5:$A$64,0)),"")) | U14: =IF($F14="","",IFERROR(INDEX(사건마스터!$AR$5:$AR$64,MATCH($F14,사건마스터!$A$5:$A$64,0)),"")) | V14: =IF($F14="","",IFERROR(INDEX(사건마스터!$AS$5:$AS$64,MATCH($F14,사건마스터!$A$5:$A$64,0)),"")) | W14: =IF($F14="","",IFERROR(INDEX(사건마스터!$AT$5:$AT$64,MATCH($F14,사건마스터!$A$5:$A$64,0)),"")) | X14: =IF($F14="","",IFERROR(INDEX(사건마스터!$AU$5:$AU$64,MATCH($F14,사건마스터!$A$5:$A$64,0)),"")) | Y14: =IF($F14="","",IFERROR(INDEX(사건마스터!$AV$5:$AV$64,MATCH($F14,사건마스터!$A$5:$A$64,0)),"")) | Z14: =IF(COUNTBLANK($J14:$Y14)=16,"",16-COUNTBLANK($J14:$Y14)) | AA14: =IF($J14="",MID($AX14,3,255),$J14&$AX14) | AB14: =IF($J14="","",IFERROR(INDEX(코드설정!$D$5:$D$24,MATCH($J14,코드설정!$C$5:$C$24,0)),"")) | AF14: =IF(OR($B14="",$C14=""),"",$C14-$B14+1) | AJ14: =IF($K14="","",", "&$K14) | AK14: =AJ14&IF($L14="","",", "&$L14) | AL14: =AK14&IF($M14="","",", "&$M14) | AM14: =AL14&IF($N14="","",", "&$N14) | AN14: =AM14&IF($O14="","",", "&$O14) | AO14: =AN14&IF($P14="","",", "&$P14) | AP14: =AO14&IF($Q14="","",", "&$Q14) | AQ14: =AP14&IF($R14="","",", "&$R14) | AR14: =AQ14&IF($S14="","",", "&$S14) | AS14: =AR14&IF($T14="","",", "&$T14) | AT14: =AS14&IF($U14="","",", "&$U14) | AU14: =AT14&IF($V14="","",", "&$V14) | AV14: =AU14&IF($W14="","",", "&$W14) | AW14: =AV14&IF($X14="","",", "&$X14) | AX14: =AW14&IF($Y14="","",", "&$Y14)
A15: =IF($B15="","",COUNT($B$5:$B15)) | G15: =IF($F15="","",COUNTIF($F$5:$F15,$F15)) | H15: =IF($F15="","",IFERROR(INDEX(사건마스터!$B$5:$B$64,MATCH($F15,사건마스터!$A$5:$A$64,0)),"")) | I15: =IF($F15="","",IFERROR(INDEX(사건마스터!$C$5:$C$64,MATCH($F15,사건마스터!$A$5:$A$64,0)),"")) | J15: =IF($F15="","",IFERROR(INDEX(사건마스터!$H$5:$H$64,MATCH($F15,사건마스터!$A$5:$A$64,0)),"")) | K15: =IF($F15="","",IFERROR(INDEX(사건마스터!$AH$5:$AH$64,MATCH($F15,사건마스터!$A$5:$A$64,0)),"")) | L15: =IF($F15="","",IFERROR(INDEX(사건마스터!$AI$5:$AI$64,MATCH($F15,사건마스터!$A$5:$A$64,0)),"")) | M15: =IF($F15="","",IFERROR(INDEX(사건마스터!$AJ$5:$AJ$64,MATCH($F15,사건마스터!$A$5:$A$64,0)),"")) | N15: =IF($F15="","",IFERROR(INDEX(사건마스터!$AK$5:$AK$64,MATCH($F15,사건마스터!$A$5:$A$64,0)),"")) | O15: =IF($F15="","",IFERROR(INDEX(사건마스터!$AL$5:$AL$64,MATCH($F15,사건마스터!$A$5:$A$64,0)),"")) | P15: =IF($F15="","",IFERROR(INDEX(사건마스터!$AM$5:$AM$64,MATCH($F15,사건마스터!$A$5:$A$64,0)),"")) | Q15: =IF($F15="","",IFERROR(INDEX(사건마스터!$AN$5:$AN$64,MATCH($F15,사건마스터!$A$5:$A$64,0)),"")) | R15: =IF($F15="","",IFERROR(INDEX(사건마스터!$AO$5:$AO$64,MATCH($F15,사건마스터!$A$5:$A$64,0)),"")) | S15: =IF($F15="","",IFERROR(INDEX(사건마스터!$AP$5:$AP$64,MATCH($F15,사건마스터!$A$5:$A$64,0)),"")) | T15: =IF($F15="","",IFERROR(INDEX(사건마스터!$AQ$5:$AQ$64,MATCH($F15,사건마스터!$A$5:$A$64,0)),"")) | U15: =IF($F15="","",IFERROR(INDEX(사건마스터!$AR$5:$AR$64,MATCH($F15,사건마스터!$A$5:$A$64,0)),"")) | V15: =IF($F15="","",IFERROR(INDEX(사건마스터!$AS$5:$AS$64,MATCH($F15,사건마스터!$A$5:$A$64,0)),"")) | W15: =IF($F15="","",IFERROR(INDEX(사건마스터!$AT$5:$AT$64,MATCH($F15,사건마스터!$A$5:$A$64,0)),"")) | X15: =IF($F15="","",IFERROR(INDEX(사건마스터!$AU$5:$AU$64,MATCH($F15,사건마스터!$A$5:$A$64,0)),"")) | Y15: =IF($F15="","",IFERROR(INDEX(사건마스터!$AV$5:$AV$64,MATCH($F15,사건마스터!$A$5:$A$64,0)),"")) | Z15: =IF(COUNTBLANK($J15:$Y15)=16,"",16-COUNTBLANK($J15:$Y15)) | AA15: =IF($J15="",MID($AX15,3,255),$J15&$AX15) | AB15: =IF($J15="","",IFERROR(INDEX(코드설정!$D$5:$D$24,MATCH($J15,코드설정!$C$5:$C$24,0)),"")) | AF15: =IF(OR($B15="",$C15=""),"",$C15-$B15+1) | AJ15: =IF($K15="","",", "&$K15) | AK15: =AJ15&IF($L15="","",", "&$L15) | AL15: =AK15&IF($M15="","",", "&$M15) | AM15: =AL15&IF($N15="","",", "&$N15) | AN15: =AM15&IF($O15="","",", "&$O15) | AO15: =AN15&IF($P15="","",", "&$P15) | AP15: =AO15&IF($Q15="","",", "&$Q15) | AQ15: =AP15&IF($R15="","",", "&$R15) | AR15: =AQ15&IF($S15="","",", "&$S15) | AS15: =AR15&IF($T15="","",", "&$T15) | AT15: =AS15&IF($U15="","",", "&$U15) | AU15: =AT15&IF($V15="","",", "&$V15) | AV15: =AU15&IF($W15="","",", "&$W15) | AW15: =AV15&IF($X15="","",", "&$X15) | AX15: =AW15&IF($Y15="","",", "&$Y15)
A16: =IF($B16="","",COUNT($B$5:$B16)) | G16: =IF($F16="","",COUNTIF($F$5:$F16,$F16)) | H16: =IF($F16="","",IFERROR(INDEX(사건마스터!$B$5:$B$64,MATCH($F16,사건마스터!$A$5:$A$64,0)),"")) | I16: =IF($F16="","",IFERROR(INDEX(사건마스터!$C$5:$C$64,MATCH($F16,사건마스터!$A$5:$A$64,0)),"")) | J16: =IF($F16="","",IFERROR(INDEX(사건마스터!$H$5:$H$64,MATCH($F16,사건마스터!$A$5:$A$64,0)),"")) | K16: =IF($F16="","",IFERROR(INDEX(사건마스터!$AH$5:$AH$64,MATCH($F16,사건마스터!$A$5:$A$64,0)),"")) | L16: =IF($F16="","",IFERROR(INDEX(사건마스터!$AI$5:$AI$64,MATCH($F16,사건마스터!$A$5:$A$64,0)),"")) | M16: =IF($F16="","",IFERROR(INDEX(사건마스터!$AJ$5:$AJ$64,MATCH($F16,사건마스터!$A$5:$A$64,0)),"")) | N16: =IF($F16="","",IFERROR(INDEX(사건마스터!$AK$5:$AK$64,MATCH($F16,사건마스터!$A$5:$A$64,0)),"")) | O16: =IF($F16="","",IFERROR(INDEX(사건마스터!$AL$5:$AL$64,MATCH($F16,사건마스터!$A$5:$A$64,0)),"")) | P16: =IF($F16="","",IFERROR(INDEX(사건마스터!$AM$5:$AM$64,MATCH($F16,사건마스터!$A$5:$A$64,0)),"")) | Q16: =IF($F16="","",IFERROR(INDEX(사건마스터!$AN$5:$AN$64,MATCH($F16,사건마스터!$A$5:$A$64,0)),"")) | R16: =IF($F16="","",IFERROR(INDEX(사건마스터!$AO$5:$AO$64,MATCH($F16,사건마스터!$A$5:$A$64,0)),"")) | S16: =IF($F16="","",IFERROR(INDEX(사건마스터!$AP$5:$AP$64,MATCH($F16,사건마스터!$A$5:$A$64,0)),"")) | T16: =IF($F16="","",IFERROR(INDEX(사건마스터!$AQ$5:$AQ$64,MATCH($F16,사건마스터!$A$5:$A$64,0)),"")) | U16: =IF($F16="","",IFERROR(INDEX(사건마스터!$AR$5:$AR$64,MATCH($F16,사건마스터!$A$5:$A$64,0)),"")) | V16: =IF($F16="","",IFERROR(INDEX(사건마스터!$AS$5:$AS$64,MATCH($F16,사건마스터!$A$5:$A$64,0)),"")) | W16: =IF($F16="","",IFERROR(INDEX(사건마스터!$AT$5:$AT$64,MATCH($F16,사건마스터!$A$5:$A$64,0)),"")) | X16: =IF($F16="","",IFERROR(INDEX(사건마스터!$AU$5:$AU$64,MATCH($F16,사건마스터!$A$5:$A$64,0)),"")) | Y16: =IF($F16="","",IFERROR(INDEX(사건마스터!$AV$5:$AV$64,MATCH($F16,사건마스터!$A$5:$A$64,0)),"")) | Z16: =IF(COUNTBLANK($J16:$Y16)=16,"",16-COUNTBLANK($J16:$Y16)) | AA16: =IF($J16="",MID($AX16,3,255),$J16&$AX16) | AB16: =IF($J16="","",IFERROR(INDEX(코드설정!$D$5:$D$24,MATCH($J16,코드설정!$C$5:$C$24,0)),"")) | AF16: =IF(OR($B16="",$C16=""),"",$C16-$B16+1) | AJ16: =IF($K16="","",", "&$K16) | AK16: =AJ16&IF($L16="","",", "&$L16) | AL16: =AK16&IF($M16="","",", "&$M16) | AM16: =AL16&IF($N16="","",", "&$N16) | AN16: =AM16&IF($O16="","",", "&$O16) | AO16: =AN16&IF($P16="","",", "&$P16) | AP16: =AO16&IF($Q16="","",", "&$Q16) | AQ16: =AP16&IF($R16="","",", "&$R16) | AR16: =AQ16&IF($S16="","",", "&$S16) | AS16: =AR16&IF($T16="","",", "&$T16) | AT16: =AS16&IF($U16="","",", "&$U16) | AU16: =AT16&IF($V16="","",", "&$V16) | AV16: =AU16&IF($W16="","",", "&$W16) | AW16: =AV16&IF($X16="","",", "&$X16) | AX16: =AW16&IF($Y16="","",", "&$Y16)
... A1004: =IF($B1004="","",COUNT($B$5:$B1004)) | G1004: =IF($F1004="","",COUNTIF($F$5:$F1004,$F1004)) | H1004: =IF($F1004="","",IFERROR(INDEX(사건마스터!$B$5:$B$64,MATCH($F1004,사건마스터!$A$5:$A$64,0)),"")) | I1004: =IF($F1004="","",IFERROR(INDEX(사건마스터!$C$5:$C$64,MATCH($F1004,사건마스터!$A$5:$A$64,0)),"")) | J1004: =IF($F1004="","",IFERROR(INDEX(사건마스터!$H$5:$H$64,MATCH($F1004,사건마스터!$A$5:$A$64,0)),"")) | K1004: =IF($F1004="","",IFERROR(INDEX(사건마스터!$AH$5:$AH$64,MATCH($F1004,사건마스터!$A$5:$A$64,0)),"")) | L1004: =IF($F1004="","",IFERROR(INDEX(사건마스터!$AI$5:$AI$64,MATCH($F1004,사건마스터!$A$5:$A$64,0)),"")) | M1004: =IF($F1004="","",IFERROR(INDEX(사건마스터!$AJ$5:$AJ$64,MATCH($F1004,사건마스터!$A$5:$A$64,0)),"")) | N1004: =IF($F1004="","",IFERROR(INDEX(사건마스터!$AK$5:$AK$64,MATCH($F1004,사건마스터!$A$5:$A$64,0)),"")) | O1004: =IF($F1004="","",IFERROR(INDEX(사건마스터!$AL$5:$AL$64,MATCH($F1004,사건마스터!$A$5:$A$64,0)),"")) | P1004: =IF($F1004="","",IFERROR(INDEX(사건마스터!$AM$5:$AM$64,MATCH($F1004,사건마스터!$A$5:$A$64,0)),"")) | Q1004: =IF($F1004="","",IFERROR(INDEX(사건마스터!$AN$5:$AN$64,MATCH($F1004,사건마스터!$A$5:$A$64,0)),"")) | R1004: =IF($F1004="","",IFERROR(INDEX(사건마스터!$AO$5:$AO$64,MATCH($F1004,사건마스터!$A$5:$A$64,0)),"")) | S1004: =IF($F1004="","",IFERROR(INDEX(사건마스터!$AP$5:$AP$64,MATCH($F1004,사건마스터!$A$5:$A$64,0)),"")) | T1004: =IF($F1004="","",IFERROR(INDEX(사건마스터!$AQ$5:$AQ$64,MATCH($F1004,사건마스터!$A$5:$A$64,0)),"")) | U1004: =IF($F1004="","",IFERROR(INDEX(사건마스터!$AR$5:$AR$64,MATCH($F1004,사건마스터!$A$5:$A$64,0)),"")) | V1004: =IF($F1004="","",IFERROR(INDEX(사건마스터!$AS$5:$AS$64,MATCH($F1004,사건마스터!$A$5:$A$64,0)),"")) | W1004: =IF($F1004="","",IFERROR(INDEX(사건마스터!$AT$5:$AT$64,MATCH($F1004,사건마스터!$A$5:$A$64,0)),"")) | X1004: =IF($F1004="","",IFERROR(INDEX(사건마스터!$AU$5:$AU$64,MATCH($F1004,사건마스터!$A$5:$A$64,0)),"")) | Y1004: =IF($F1004="","",IFERROR(INDEX(사건마스터!$AV$5:$AV$64,MATCH($F1004,사건마스터!$A$5:$A$64,0)),"")) | Z1004: =IF(COUNTBLANK($J1004:$Y1004)=16,"",16-COUNTBLANK($J1004:$Y1004)) | AA1004: =IF($J1004="",MID($AX1004,3,255),$J1004&$AX1004) | AB1004: =IF($J1004="","",IFERROR(INDEX(코드설정!$D$5:$D$24,MATCH($J1004,코드설정!$C$5:$C$24,0)),"")) | AF1004: =IF(OR($B1004="",$C1004=""),"",$C1004-$B1004+1) | AJ1004: =IF($K1004="","",", "&$K1004) | AK1004: =AJ1004&IF($L1004="","",", "&$L1004) | AL1004: =AK1004&IF($M1004="","",", "&$M1004) | AM1004: =AL1004&IF($N1004="","",", "&$N1004) | AN1004: =AM1004&IF($O1004="","",", "&$O1004) | AO1004: =AN1004&IF($P1004="","",", "&$P1004) | AP1004: =AO1004&IF($Q1004="","",", "&$Q1004) | AQ1004: =AP1004&IF($R1004="","",", "&$R1004) | AR1004: =AQ1004&IF($S1004="","",", "&$S1004) | AS1004: =AR1004&IF($T1004="","",", "&$T1004) | AT1004: =AS1004&IF($U1004="","",", "&$U1004) | AU1004: =AT1004&IF($V1004="","",", "&$V1004) | AV1004: =AU1004&IF($W1004="","",", "&$W1004) | AW1004: =AV1004&IF($X1004="","",", "&$X1004) | AX1004: =AW1004&IF($Y1004="","",", "&$Y1004)

Sheet 일일실시사항
A1: 일일 실시사항 · 부서 일일 업무 기록
A2: ※ 출장·분석 외 부서의 모든 일일 업무를 여기에 기록합니다(행정·교육·회의·장비관리·당직 등). ※ 하루에 여러 건이면 여러 행으로 나눠 쓰세요. ※ 파란 글씨 칸만 입력 / 검정 글씨는 자동.
A4: 연번 | B4: 일자 | C4: 요일 | D4: 담당자 | E4: 소속팀 | F4: 업무구분 | G4: 관련 사건번호 | H4: 실시 내용 | I4: 조치 · 결과 | J4: 진행상태 | K4: 특이사항 / 후속조치
A5: =IF($B5="","",COUNT($B$5:$B5)) | C5: =IF($B5="","",CHOOSE(WEEKDAY($B5),"일","월","화","수","목","금","토")) | E5: =IF($D5="","",IFERROR(INDEX(코드설정!$D$5:$D$24,MATCH($D5,코드설정!$C$5:$C$24,0)),""))
A6: =IF($B6="","",COUNT($B$5:$B6)) | C6: =IF($B6="","",CHOOSE(WEEKDAY($B6),"일","월","화","수","목","금","토")) | E6: =IF($D6="","",IFERROR(INDEX(코드설정!$D$5:$D$24,MATCH($D6,코드설정!$C$5:$C$24,0)),""))
A7: =IF($B7="","",COUNT($B$5:$B7)) | C7: =IF($B7="","",CHOOSE(WEEKDAY($B7),"일","월","화","수","목","금","토")) | E7: =IF($D7="","",IFERROR(INDEX(코드설정!$D$5:$D$24,MATCH($D7,코드설정!$C$5:$C$24,0)),""))
A8: =IF($B8="","",COUNT($B$5:$B8)) | C8: =IF($B8="","",CHOOSE(WEEKDAY($B8),"일","월","화","수","목","금","토")) | E8: =IF($D8="","",IFERROR(INDEX(코드설정!$D$5:$D$24,MATCH($D8,코드설정!$C$5:$C$24,0)),""))
A9: =IF($B9="","",COUNT($B$5:$B9)) | C9: =IF($B9="","",CHOOSE(WEEKDAY($B9),"일","월","화","수","목","금","토")) | E9: =IF($D9="","",IFERROR(INDEX(코드설정!$D$5:$D$24,MATCH($D9,코드설정!$C$5:$C$24,0)),""))
A10: =IF($B10="","",COUNT($B$5:$B10)) | C10: =IF($B10="","",CHOOSE(WEEKDAY($B10),"일","월","화","수","목","금","토")) | E10: =IF($D10="","",IFERROR(INDEX(코드설정!$D$5:$D$24,MATCH($D10,코드설정!$C$5:$C$24,0)),""))
A11: =IF($B11="","",COUNT($B$5:$B11)) | C11: =IF($B11="","",CHOOSE(WEEKDAY($B11),"일","월","화","수","목","금","토")) | E11: =IF($D11="","",IFERROR(INDEX(코드설정!$D$5:$D$24,MATCH($D11,코드설정!$C$5:$C$24,0)),""))
A12: =IF($B12="","",COUNT($B$5:$B12)) | C12: =IF($B12="","",CHOOSE(WEEKDAY($B12),"일","월","화","수","목","금","토")) | E12: =IF($D12="","",IFERROR(INDEX(코드설정!$D$5:$D$24,MATCH($D12,코드설정!$C$5:$C$24,0)),""))
A13: =IF($B13="","",COUNT($B$5:$B13)) | C13: =IF($B13="","",CHOOSE(WEEKDAY($B13),"일","월","화","수","목","금","토")) | E13: =IF($D13="","",IFERROR(INDEX(코드설정!$D$5:$D$24,MATCH($D13,코드설정!$C$5:$C$24,0)),""))
A14: =IF($B14="","",COUNT($B$5:$B14)) | C14: =IF($B14="","",CHOOSE(WEEKDAY($B14),"일","월","화","수","목","금","토")) | E14: =IF($D14="","",IFERROR(INDEX(코드설정!$D$5:$D$24,MATCH($D14,코드설정!$C$5:$C$24,0)),""))
A15: =IF($B15="","",COUNT($B$5:$B15)) | C15: =IF($B15="","",CHOOSE(WEEKDAY($B15),"일","월","화","수","목","금","토")) | E15: =IF($D15="","",IFERROR(INDEX(코드설정!$D$5:$D$24,MATCH($D15,코드설정!$C$5:$C$24,0)),""))
A16: =IF($B16="","",COUNT($B$5:$B16)) | C16: =IF($B16="","",CHOOSE(WEEKDAY($B16),"일","월","화","수","목","금","토")) | E16: =IF($D16="","",IFERROR(INDEX(코드설정!$D$5:$D$24,MATCH($D16,코드설정!$C$5:$C$24,0)),""))
... A1004: =IF($B1004="","",COUNT($B$5:$B1004)) | C1004: =IF($B1004="","",CHOOSE(WEEKDAY($B1004),"일","월","화","수","목","금","토")) | E1004: =IF($D1004="","",IFERROR(INDEX(코드설정!$D$5:$D$24,MATCH($D1004,코드설정!$C$5:$C$24,0)),""))

Sheet 사건마스터
A1: 사건 마스터 · 사건 등록 및 담당자 배정
A2: ※ 사건을 여기 한 번만 등록하면 [업무일지]에서 사건번호만 골라도 사건명·요청처·담당자가 전부 자동으로 채워집니다. ※ L열부터 담당자별 배정칸입니다. 한 사건에 여러 명을 선택하세요 — [주담당] 1명, 나머지는 [참여] (참여자는 최대 15명까지 업무일지로 전달됩니다).
AG3: ▼ 아래 6개 열은 [업무일지]가 참조하는 자동 계산 열입니다. 지우지 마세요.
A4: 사건번호 | B4: 사건명 | C4: 요청·의뢰처 | D4: 접수일 | E4: 진행상태 | F4: 주무팀 | G4: 배정인원(명) | H4: 주담당(자동) | I4: 배정 담당자 명단(자동) | J4: 비고 | L4: =IF(코드설정!$C$5="","",코드설정!$C$5) | M4: =IF(코드설정!$C$6="","",코드설정!$C$6) | N4: =IF(코드설정!$C$7="","",코드설정!$C$7) | O4: =IF(코드설정!$C$8="","",코드설정!$C$8) | P4: =IF(코드설정!$C$9="","",코드설정!$C$9) | Q4: =IF(코드설정!$C$10="","",코드설정!$C$10) | R4: =IF(코드설정!$C$11="","",코드설정!$C$11) | S4: =IF(코드설정!$C$12="","",코드설정!$C$12) | T4: =IF(코드설정!$C$13="","",코드설정!$C$13) | U4: =IF(코드설정!$C$14="","",코드설정!$C$14) | V4: =IF(코드설정!$C$15="","",코드설정!$C$15) | W4: =IF(코드설정!$C$16="","",코드설정!$C$16) | X4: =IF(코드설정!$C$17="","",코드설정!$C$17) | Y4: =IF(코드설정!$C$18="","",코드설정!$C$18) | Z4: =IF(코드설정!$C$19="","",코드설정!$C$19) | AA4: =IF(코드설정!$C$20="","",코드설정!$C$20) | AB4: =IF(코드설정!$C$21="","",코드설정!$C$21) | AC4: =IF(코드설정!$C$22="","",코드설정!$C$22) | AD4: =IF(코드설정!$C$23="","",코드설정!$C$23) | AE4: =IF(코드설정!$C$24="","",코드설정!$C$24) | AG4: 참여자 명단(주담당 제외) | AH4: 참여자1 | AI4: 참여자2 | AJ4: 참여자3 | AK4: 참여자4 | AL4: 참여자5 | AM4: 참여자6 | AN4: 참여자7 | AO4: 참여자8 | AP4: 참여자9 | AQ4: 참여자10 | AR4: 참여자11 | AS4: 참여자12 | AT4: 참여자13 | AU4: 참여자14 | AV4: 참여자15
G5: =IF($A5="","",20-COUNTBLANK($L5:$AE5)) | H5: =IF($A5="","",IFERROR(INDEX($L$4:$AE$4,MATCH("주담당",$L5:$AE5,0)),"")) | I5: =IF($A5="","",IF($H5="",$AG5,$H5&IF($AG5="","",", "&$AG5))) | AG5: =IF($A5="","",MID($BP5,3,255)) | AH5: =IF($AG5="","",TRIM(MID(SUBSTITUTE($AG5,",",REPT(" ",100)),1,100))) | AI5: =IF($AG5="","",TRIM(MID(SUBSTITUTE($AG5,",",REPT(" ",100)),101,100))) | AJ5: =IF($AG5="","",TRIM(MID(SUBSTITUTE($AG5,",",REPT(" ",100)),201,100))) | AK5: =IF($AG5="","",TRIM(MID(SUBSTITUTE($AG5,",",REPT(" ",100)),301,100))) | AL5: =IF($AG5="","",TRIM(MID(SUBSTITUTE($AG5,",",REPT(" ",100)),401,100))) | AM5: =IF($AG5="","",TRIM(MID(SUBSTITUTE($AG5,",",REPT(" ",100)),501,100))) | AN5: =IF($AG5="","",TRIM(MID(SUBSTITUTE($AG5,",",REPT(" ",100)),601,100))) | AO5: =IF($AG5="","",TRIM(MID(SUBSTITUTE($AG5,",",REPT(" ",100)),701,100))) | AP5: =IF($AG5="","",TRIM(MID(SUBSTITUTE($AG5,",",REPT(" ",100)),801,100))) | AQ5: =IF($AG5="","",TRIM(MID(SUBSTITUTE($AG5,",",REPT(" ",100)),901,100))) | AR5: =IF($AG5="","",TRIM(MID(SUBSTITUTE($AG5,",",REPT(" ",100)),1001,100))) | AS5: =IF($AG5="","",TRIM(MID(SUBSTITUTE($AG5,",",REPT(" ",100)),1101,100))) | AT5: =IF($AG5="","",TRIM(MID(SUBSTITUTE($AG5,",",REPT(" ",100)),1201,100))) | AU5: =IF($AG5="","",TRIM(MID(SUBSTITUTE($AG5,",",REPT(" ",100)),1301,100))) | AV5: =IF($AG5="","",TRIM(MID(SUBSTITUTE($AG5,",",REPT(" ",100)),1401,100))) | AW5: =IF($L5="참여",", "&L$4,"") | AX5: =AW5&IF($M5="참여",", "&M$4,"") | AY5: =AX5&IF($N5="참여",", "&N$4,"") | AZ5: =AY5&IF($O5="참여",", "&O$4,"") | BA5: =AZ5&IF($P5="참여",", "&P$4,"") | BB5: =BA5&IF($Q5="참여",", "&Q$4,"") | BC5: =BB5&IF($R5="참여",", "&R$4,"") | BD5: =BC5&IF($S5="참여",", "&S$4,"") | BE5: =BD5&IF($T5="참여",", "&T$4,"") | BF5: =BE5&IF($U5="참여",", "&U$4,"") | BG5: =BF5&IF($V5="참여",", "&V$4,"") | BH5: =BG5&IF($W5="참여",", "&W$4,"") | BI5: =BH5&IF($X5="참여",", "&X$4,"") | BJ5: =BI5&IF($Y5="참여",", "&Y$4,"") | BK5: =BJ5&IF($Z5="참여",", "&Z$4,"") | BL5: =BK5&IF($AA5="참여",", "&AA$4,"") | BM5: =BL5&IF($AB5="참여",", "&AB$4,"") | BN5: =BM5&IF($AC5="참여",", "&AC$4,"") | BO5: =BN5&IF($AD5="참여",", "&AD$4,"") | BP5: =BO5&IF($AE5="참여",", "&AE$4,"")
G6: =IF($A6="","",20-COUNTBLANK($L6:$AE6)) | H6: =IF($A6="","",IFERROR(INDEX($L$4:$AE$4,MATCH("주담당",$L6:$AE6,0)),"")) | I6: =IF($A6="","",IF($H6="",$AG6,$H6&IF($AG6="","",", "&$AG6))) | AG6: =IF($A6="","",MID($BP6,3,255)) | AH6: =IF($AG6="","",TRIM(MID(SUBSTITUTE($AG6,",",REPT(" ",100)),1,100))) | AI6: =IF($AG6="","",TRIM(MID(SUBSTITUTE($AG6,",",REPT(" ",100)),101,100))) | AJ6: =IF($AG6="","",TRIM(MID(SUBSTITUTE($AG6,",",REPT(" ",100)),201,100))) | AK6: =IF($AG6="","",TRIM(MID(SUBSTITUTE($AG6,",",REPT(" ",100)),301,100))) | AL6: =IF($AG6="","",TRIM(MID(SUBSTITUTE($AG6,",",REPT(" ",100)),401,100))) | AM6: =IF($AG6="","",TRIM(MID(SUBSTITUTE($AG6,",",REPT(" ",100)),501,100))) | AN6: =IF($AG6="","",TRIM(MID(SUBSTITUTE($AG6,",",REPT(" ",100)),601,100))) | AO6: =IF($AG6="","",TRIM(MID(SUBSTITUTE($AG6,",",REPT(" ",100)),701,100))) | AP6: =IF($AG6="","",TRIM(MID(SUBSTITUTE($AG6,",",REPT(" ",100)),801,100))) | AQ6: =IF($AG6="","",TRIM(MID(SUBSTITUTE($AG6,",",REPT(" ",100)),901,100))) | AR6: =IF($AG6="","",TRIM(MID(SUBSTITUTE($AG6,",",REPT(" ",100)),1001,100))) | AS6: =IF($AG6="","",TRIM(MID(SUBSTITUTE($AG6,",",REPT(" ",100)),1101,100))) | AT6: =IF($AG6="","",TRIM(MID(SUBSTITUTE($AG6,",",REPT(" ",100)),1201,100))) | AU6: =IF($AG6="","",TRIM(MID(SUBSTITUTE($AG6,",",REPT(" ",100)),1301,100))) | AV6: =IF($AG6="","",TRIM(MID(SUBSTITUTE($AG6,",",REPT(" ",100)),1401,100))) | AW6: =IF($L6="참여",", "&L$4,"") | AX6: =AW6&IF($M6="참여",", "&M$4,"") | AY6: =AX6&IF($N6="참여",", "&N$4,"") | AZ6: =AY6&IF($O6="참여",", "&O$4,"") | BA6: =AZ6&IF($P6="참여",", "&P$4,"") | BB6: =BA6&IF($Q6="참여",", "&Q$4,"") | BC6: =BB6&IF($R6="참여",", "&R$4,"") | BD6: =BC6&IF($S6="참여",", "&S$4,"") | BE6: =BD6&IF($T6="참여",", "&T$4,"") | BF6: =BE6&IF($U6="참여",", "&U$4,"") | BG6: =BF6&IF($V6="참여",", "&V$4,"") | BH6: =BG6&IF($W6="참여",", "&W$4,"") | BI6: =BH6&IF($X6="참여",", "&X$4,"") | BJ6: =BI6&IF($Y6="참여",", "&Y$4,"") | BK6: =BJ6&IF($Z6="참여",", "&Z$4,"") | BL6: =BK6&IF($AA6="참여",", "&AA$4,"") | BM6: =BL6&IF($AB6="참여",", "&AB$4,"") | BN6: =BM6&IF($AC6="참여",", "&AC$4,"") | BO6: =BN6&IF($AD6="참여",", "&AD$4,"") | BP6: =BO6&IF($AE6="참여",", "&AE$4,"")
G7: =IF($A7="","",20-COUNTBLANK($L7:$AE7)) | H7: =IF($A7="","",IFERROR(INDEX($L$4:$AE$4,MATCH("주담당",$L7:$AE7,0)),"")) | I7: =IF($A7="","",IF($H7="",$AG7,$H7&IF($AG7="","",", "&$AG7))) | AG7: =IF($A7="","",MID($BP7,3,255)) | AH7: =IF($AG7="","",TRIM(MID(SUBSTITUTE($AG7,",",REPT(" ",100)),1,100))) | AI7: =IF($AG7="","",TRIM(MID(SUBSTITUTE($AG7,",",REPT(" ",100)),101,100))) | AJ7: =IF($AG7="","",TRIM(MID(SUBSTITUTE($AG7,",",REPT(" ",100)),201,100))) | AK7: =IF($AG7="","",TRIM(MID(SUBSTITUTE($AG7,",",REPT(" ",100)),301,100))) | AL7: =IF($AG7="","",TRIM(MID(SUBSTITUTE($AG7,",",REPT(" ",100)),401,100))) | AM7: =IF($AG7="","",TRIM(MID(SUBSTITUTE($AG7,",",REPT(" ",100)),501,100))) | AN7: =IF($AG7="","",TRIM(MID(SUBSTITUTE($AG7,",",REPT(" ",100)),601,100))) | AO7: =IF($AG7="","",TRIM(MID(SUBSTITUTE($AG7,",",REPT(" ",100)),701,100))) | AP7: =IF($AG7="","",TRIM(MID(SUBSTITUTE($AG7,",",REPT(" ",100)),801,100))) | AQ7: =IF($AG7="","",TRIM(MID(SUBSTITUTE($AG7,",",REPT(" ",100)),901,100))) | AR7: =IF($AG7="","",TRIM(MID(SUBSTITUTE($AG7,",",REPT(" ",100)),1001,100))) | AS7: =IF($AG7="","",TRIM(MID(SUBSTITUTE($AG7,",",REPT(" ",100)),1101,100))) | AT7: =IF($AG7="","",TRIM(MID(SUBSTITUTE($AG7,",",REPT(" ",100)),1201,100))) | AU7: =IF($AG7="","",TRIM(MID(SUBSTITUTE($AG7,",",REPT(" ",100)),1301,100))) | AV7: =IF($AG7="","",TRIM(MID(SUBSTITUTE($AG7,",",REPT(" ",100)),1401,100))) | AW7: =IF($L7="참여",", "&L$4,"") | AX7: =AW7&IF($M7="참여",", "&M$4,"") | AY7: =AX7&IF($N7="참여",", "&N$4,"") | AZ7: =AY7&IF($O7="참여",", "&O$4,"") | BA7: =AZ7&IF($P7="참여",", "&P$4,"") | BB7: =BA7&IF($Q7="참여",", "&Q$4,"") | BC7: =BB7&IF($R7="참여",", "&R$4,"") | BD7: =BC7&IF($S7="참여",", "&S$4,"") | BE7: =BD7&IF($T7="참여",", "&T$4,"") | BF7: =BE7&IF($U7="참여",", "&U$4,"") | BG7: =BF7&IF($V7="참여",", "&V$4,"") | BH7: =BG7&IF($W7="참여",", "&W$4,"") | BI7: =BH7&IF($X7="참여",", "&X$4,"") | BJ7: =BI7&IF($Y7="참여",", "&Y$4,"") | BK7: =BJ7&IF($Z7="참여",", "&Z$4,"") | BL7: =BK7&IF($AA7="참여",", "&AA$4,"") | BM7: =BL7&IF($AB7="참여",", "&AB$4,"") | BN7: =BM7&IF($AC7="참여",", "&AC$4,"") | BO7: =BN7&IF($AD7="참여",", "&AD$4,"") | BP7: =BO7&IF($AE7="참여",", "&AE$4,"")
G8: =IF($A8="","",20-COUNTBLANK($L8:$AE8)) | H8: =IF($A8="","",IFERROR(INDEX($L$4:$AE$4,MATCH("주담당",$L8:$AE8,0)),"")) | I8: =IF($A8="","",IF($H8="",$AG8,$H8&IF($AG8="","",", "&$AG8))) | AG8: =IF($A8="","",MID($BP8,3,255)) | AH8: =IF($AG8="","",TRIM(MID(SUBSTITUTE($AG8,",",REPT(" ",100)),1,100))) | AI8: =IF($AG8="","",TRIM(MID(SUBSTITUTE($AG8,",",REPT(" ",100)),101,100))) | AJ8: =IF($AG8="","",TRIM(MID(SUBSTITUTE($AG8,",",REPT(" ",100)),201,100))) | AK8: =IF($AG8="","",TRIM(MID(SUBSTITUTE($AG8,",",REPT(" ",100)),301,100))) | AL8: =IF($AG8="","",TRIM(MID(SUBSTITUTE($AG8,",",REPT(" ",100)),401,100))) | AM8: =IF($AG8="","",TRIM(MID(SUBSTITUTE($AG8,",",REPT(" ",100)),501,100))) | AN8: =IF($AG8="","",TRIM(MID(SUBSTITUTE($AG8,",",REPT(" ",100)),601,100))) | AO8: =IF($AG8="","",TRIM(MID(SUBSTITUTE($AG8,",",REPT(" ",100)),701,100))) | AP8: =IF($AG8="","",TRIM(MID(SUBSTITUTE($AG8,",",REPT(" ",100)),801,100))) | AQ8: =IF($AG8="","",TRIM(MID(SUBSTITUTE($AG8,",",REPT(" ",100)),901,100))) | AR8: =IF($AG8="","",TRIM(MID(SUBSTITUTE($AG8,",",REPT(" ",100)),1001,100))) | AS8: =IF($AG8="","",TRIM(MID(SUBSTITUTE($AG8,",",REPT(" ",100)),1101,100))) | AT8: =IF($AG8="","",TRIM(MID(SUBSTITUTE($AG8,",",REPT(" ",100)),1201,100))) | AU8: =IF($AG8="","",TRIM(MID(SUBSTITUTE($AG8,",",REPT(" ",100)),1301,100))) | AV8: =IF($AG8="","",TRIM(MID(SUBSTITUTE($AG8,",",REPT(" ",100)),1401,100))) | AW8: =IF($L8="참여",", "&L$4,"") | AX8: =AW8&IF($M8="참여",", "&M$4,"") | AY8: =AX8&IF($N8="참여",", "&N$4,"") | AZ8: =AY8&IF($O8="참여",", "&O$4,"") | BA8: =AZ8&IF($P8="참여",", "&P$4,"") | BB8: =BA8&IF($Q8="참여",", "&Q$4,"") | BC8: =BB8&IF($R8="참여",", "&R$4,"") | BD8: =BC8&IF($S8="참여",", "&S$4,"") | BE8: =BD8&IF($T8="참여",", "&T$4,"") | BF8: =BE8&IF($U8="참여",", "&U$4,"") | BG8: =BF8&IF($V8="참여",", "&V$4,"") | BH8: =BG8&IF($W8="참여",", "&W$4,"") | BI8: =BH8&IF($X8="참여",", "&X$4,"") | BJ8: =BI8&IF($Y8="참여",", "&Y$4,"") | BK8: =BJ8&IF($Z8="참여",", "&Z$4,"") | BL8: =BK8&IF($AA8="참여",", "&AA$4,"") | BM8: =BL8&IF($AB8="참여",", "&AB$4,"") | BN8: =BM8&IF($AC8="참여",", "&AC$4,"") | BO8: =BN8&IF($AD8="참여",", "&AD$4,"") | BP8: =BO8&IF($AE8="참여",", "&AE$4,"")
G9: =IF($A9="","",20-COUNTBLANK($L9:$AE9)) | H9: =IF($A9="","",IFERROR(INDEX($L$4:$AE$4,MATCH("주담당",$L9:$AE9,0)),"")) | I9: =IF($A9="","",IF($H9="",$AG9,$H9&IF($AG9="","",", "&$AG9))) | AG9: =IF($A9="","",MID($BP9,3,255)) | AH9: =IF($AG9="","",TRIM(MID(SUBSTITUTE($AG9,",",REPT(" ",100)),1,100))) | AI9: =IF($AG9="","",TRIM(MID(SUBSTITUTE($AG9,",",REPT(" ",100)),101,100))) | AJ9: =IF($AG9="","",TRIM(MID(SUBSTITUTE($AG9,",",REPT(" ",100)),201,100))) | AK9: =IF($AG9="","",TRIM(MID(SUBSTITUTE($AG9,",",REPT(" ",100)),301,100))) | AL9: =IF($AG9="","",TRIM(MID(SUBSTITUTE($AG9,",",REPT(" ",100)),401,100))) | AM9: =IF($AG9="","",TRIM(MID(SUBSTITUTE($AG9,",",REPT(" ",100)),501,100))) | AN9: =IF($AG9="","",TRIM(MID(SUBSTITUTE($AG9,",",REPT(" ",100)),601,100))) | AO9: =IF($AG9="","",TRIM(MID(SUBSTITUTE($AG9,",",REPT(" ",100)),701,100))) | AP9: =IF($AG9="","",TRIM(MID(SUBSTITUTE($AG9,",",REPT(" ",100)),801,100))) | AQ9: =IF($AG9="","",TRIM(MID(SUBSTITUTE($AG9,",",REPT(" ",100)),901,100))) | AR9: =IF($AG9="","",TRIM(MID(SUBSTITUTE($AG9,",",REPT(" ",100)),1001,100))) | AS9: =IF($AG9="","",TRIM(MID(SUBSTITUTE($AG9,",",REPT(" ",100)),1101,100))) | AT9: =IF($AG9="","",TRIM(MID(SUBSTITUTE($AG9,",",REPT(" ",100)),1201,100))) | AU9: =IF($AG9="","",TRIM(MID(SUBSTITUTE($AG9,",",REPT(" ",100)),1301,100))) | AV9: =IF($AG9="","",TRIM(MID(SUBSTITUTE($AG9,",",REPT(" ",100)),1401,100))) | AW9: =IF($L9="참여",", "&L$4,"") | AX9: =AW9&IF($M9="참여",", "&M$4,"") | AY9: =AX9&IF($N9="참여",", "&N$4,"") | AZ9: =AY9&IF($O9="참여",", "&O$4,"") | BA9: =AZ9&IF($P9="참여",", "&P$4,"") | BB9: =BA9&IF($Q9="참여",", "&Q$4,"") | BC9: =BB9&IF($R9="참여",", "&R$4,"") | BD9: =BC9&IF($S9="참여",", "&S$4,"") | BE9: =BD9&IF($T9="참여",", "&T$4,"") | BF9: =BE9&IF($U9="참여",", "&U$4,"") | BG9: =BF9&IF($V9="참여",", "&V$4,"") | BH9: =BG9&IF($W9="참여",", "&W$4,"") | BI9: =BH9&IF($X9="참여",", "&X$4,"") | BJ9: =BI9&IF($Y9="참여",", "&Y$4,"") | BK9: =BJ9&IF($Z9="참여",", "&Z$4,"") | BL9: =BK9&IF($AA9="참여",", "&AA$4,"") | BM9: =BL9&IF($AB9="참여",", "&AB$4,"") | BN9: =BM9&IF($AC9="참여",", "&AC$4,"") | BO9: =BN9&IF($AD9="참여",", "&AD$4,"") | BP9: =BO9&IF($AE9="참여",", "&AE$4,"")
G10: =IF($A10="","",20-COUNTBLANK($L10:$AE10)) | H10: =IF($A10="","",IFERROR(INDEX($L$4:$AE$4,MATCH("주담당",$L10:$AE10,0)),"")) | I10: =IF($A10="","",IF($H10="",$AG10,$H10&IF($AG10="","",", "&$AG10))) | AG10: =IF($A10="","",MID($BP10,3,255)) | AH10: =IF($AG10="","",TRIM(MID(SUBSTITUTE($AG10,",",REPT(" ",100)),1,100))) | AI10: =IF($AG10="","",TRIM(MID(SUBSTITUTE($AG10,",",REPT(" ",100)),101,100))) | AJ10: =IF($AG10="","",TRIM(MID(SUBSTITUTE($AG10,",",REPT(" ",100)),201,100))) | AK10: =IF($AG10="","",TRIM(MID(SUBSTITUTE($AG10,",",REPT(" ",100)),301,100))) | AL10: =IF($AG10="","",TRIM(MID(SUBSTITUTE($AG10,",",REPT(" ",100)),401,100))) | AM10: =IF($AG10="","",TRIM(MID(SUBSTITUTE($AG10,",",REPT(" ",100)),501,100))) | AN10: =IF($AG10="","",TRIM(MID(SUBSTITUTE($AG10,",",REPT(" ",100)),601,100))) | AO10: =IF($AG10="","",TRIM(MID(SUBSTITUTE($AG10,",",REPT(" ",100)),701,100))) | AP10: =IF($AG10="","",TRIM(MID(SUBSTITUTE($AG10,",",REPT(" ",100)),801,100))) | AQ10: =IF($AG10="","",TRIM(MID(SUBSTITUTE($AG10,",",REPT(" ",100)),901,100))) | AR10: =IF($AG10="","",TRIM(MID(SUBSTITUTE($AG10,",",REPT(" ",100)),1001,100))) | AS10: =IF($AG10="","",TRIM(MID(SUBSTITUTE($AG10,",",REPT(" ",100)),1101,100))) | AT10: =IF($AG10="","",TRIM(MID(SUBSTITUTE($AG10,",",REPT(" ",100)),1201,100))) | AU10: =IF($AG10="","",TRIM(MID(SUBSTITUTE($AG10,",",REPT(" ",100)),1301,100))) | AV10: =IF($AG10="","",TRIM(MID(SUBSTITUTE($AG10,",",REPT(" ",100)),1401,100))) | AW10: =IF($L10="참여",", "&L$4,"") | AX10: =AW10&IF($M10="참여",", "&M$4,"") | AY10: =AX10&IF($N10="참여",", "&N$4,"") | AZ10: =AY10&IF($O10="참여",", "&O$4,"") | BA10: =AZ10&IF($P10="참여",", "&P$4,"") | BB10: =BA10&IF($Q10="참여",", "&Q$4,"") | BC10: =BB10&IF($R10="참여",", "&R$4,"") | BD10: =BC10&IF($S10="참여",", "&S$4,"") | BE10: =BD10&IF($T10="참여",", "&T$4,"") | BF10: =BE10&IF($U10="참여",", "&U$4,"") | BG10: =BF10&IF($V10="참여",", "&V$4,"") | BH10: =BG10&IF($W10="참여",", "&W$4,"") | BI10: =BH10&IF($X10="참여",", "&X$4,"") | BJ10: =BI10&IF($Y10="참여",", "&Y$4,"") | BK10: =BJ10&IF($Z10="참여",", "&Z$4,"") | BL10: =BK10&IF($AA10="참여",", "&AA$4,"") | BM10: =BL10&IF($AB10="참여",", "&AB$4,"") | BN10: =BM10&IF($AC10="참여",", "&AC$4,"") | BO10: =BN10&IF($AD10="참여",", "&AD$4,"") | BP10: =BO10&IF($AE10="참여",", "&AE$4,"")
G11: =IF($A11="","",20-COUNTBLANK($L11:$AE11)) | H11: =IF($A11="","",IFERROR(INDEX($L$4:$AE$4,MATCH("주담당",$L11:$AE11,0)),"")) | I11: =IF($A11="","",IF($H11="",$AG11,$H11&IF($AG11="","",", "&$AG11))) | AG11: =IF($A11="","",MID($BP11,3,255)) | AH11: =IF($AG11="","",TRIM(MID(SUBSTITUTE($AG11,",",REPT(" ",100)),1,100))) | AI11: =IF($AG11="","",TRIM(MID(SUBSTITUTE($AG11,",",REPT(" ",100)),101,100))) | AJ11: =IF($AG11="","",TRIM(MID(SUBSTITUTE($AG11,",",REPT(" ",100)),201,100))) | AK11: =IF($AG11="","",TRIM(MID(SUBSTITUTE($AG11,",",REPT(" ",100)),301,100))) | AL11: =IF($AG11="","",TRIM(MID(SUBSTITUTE($AG11,",",REPT(" ",100)),401,100))) | AM11: =IF($AG11="","",TRIM(MID(SUBSTITUTE($AG11,",",REPT(" ",100)),501,100))) | AN11: =IF($AG11="","",TRIM(MID(SUBSTITUTE($AG11,",",REPT(" ",100)),601,100))) | AO11: =IF($AG11="","",TRIM(MID(SUBSTITUTE($AG11,",",REPT(" ",100)),701,100))) | AP11: =IF($AG11="","",TRIM(MID(SUBSTITUTE($AG11,",",REPT(" ",100)),801,100))) | AQ11: =IF($AG11="","",TRIM(MID(SUBSTITUTE($AG11,",",REPT(" ",100)),901,100))) | AR11: =IF($AG11="","",TRIM(MID(SUBSTITUTE($AG11,",",REPT(" ",100)),1001,100))) | AS11: =IF($AG11="","",TRIM(MID(SUBSTITUTE($AG11,",",REPT(" ",100)),1101,100))) | AT11: =IF($AG11="","",TRIM(MID(SUBSTITUTE($AG11,",",REPT(" ",100)),1201,100))) | AU11: =IF($AG11="","",TRIM(MID(SUBSTITUTE($AG11,",",REPT(" ",100)),1301,100))) | AV11: =IF($AG11="","",TRIM(MID(SUBSTITUTE($AG11,",",REPT(" ",100)),1401,100))) | AW11: =IF($L11="참여",", "&L$4,"") | AX11: =AW11&IF($M11="참여",", "&M$4,"") | AY11: =AX11&IF($N11="참여",", "&N$4,"") | AZ11: =AY11&IF($O11="참여",", "&O$4,"") | BA11: =AZ11&IF($P11="참여",", "&P$4,"") | BB11: =BA11&IF($Q11="참여",", "&Q$4,"") | BC11: =BB11&IF($R11="참여",", "&R$4,"") | BD11: =BC11&IF($S11="참여",", "&S$4,"") | BE11: =BD11&IF($T11="참여",", "&T$4,"") | BF11: =BE11&IF($U11="참여",", "&U$4,"") | BG11: =BF11&IF($V11="참여",", "&V$4,"") | BH11: =BG11&IF($W11="참여",", "&W$4,"") | BI11: =BH11&IF($X11="참여",", "&X$4,"") | BJ11: =BI11&IF($Y11="참여",", "&Y$4,"") | BK11: =BJ11&IF($Z11="참여",", "&Z$4,"") | BL11: =BK11&IF($AA11="참여",", "&AA$4,"") | BM11: =BL11&IF($AB11="참여",", "&AB$4,"") | BN11: =BM11&IF($AC11="참여",", "&AC$4,"") | BO11: =BN11&IF($AD11="참여",", "&AD$4,"") | BP11: =BO11&IF($AE11="참여",", "&AE$4,"")
G12: =IF($A12="","",20-COUNTBLANK($L12:$AE12)) | H12: =IF($A12="","",IFERROR(INDEX($L$4:$AE$4,MATCH("주담당",$L12:$AE12,0)),"")) | I12: =IF($A12="","",IF($H12="",$AG12,$H12&IF($AG12="","",", "&$AG12))) | AG12: =IF($A12="","",MID($BP12,3,255)) | AH12: =IF($AG12="","",TRIM(MID(SUBSTITUTE($AG12,",",REPT(" ",100)),1,100))) | AI12: =IF($AG12="","",TRIM(MID(SUBSTITUTE($AG12,",",REPT(" ",100)),101,100))) | AJ12: =IF($AG12="","",TRIM(MID(SUBSTITUTE($AG12,",",REPT(" ",100)),201,100))) | AK12: =IF($AG12="","",TRIM(MID(SUBSTITUTE($AG12,",",REPT(" ",100)),301,100))) | AL12: =IF($AG12="","",TRIM(MID(SUBSTITUTE($AG12,",",REPT(" ",100)),401,100))) | AM12: =IF($AG12="","",TRIM(MID(SUBSTITUTE($AG12,",",REPT(" ",100)),501,100))) | AN12: =IF($AG12="","",TRIM(MID(SUBSTITUTE($AG12,",",REPT(" ",100)),601,100))) | AO12: =IF($AG12="","",TRIM(MID(SUBSTITUTE($AG12,",",REPT(" ",100)),701,100))) | AP12: =IF($AG12="","",TRIM(MID(SUBSTITUTE($AG12,",",REPT(" ",100)),801,100))) | AQ12: =IF($AG12="","",TRIM(MID(SUBSTITUTE($AG12,",",REPT(" ",100)),901,100))) | AR12: =IF($AG12="","",TRIM(MID(SUBSTITUTE($AG12,",",REPT(" ",100)),1001,100))) | AS12: =IF($AG12="","",TRIM(MID(SUBSTITUTE($AG12,",",REPT(" ",100)),1101,100))) | AT12: =IF($AG12="","",TRIM(MID(SUBSTITUTE($AG12,",",REPT(" ",100)),1201,100))) | AU12: =IF($AG12="","",TRIM(MID(SUBSTITUTE($AG12,",",REPT(" ",100)),1301,100))) | AV12: =IF($AG12="","",TRIM(MID(SUBSTITUTE($AG12,",",REPT(" ",100)),1401,100))) | AW12: =IF($L12="참여",", "&L$4,"") | AX12: =AW12&IF($M12="참여",", "&M$4,"") | AY12: =AX12&IF($N12="참여",", "&N$4,"") | AZ12: =AY12&IF($O12="참여",", "&O$4,"") | BA12: =AZ12&IF($P12="참여",", "&P$4,"") | BB12: =BA12&IF($Q12="참여",", "&Q$4,"") | BC12: =BB12&IF($R12="참여",", "&R$4,"") | BD12: =BC12&IF($S12="참여",", "&S$4,"") | BE12: =BD12&IF($T12="참여",", "&T$4,"") | BF12: =BE12&IF($U12="참여",", "&U$4,"") | BG12: =BF12&IF($V12="참여",", "&V$4,"") | BH12: =BG12&IF($W12="참여",", "&W$4,"") | BI12: =BH12&IF($X12="참여",", "&X$4,"") | BJ12: =BI12&IF($Y12="참여",", "&Y$4,"") | BK12: =BJ12&IF($Z12="참여",", "&Z$4,"") | BL12: =BK12&IF($AA12="참여",", "&AA$4,"") | BM12: =BL12&IF($AB12="참여",", "&AB$4,"") | BN12: =BM12&IF($AC12="참여",", "&AC$4,"") | BO12: =BN12&IF($AD12="참여",", "&AD$4,"") | BP12: =BO12&IF($AE12="참여",", "&AE$4,"")
G13: =IF($A13="","",20-COUNTBLANK($L13:$AE13)) | H13: =IF($A13="","",IFERROR(INDEX($L$4:$AE$4,MATCH("주담당",$L13:$AE13,0)),"")) | I13: =IF($A13="","",IF($H13="",$AG13,$H13&IF($AG13="","",", "&$AG13))) | AG13: =IF($A13="","",MID($BP13,3,255)) | AH13: =IF($AG13="","",TRIM(MID(SUBSTITUTE($AG13,",",REPT(" ",100)),1,100))) | AI13: =IF($AG13="","",TRIM(MID(SUBSTITUTE($AG13,",",REPT(" ",100)),101,100))) | AJ13: =IF($AG13="","",TRIM(MID(SUBSTITUTE($AG13,",",REPT(" ",100)),201,100))) | AK13: =IF($AG13="","",TRIM(MID(SUBSTITUTE($AG13,",",REPT(" ",100)),301,100))) | AL13: =IF($AG13="","",TRIM(MID(SUBSTITUTE($AG13,",",REPT(" ",100)),401,100))) | AM13: =IF($AG13="","",TRIM(MID(SUBSTITUTE($AG13,",",REPT(" ",100)),501,100))) | AN13: =IF($AG13="","",TRIM(MID(SUBSTITUTE($AG13,",",REPT(" ",100)),601,100))) | AO13: =IF($AG13="","",TRIM(MID(SUBSTITUTE($AG13,",",REPT(" ",100)),701,100))) | AP13: =IF($AG13="","",TRIM(MID(SUBSTITUTE($AG13,",",REPT(" ",100)),801,100))) | AQ13: =IF($AG13="","",TRIM(MID(SUBSTITUTE($AG13,",",REPT(" ",100)),901,100))) | AR13: =IF($AG13="","",TRIM(MID(SUBSTITUTE($AG13,",",REPT(" ",100)),1001,100))) | AS13: =IF($AG13="","",TRIM(MID(SUBSTITUTE($AG13,",",REPT(" ",100)),1101,100))) | AT13: =IF($AG13="","",TRIM(MID(SUBSTITUTE($AG13,",",REPT(" ",100)),1201,100))) | AU13: =IF($AG13="","",TRIM(MID(SUBSTITUTE($AG13,",",REPT(" ",100)),1301,100))) | AV13: =IF($AG13="","",TRIM(MID(SUBSTITUTE($AG13,",",REPT(" ",100)),1401,100))) | AW13: =IF($L13="참여",", "&L$4,"") | AX13: =AW13&IF($M13="참여",", "&M$4,"") | AY13: =AX13&IF($N13="참여",", "&N$4,"") | AZ13: =AY13&IF($O13="참여",", "&O$4,"") | BA13: =AZ13&IF($P13="참여",", "&P$4,"") | BB13: =BA13&IF($Q13="참여",", "&Q$4,"") | BC13: =BB13&IF($R13="참여",", "&R$4,"") | BD13: =BC13&IF($S13="참여",", "&S$4,"") | BE13: =BD13&IF($T13="참여",", "&T$4,"") | BF13: =BE13&IF($U13="참여",", "&U$4,"") | BG13: =BF13&IF($V13="참여",", "&V$4,"") | BH13: =BG13&IF($W13="참여",", "&W$4,"") | BI13: =BH13&IF($X13="참여",", "&X$4,"") | BJ13: =BI13&IF($Y13="참여",", "&Y$4,"") | BK13: =BJ13&IF($Z13="참여",", "&Z$4,"") | BL13: =BK13&IF($AA13="참여",", "&AA$4,"") | BM13: =BL13&IF($AB13="참여",", "&AB$4,"") | BN13: =BM13&IF($AC13="참여",", "&AC$4,"") | BO13: =BN13&IF($AD13="참여",", "&AD$4,"") | BP13: =BO13&IF($AE13="참여",", "&AE$4,"")
G14: =IF($A14="","",20-COUNTBLANK($L14:$AE14)) | H14: =IF($A14="","",IFERROR(INDEX($L$4:$AE$4,MATCH("주담당",$L14:$AE14,0)),"")) | I14: =IF($A14="","",IF($H14="",$AG14,$H14&IF($AG14="","",", "&$AG14))) | AG14: =IF($A14="","",MID($BP14,3,255)) | AH14: =IF($AG14="","",TRIM(MID(SUBSTITUTE($AG14,",",REPT(" ",100)),1,100))) | AI14: =IF($AG14="","",TRIM(MID(SUBSTITUTE($AG14,",",REPT(" ",100)),101,100))) | AJ14: =IF($AG14="","",TRIM(MID(SUBSTITUTE($AG14,",",REPT(" ",100)),201,100))) | AK14: =IF($AG14="","",TRIM(MID(SUBSTITUTE($AG14,",",REPT(" ",100)),301,100))) | AL14: =IF($AG14="","",TRIM(MID(SUBSTITUTE($AG14,",",REPT(" ",100)),401,100))) | AM14: =IF($AG14="","",TRIM(MID(SUBSTITUTE($AG14,",",REPT(" ",100)),501,100))) | AN14: =IF($AG14="","",TRIM(MID(SUBSTITUTE($AG14,",",REPT(" ",100)),601,100))) | AO14: =IF($AG14="","",TRIM(MID(SUBSTITUTE($AG14,",",REPT(" ",100)),701,100))) | AP14: =IF($AG14="","",TRIM(MID(SUBSTITUTE($AG14,",",REPT(" ",100)),801,100))) | AQ14: =IF($AG14="","",TRIM(MID(SUBSTITUTE($AG14,",",REPT(" ",100)),901,100))) | AR14: =IF($AG14="","",TRIM(MID(SUBSTITUTE($AG14,",",REPT(" ",100)),1001,100))) | AS14: =IF($AG14="","",TRIM(MID(SUBSTITUTE($AG14,",",REPT(" ",100)),1101,100))) | AT14: =IF($AG14="","",TRIM(MID(SUBSTITUTE($AG14,",",REPT(" ",100)),1201,100))) | AU14: =IF($AG14="","",TRIM(MID(SUBSTITUTE($AG14,",",REPT(" ",100)),1301,100))) | AV14: =IF($AG14="","",TRIM(MID(SUBSTITUTE($AG14,",",REPT(" ",100)),1401,100))) | AW14: =IF($L14="참여",", "&L$4,"") | AX14: =AW14&IF($M14="참여",", "&M$4,"") | AY14: =AX14&IF($N14="참여",", "&N$4,"") | AZ14: =AY14&IF($O14="참여",", "&O$4,"") | BA14: =AZ14&IF($P14="참여",", "&P$4,"") | BB14: =BA14&IF($Q14="참여",", "&Q$4,"") | BC14: =BB14&IF($R14="참여",", "&R$4,"") | BD14: =BC14&IF($S14="참여",", "&S$4,"") | BE14: =BD14&IF($T14="참여",", "&T$4,"") | BF14: =BE14&IF($U14="참여",", "&U$4,"") | BG14: =BF14&IF($V14="참여",", "&V$4,"") | BH14: =BG14&IF($W14="참여",", "&W$4,"") | BI14: =BH14&IF($X14="참여",", "&X$4,"") | BJ14: =BI14&IF($Y14="참여",", "&Y$4,"") | BK14: =BJ14&IF($Z14="참여",", "&Z$4,"") | BL14: =BK14&IF($AA14="참여",", "&AA$4,"") | BM14: =BL14&IF($AB14="참여",", "&AB$4,"") | BN14: =BM14&IF($AC14="참여",", "&AC$4,"") | BO14: =BN14&IF($AD14="참여",", "&AD$4,"") | BP14: =BO14&IF($AE14="참여",", "&AE$4,"")
G15: =IF($A15="","",20-COUNTBLANK($L15:$AE15)) | H15: =IF($A15="","",IFERROR(INDEX($L$4:$AE$4,MATCH("주담당",$L15:$AE15,0)),"")) | I15: =IF($A15="","",IF($H15="",$AG15,$H15&IF($AG15="","",", "&$AG15))) | AG15: =IF($A15="","",MID($BP15,3,255)) | AH15: =IF($AG15="","",TRIM(MID(SUBSTITUTE($AG15,",",REPT(" ",100)),1,100))) | AI15: =IF($AG15="","",TRIM(MID(SUBSTITUTE($AG15,",",REPT(" ",100)),101,100))) | AJ15: =IF($AG15="","",TRIM(MID(SUBSTITUTE($AG15,",",REPT(" ",100)),201,100))) | AK15: =IF($AG15="","",TRIM(MID(SUBSTITUTE($AG15,",",REPT(" ",100)),301,100))) | AL15: =IF($AG15="","",TRIM(MID(SUBSTITUTE($AG15,",",REPT(" ",100)),401,100))) | AM15: =IF($AG15="","",TRIM(MID(SUBSTITUTE($AG15,",",REPT(" ",100)),501,100))) | AN15: =IF($AG15="","",TRIM(MID(SUBSTITUTE($AG15,",",REPT(" ",100)),601,100))) | AO15: =IF($AG15="","",TRIM(MID(SUBSTITUTE($AG15,",",REPT(" ",100)),701,100))) | AP15: =IF($AG15="","",TRIM(MID(SUBSTITUTE($AG15,",",REPT(" ",100)),801,100))) | AQ15: =IF($AG15="","",TRIM(MID(SUBSTITUTE($AG15,",",REPT(" ",100)),901,100))) | AR15: =IF($AG15="","",TRIM(MID(SUBSTITUTE($AG15,",",REPT(" ",100)),1001,100))) | AS15: =IF($AG15="","",TRIM(MID(SUBSTITUTE($AG15,",",REPT(" ",100)),1101,100))) | AT15: =IF($AG15="","",TRIM(MID(SUBSTITUTE($AG15,",",REPT(" ",100)),1201,100))) | AU15: =IF($AG15="","",TRIM(MID(SUBSTITUTE($AG15,",",REPT(" ",100)),1301,100))) | AV15: =IF($AG15="","",TRIM(MID(SUBSTITUTE($AG15,",",REPT(" ",100)),1401,100))) | AW15: =IF($L15="참여",", "&L$4,"") | AX15: =AW15&IF($M15="참여",", "&M$4,"") | AY15: =AX15&IF($N15="참여",", "&N$4,"") | AZ15: =AY15&IF($O15="참여",", "&O$4,"") | BA15: =AZ15&IF($P15="참여",", "&P$4,"") | BB15: =BA15&IF($Q15="참여",", "&Q$4,"") | BC15: =BB15&IF($R15="참여",", "&R$4,"") | BD15: =BC15&IF($S15="참여",", "&S$4,"") | BE15: =BD15&IF($T15="참여",", "&T$4,"") | BF15: =BE15&IF($U15="참여",", "&U$4,"") | BG15: =BF15&IF($V15="참여",", "&V$4,"") | BH15: =BG15&IF($W15="참여",", "&W$4,"") | BI15: =BH15&IF($X15="참여",", "&X$4,"") | BJ15: =BI15&IF($Y15="참여",", "&Y$4,"") | BK15: =BJ15&IF($Z15="참여",", "&Z$4,"") | BL15: =BK15&IF($AA15="참여",", "&AA$4,"") | BM15: =BL15&IF($AB15="참여",", "&AB$4,"") | BN15: =BM15&IF($AC15="참여",", "&AC$4,"") | BO15: =BN15&IF($AD15="참여",", "&AD$4,"") | BP15: =BO15&IF($AE15="참여",", "&AE$4,"")
G16: =IF($A16="","",20-COUNTBLANK($L16:$AE16)) | H16: =IF($A16="","",IFERROR(INDEX($L$4:$AE$4,MATCH("주담당",$L16:$AE16,0)),"")) | I16: =IF($A16="","",IF($H16="",$AG16,$H16&IF($AG16="","",", "&$AG16))) | AG16: =IF($A16="","",MID($BP16,3,255)) | AH16: =IF($AG16="","",TRIM(MID(SUBSTITUTE($AG16,",",REPT(" ",100)),1,100))) | AI16: =IF($AG16="","",TRIM(MID(SUBSTITUTE($AG16,",",REPT(" ",100)),101,100))) | AJ16: =IF($AG16="","",TRIM(MID(SUBSTITUTE($AG16,",",REPT(" ",100)),201,100))) | AK16: =IF($AG16="","",TRIM(MID(SUBSTITUTE($AG16,",",REPT(" ",100)),301,100))) | AL16: =IF($AG16="","",TRIM(MID(SUBSTITUTE($AG16,",",REPT(" ",100)),401,100))) | AM16: =IF($AG16="","",TRIM(MID(SUBSTITUTE($AG16,",",REPT(" ",100)),501,100))) | AN16: =IF($AG16="","",TRIM(MID(SUBSTITUTE($AG16,",",REPT(" ",100)),601,100))) | AO16: =IF($AG16="","",TRIM(MID(SUBSTITUTE($AG16,",",REPT(" ",100)),701,100))) | AP16: =IF($AG16="","",TRIM(MID(SUBSTITUTE($AG16,",",REPT(" ",100)),801,100))) | AQ16: =IF($AG16="","",TRIM(MID(SUBSTITUTE($AG16,",",REPT(" ",100)),901,100))) | AR16: =IF($AG16="","",TRIM(MID(SUBSTITUTE($AG16,",",REPT(" ",100)),1001,100))) | AS16: =IF($AG16="","",TRIM(MID(SUBSTITUTE($AG16,",",REPT(" ",100)),1101,100))) | AT16: =IF($AG16="","",TRIM(MID(SUBSTITUTE($AG16,",",REPT(" ",100)),1201,100))) | AU16: =IF($AG16="","",TRIM(MID(SUBSTITUTE($AG16,",",REPT(" ",100)),1301,100))) | AV16: =IF($AG16="","",TRIM(MID(SUBSTITUTE($AG16,",",REPT(" ",100)),1401,100))) | AW16: =IF($L16="참여",", "&L$4,"") | AX16: =AW16&IF($M16="참여",", "&M$4,"") | AY16: =AX16&IF($N16="참여",", "&N$4,"") | AZ16: =AY16&IF($O16="참여",", "&O$4,"") | BA16: =AZ16&IF($P16="참여",", "&P$4,"") | BB16: =BA16&IF($Q16="참여",", "&Q$4,"") | BC16: =BB16&IF($R16="참여",", "&R$4,"") | BD16: =BC16&IF($S16="참여",", "&S$4,"") | BE16: =BD16&IF($T16="참여",", "&T$4,"") | BF16: =BE16&IF($U16="참여",", "&U$4,"") | BG16: =BF16&IF($V16="참여",", "&V$4,"") | BH16: =BG16&IF($W16="참여",", "&W$4,"") | BI16: =BH16&IF($X16="참여",", "&X$4,"") | BJ16: =BI16&IF($Y16="참여",", "&Y$4,"") | BK16: =BJ16&IF($Z16="참여",", "&Z$4,"") | BL16: =BK16&IF($AA16="참여",", "&AA$4,"") | BM16: =BL16&IF($AB16="참여",", "&AB$4,"") | BN16: =BM16&IF($AC16="참여",", "&AC$4,"") | BO16: =BN16&IF($AD16="참여",", "&AD$4,"") | BP16: =BO16&IF($AE16="참여",", "&AE$4,"")
... G64: =IF($A64="","",20-COUNTBLANK($L64:$AE64)) | H64: =IF($A64="","",IFERROR(INDEX($L$4:$AE$4,MATCH("주담당",$L64:$AE64,0)),"")) | I64: =IF($A64="","",IF($H64="",$AG64,$H64&IF($AG64="","",", "&$AG64))) | AG64: =IF($A64="","",MID($BP64,3,255)) | AH64: =IF($AG64="","",TRIM(MID(SUBSTITUTE($AG64,",",REPT(" ",100)),1,100))) | AI64: =IF($AG64="","",TRIM(MID(SUBSTITUTE($AG64,",",REPT(" ",100)),101,100))) | AJ64: =IF($AG64="","",TRIM(MID(SUBSTITUTE($AG64,",",REPT(" ",100)),201,100))) | AK64: =IF($AG64="","",TRIM(MID(SUBSTITUTE($AG64,",",REPT(" ",100)),301,100))) | AL64: =IF($AG64="","",TRIM(MID(SUBSTITUTE($AG64,",",REPT(" ",100)),401,100))) | AM64: =IF($AG64="","",TRIM(MID(SUBSTITUTE($AG64,",",REPT(" ",100)),501,100))) | AN64: =IF($AG64="","",TRIM(MID(SUBSTITUTE($AG64,",",REPT(" ",100)),601,100))) | AO64: =IF($AG64="","",TRIM(MID(SUBSTITUTE($AG64,",",REPT(" ",100)),701,100))) | AP64: =IF($AG64="","",TRIM(MID(SUBSTITUTE($AG64,",",REPT(" ",100)),801,100))) | AQ64: =IF($AG64="","",TRIM(MID(SUBSTITUTE($AG64,",",REPT(" ",100)),901,100))) | AR64: =IF($AG64="","",TRIM(MID(SUBSTITUTE($AG64,",",REPT(" ",100)),1001,100))) | AS64: =IF($AG64="","",TRIM(MID(SUBSTITUTE($AG64,",",REPT(" ",100)),1101,100))) | AT64: =IF($AG64="","",TRIM(MID(SUBSTITUTE($AG64,",",REPT(" ",100)),1201,100))) | AU64: =IF($AG64="","",TRIM(MID(SUBSTITUTE($AG64,",",REPT(" ",100)),1301,100))) | AV64: =IF($AG64="","",TRIM(MID(SUBSTITUTE($AG64,",",REPT(" ",100)),1401,100))) | AW64: =IF($L64="참여",", "&L$4,"") | AX64: =AW64&IF($M64="참여",", "&M$4,"") | AY64: =AX64&IF($N64="참여",", "&N$4,"") | AZ64: =AY64&IF($O64="참여",", "&O$4,"") | BA64: =AZ64&IF($P64="참여",", "&P$4,"") | BB64: =BA64&IF($Q64="참여",", "&Q$4,"") | BC64: =BB64&IF($R64="참여",", "&R$4,"") | BD64: =BC64&IF($S64="참여",", "&S$4,"") | BE64: =BD64&IF($T64="참여",", "&T$4,"") | BF64: =BE64&IF($U64="참여",", "&U$4,"") | BG64: =BF64&IF($V64="참여",", "&V$4,"") | BH64: =BG64&IF($W64="참여",", "&W$4,"") | BI64: =BH64&IF($X64="참여",", "&X$4,"") | BJ64: =BI64&IF($Y64="참여",", "&Y$4,"") | BK64: =BJ64&IF($Z64="참여",", "&Z$4,"") | BL64: =BK64&IF($AA64="참여",", "&AA$4,"") | BM64: =BL64&IF($AB64="참여",", "&AB$4,"") | BN64: =BM64&IF($AC64="참여",", "&AC$4,"") | BO64: =BN64&IF($AD64="참여",", "&AD$4,"") | BP64: =BO64&IF($AE64="참여",", "&AE$4,"")

Sheet 사업마스터
A1: 사업 마스터 · 사업 등록 및 예산 관리
A2: ※ 사업을 여기 한 번만 등록하면 [사업추진일지]에서 사업번호만 골라도 사업명이 자동으로 채워집니다. ※ 예산이 없는 사업은 [예산액]을 비워 두세요 — 집행률·잔액은 빈칸으로 남습니다. ※ 현재 단계·진척률·집행액은 [사업추진일지]에서 자동으로 올라옵니다.
A4: 사업번호 | B4: 사업명 | C4: 연도 | D4: 사업 구분 | E4: 주관팀 | F4: 총괄 담당자 | G4: 예산액(원) | H4: 집행액(원) | I4: 집행률 | J4: 잔액(원) | K4: 착수예정일 | L4: 완료예정일 | M4: 현재 단계 | N4: 진척률 | O4: 추진 건수 | P4: 진행상태 | Q4: 비고 | R4: ▼ 최고 추진단계 순번 (지우지 마세요)
H5: =IF($A5="","",SUMIFS(사업추진일지!$I$5:$I$404,사업추진일지!$C$5:$C$404,$A5)) | I5: =IF(OR($A5="",$G5="",$G5=0),"",$H5/$G5) | J5: =IF(OR($A5="",$G5=""),"",$G5-$H5) | M5: =IF($A5="","",IF($S5=0,"미착수",INDEX(코드설정!$S$5:$S$10,$S5))) | N5: =IF($A5="","",IF($S5=0,0,INDEX(코드설정!$T$5:$T$10,$S5))) | O5: =IF($A5="","",COUNTIF(사업추진일지!$C$5:$C$404,$A5)) | S5: =IF($A5="",0,SUMPRODUCT(MAX((사업추진일지!$C$5:$C$404=$A5)*사업추진일지!$N$5:$N$404)))
H6: =IF($A6="","",SUMIFS(사업추진일지!$I$5:$I$404,사업추진일지!$C$5:$C$404,$A6)) | I6: =IF(OR($A6="",$G6="",$G6=0),"",$H6/$G6) | J6: =IF(OR($A6="",$G6=""),"",$G6-$H6) | M6: =IF($A6="","",IF($S6=0,"미착수",INDEX(코드설정!$S$5:$S$10,$S6))) | N6: =IF($A6="","",IF($S6=0,0,INDEX(코드설정!$T$5:$T$10,$S6))) | O6: =IF($A6="","",COUNTIF(사업추진일지!$C$5:$C$404,$A6)) | S6: =IF($A6="",0,SUMPRODUCT(MAX((사업추진일지!$C$5:$C$404=$A6)*사업추진일지!$N$5:$N$404)))
H7: =IF($A7="","",SUMIFS(사업추진일지!$I$5:$I$404,사업추진일지!$C$5:$C$404,$A7)) | I7: =IF(OR($A7="",$G7="",$G7=0),"",$H7/$G7) | J7: =IF(OR($A7="",$G7=""),"",$G7-$H7) | M7: =IF($A7="","",IF($S7=0,"미착수",INDEX(코드설정!$S$5:$S$10,$S7))) | N7: =IF($A7="","",IF($S7=0,0,INDEX(코드설정!$T$5:$T$10,$S7))) | O7: =IF($A7="","",COUNTIF(사업추진일지!$C$5:$C$404,$A7)) | S7: =IF($A7="",0,SUMPRODUCT(MAX((사업추진일지!$C$5:$C$404=$A7)*사업추진일지!$N$5:$N$404)))
H8: =IF($A8="","",SUMIFS(사업추진일지!$I$5:$I$404,사업추진일지!$C$5:$C$404,$A8)) | I8: =IF(OR($A8="",$G8="",$G8=0),"",$H8/$G8) | J8: =IF(OR($A8="",$G8=""),"",$G8-$H8) | M8: =IF($A8="","",IF($S8=0,"미착수",INDEX(코드설정!$S$5:$S$10,$S8))) | N8: =IF($A8="","",IF($S8=0,0,INDEX(코드설정!$T$5:$T$10,$S8))) | O8: =IF($A8="","",COUNTIF(사업추진일지!$C$5:$C$404,$A8)) | S8: =IF($A8="",0,SUMPRODUCT(MAX((사업추진일지!$C$5:$C$404=$A8)*사업추진일지!$N$5:$N$404)))
H9: =IF($A9="","",SUMIFS(사업추진일지!$I$5:$I$404,사업추진일지!$C$5:$C$404,$A9)) | I9: =IF(OR($A9="",$G9="",$G9=0),"",$H9/$G9) | J9: =IF(OR($A9="",$G9=""),"",$G9-$H9) | M9: =IF($A9="","",IF($S9=0,"미착수",INDEX(코드설정!$S$5:$S$10,$S9))) | N9: =IF($A9="","",IF($S9=0,0,INDEX(코드설정!$T$5:$T$10,$S9))) | O9: =IF($A9="","",COUNTIF(사업추진일지!$C$5:$C$404,$A9)) | S9: =IF($A9="",0,SUMPRODUCT(MAX((사업추진일지!$C$5:$C$404=$A9)*사업추진일지!$N$5:$N$404)))
H10: =IF($A10="","",SUMIFS(사업추진일지!$I$5:$I$404,사업추진일지!$C$5:$C$404,$A10)) | I10: =IF(OR($A10="",$G10="",$G10=0),"",$H10/$G10) | J10: =IF(OR($A10="",$G10=""),"",$G10-$H10) | M10: =IF($A10="","",IF($S10=0,"미착수",INDEX(코드설정!$S$5:$S$10,$S10))) | N10: =IF($A10="","",IF($S10=0,0,INDEX(코드설정!$T$5:$T$10,$S10))) | O10: =IF($A10="","",COUNTIF(사업추진일지!$C$5:$C$404,$A10)) | S10: =IF($A10="",0,SUMPRODUCT(MAX((사업추진일지!$C$5:$C$404=$A10)*사업추진일지!$N$5:$N$404)))
H11: =IF($A11="","",SUMIFS(사업추진일지!$I$5:$I$404,사업추진일지!$C$5:$C$404,$A11)) | I11: =IF(OR($A11="",$G11="",$G11=0),"",$H11/$G11) | J11: =IF(OR($A11="",$G11=""),"",$G11-$H11) | M11: =IF($A11="","",IF($S11=0,"미착수",INDEX(코드설정!$S$5:$S$10,$S11))) | N11: =IF($A11="","",IF($S11=0,0,INDEX(코드설정!$T$5:$T$10,$S11))) | O11: =IF($A11="","",COUNTIF(사업추진일지!$C$5:$C$404,$A11)) | S11: =IF($A11="",0,SUMPRODUCT(MAX((사업추진일지!$C$5:$C$404=$A11)*사업추진일지!$N$5:$N$404)))
H12: =IF($A12="","",SUMIFS(사업추진일지!$I$5:$I$404,사업추진일지!$C$5:$C$404,$A12)) | I12: =IF(OR($A12="",$G12="",$G12=0),"",$H12/$G12) | J12: =IF(OR($A12="",$G12=""),"",$G12-$H12) | M12: =IF($A12="","",IF($S12=0,"미착수",INDEX(코드설정!$S$5:$S$10,$S12))) | N12: =IF($A12="","",IF($S12=0,0,INDEX(코드설정!$T$5:$T$10,$S12))) | O12: =IF($A12="","",COUNTIF(사업추진일지!$C$5:$C$404,$A12)) | S12: =IF($A12="",0,SUMPRODUCT(MAX((사업추진일지!$C$5:$C$404=$A12)*사업추진일지!$N$5:$N$404)))
H13: =IF($A13="","",SUMIFS(사업추진일지!$I$5:$I$404,사업추진일지!$C$5:$C$404,$A13)) | I13: =IF(OR($A13="",$G13="",$G13=0),"",$H13/$G13) | J13: =IF(OR($A13="",$G13=""),"",$G13-$H13) | M13: =IF($A13="","",IF($S13=0,"미착수",INDEX(코드설정!$S$5:$S$10,$S13))) | N13: =IF($A13="","",IF($S13=0,0,INDEX(코드설정!$T$5:$T$10,$S13))) | O13: =IF($A13="","",COUNTIF(사업추진일지!$C$5:$C$404,$A13)) | S13: =IF($A13="",0,SUMPRODUCT(MAX((사업추진일지!$C$5:$C$404=$A13)*사업추진일지!$N$5:$N$404)))
H14: =IF($A14="","",SUMIFS(사업추진일지!$I$5:$I$404,사업추진일지!$C$5:$C$404,$A14)) | I14: =IF(OR($A14="",$G14="",$G14=0),"",$H14/$G14) | J14: =IF(OR($A14="",$G14=""),"",$G14-$H14) | M14: =IF($A14="","",IF($S14=0,"미착수",INDEX(코드설정!$S$5:$S$10,$S14))) | N14: =IF($A14="","",IF($S14=0,0,INDEX(코드설정!$T$5:$T$10,$S14))) | O14: =IF($A14="","",COUNTIF(사업추진일지!$C$5:$C$404,$A14)) | S14: =IF($A14="",0,SUMPRODUCT(MAX((사업추진일지!$C$5:$C$404=$A14)*사업추진일지!$N$5:$N$404)))
H15: =IF($A15="","",SUMIFS(사업추진일지!$I$5:$I$404,사업추진일지!$C$5:$C$404,$A15)) | I15: =IF(OR($A15="",$G15="",$G15=0),"",$H15/$G15) | J15: =IF(OR($A15="",$G15=""),"",$G15-$H15) | M15: =IF($A15="","",IF($S15=0,"미착수",INDEX(코드설정!$S$5:$S$10,$S15))) | N15: =IF($A15="","",IF($S15=0,0,INDEX(코드설정!$T$5:$T$10,$S15))) | O15: =IF($A15="","",COUNTIF(사업추진일지!$C$5:$C$404,$A15)) | S15: =IF($A15="",0,SUMPRODUCT(MAX((사업추진일지!$C$5:$C$404=$A15)*사업추진일지!$N$5:$N$404)))
H16: =IF($A16="","",SUMIFS(사업추진일지!$I$5:$I$404,사업추진일지!$C$5:$C$404,$A16)) | I16: =IF(OR($A16="",$G16="",$G16=0),"",$H16/$G16) | J16: =IF(OR($A16="",$G16=""),"",$G16-$H16) | M16: =IF($A16="","",IF($S16=0,"미착수",INDEX(코드설정!$S$5:$S$10,$S16))) | N16: =IF($A16="","",IF($S16=0,0,INDEX(코드설정!$T$5:$T$10,$S16))) | O16: =IF($A16="","",COUNTIF(사업추진일지!$C$5:$C$404,$A16)) | S16: =IF($A16="",0,SUMPRODUCT(MAX((사업추진일지!$C$5:$C$404=$A16)*사업추진일지!$N$5:$N$404)))
... H34: =IF($A34="","",SUMIFS(사업추진일지!$I$5:$I$404,사업추진일지!$C$5:$C$404,$A34)) | I34: =IF(OR($A34="",$G34="",$G34=0),"",$H34/$G34) | J34: =IF(OR($A34="",$G34=""),"",$G34-$H34) | M34: =IF($A34="","",IF($S34=0,"미착수",INDEX(코드설정!$S$5:$S$10,$S34))) | N34: =IF($A34="","",IF($S34=0,0,INDEX(코드설정!$T$5:$T$10,$S34))) | O34: =IF($A34="","",COUNTIF(사업추진일지!$C$5:$C$404,$A34)) | S34: =IF($A34="",0,SUMPRODUCT(MAX((사업추진일지!$C$5:$C$404=$A34)*사업추진일지!$N$5:$N$404)))

Sheet 사업추진일지
A1: 사업 추진일지 · 사업별 추진 경과 기록
A2: ※ 사업이 한 일을 날짜별로 한 줄씩 씁니다. 사업번호를 고르면 사업명이 자동으로 채워집니다. ※ 추진 단계는 선택 입력입니다 — 적으면 [사업마스터]의 현재 단계·진척률이 올라가고, 비워 두면 시간순 기록으로만 남습니다. ※ 집행액은 그 건에서 쓴 금액입니다. 예산 없는 사업이면 비워 두세요.
A4: 연번 | B4: 일자 | C4: 사업번호 | D4: 사업명(자동) | E4: 추진 단계 | F4: 추진 내용 | G4: 조치 · 결과 | H4: 담당자 | I4: 집행액(원) | J4: 증빙 · 문서번호 | K4: 진행상태 | L4: 비고 | M4: ▼ 추진단계 순번 (지우지 마세요)
A5: =IF($B5="","",COUNT($B$5:$B5)) | D5: =IF($C5="","",IFERROR(INDEX(사업마스터!$B$5:$B$34,MATCH($C5,사업마스터!$A$5:$A$34,0)),"※ 미등록 사업번호")) | N5: =IFERROR(MATCH($E5,코드설정!$S$5:$S$10,0),0)
A6: =IF($B6="","",COUNT($B$5:$B6)) | D6: =IF($C6="","",IFERROR(INDEX(사업마스터!$B$5:$B$34,MATCH($C6,사업마스터!$A$5:$A$34,0)),"※ 미등록 사업번호")) | N6: =IFERROR(MATCH($E6,코드설정!$S$5:$S$10,0),0)
A7: =IF($B7="","",COUNT($B$5:$B7)) | D7: =IF($C7="","",IFERROR(INDEX(사업마스터!$B$5:$B$34,MATCH($C7,사업마스터!$A$5:$A$34,0)),"※ 미등록 사업번호")) | N7: =IFERROR(MATCH($E7,코드설정!$S$5:$S$10,0),0)
A8: =IF($B8="","",COUNT($B$5:$B8)) | D8: =IF($C8="","",IFERROR(INDEX(사업마스터!$B$5:$B$34,MATCH($C8,사업마스터!$A$5:$A$34,0)),"※ 미등록 사업번호")) | N8: =IFERROR(MATCH($E8,코드설정!$S$5:$S$10,0),0)
A9: =IF($B9="","",COUNT($B$5:$B9)) | D9: =IF($C9="","",IFERROR(INDEX(사업마스터!$B$5:$B$34,MATCH($C9,사업마스터!$A$5:$A$34,0)),"※ 미등록 사업번호")) | N9: =IFERROR(MATCH($E9,코드설정!$S$5:$S$10,0),0)
A10: =IF($B10="","",COUNT($B$5:$B10)) | D10: =IF($C10="","",IFERROR(INDEX(사업마스터!$B$5:$B$34,MATCH($C10,사업마스터!$A$5:$A$34,0)),"※ 미등록 사업번호")) | N10: =IFERROR(MATCH($E10,코드설정!$S$5:$S$10,0),0)
A11: =IF($B11="","",COUNT($B$5:$B11)) | D11: =IF($C11="","",IFERROR(INDEX(사업마스터!$B$5:$B$34,MATCH($C11,사업마스터!$A$5:$A$34,0)),"※ 미등록 사업번호")) | N11: =IFERROR(MATCH($E11,코드설정!$S$5:$S$10,0),0)
A12: =IF($B12="","",COUNT($B$5:$B12)) | D12: =IF($C12="","",IFERROR(INDEX(사업마스터!$B$5:$B$34,MATCH($C12,사업마스터!$A$5:$A$34,0)),"※ 미등록 사업번호")) | N12: =IFERROR(MATCH($E12,코드설정!$S$5:$S$10,0),0)
A13: =IF($B13="","",COUNT($B$5:$B13)) | D13: =IF($C13="","",IFERROR(INDEX(사업마스터!$B$5:$B$34,MATCH($C13,사업마스터!$A$5:$A$34,0)),"※ 미등록 사업번호")) | N13: =IFERROR(MATCH($E13,코드설정!$S$5:$S$10,0),0)
A14: =IF($B14="","",COUNT($B$5:$B14)) | D14: =IF($C14="","",IFERROR(INDEX(사업마스터!$B$5:$B$34,MATCH($C14,사업마스터!$A$5:$A$34,0)),"※ 미등록 사업번호")) | N14: =IFERROR(MATCH($E14,코드설정!$S$5:$S$10,0),0)
A15: =IF($B15="","",COUNT($B$5:$B15)) | D15: =IF($C15="","",IFERROR(INDEX(사업마스터!$B$5:$B$34,MATCH($C15,사업마스터!$A$5:$A$34,0)),"※ 미등록 사업번호")) | N15: =IFERROR(MATCH($E15,코드설정!$S$5:$S$10,0),0)
A16: =IF($B16="","",COUNT($B$5:$B16)) | D16: =IF($C16="","",IFERROR(INDEX(사업마스터!$B$5:$B$34,MATCH($C16,사업마스터!$A$5:$A$34,0)),"※ 미등록 사업번호")) | N16: =IFERROR(MATCH($E16,코드설정!$S$5:$S$10,0),0)
... A404: =IF($B404="","",COUNT($B$5:$B404)) | D404: =IF($C404="","",IFERROR(INDEX(사업마스터!$B$5:$B$34,MATCH($C404,사업마스터!$A$5:$A$34,0)),"※ 미등록 사업번호")) | N404: =IFERROR(MATCH($E404,코드설정!$S$5:$S$10,0),0)

Sheet 장비·매체 관리
A1: 장비 · 매체 관리 · 대장 및 불출 이력
A2: ※ 위쪽 [대장]에 장비를 한 번 등록하고, 아래쪽 [불출·반납 이력]에 관리번호를 골라 나갈 때마다 한 줄씩 씁니다. ※ 반납일을 비워 두면 '사용중', 반납예정일이 지나면 '연체'로 자동 표시됩니다. ※ 파란 글씨만 입력.
A4: 1. 장비 · 매체 대장
A5: 관리번호 | B5: 구분 | C5: 품명 · 모델 | D5: 자산번호 / S/N | E5: 보유팀 | F5: 상태 | G5: 최근 점검일 | H5: 현재 불출 | I5: 누적 불출 | J5: 비고
H6: =IF($A6="","",IF(COUNTIFS($B$109:$B$508,$A6,$G$109:$G$508,"")>0,"불출중","보관중")) | I6: =IF($A6="","",COUNTIF($B$109:$B$508,$A6))
H7: =IF($A7="","",IF(COUNTIFS($B$109:$B$508,$A7,$G$109:$G$508,"")>0,"불출중","보관중")) | I7: =IF($A7="","",COUNTIF($B$109:$B$508,$A7))
H8: =IF($A8="","",IF(COUNTIFS($B$109:$B$508,$A8,$G$109:$G$508,"")>0,"불출중","보관중")) | I8: =IF($A8="","",COUNTIF($B$109:$B$508,$A8))
H9: =IF($A9="","",IF(COUNTIFS($B$109:$B$508,$A9,$G$109:$G$508,"")>0,"불출중","보관중")) | I9: =IF($A9="","",COUNTIF($B$109:$B$508,$A9))
H10: =IF($A10="","",IF(COUNTIFS($B$109:$B$508,$A10,$G$109:$G$508,"")>0,"불출중","보관중")) | I10: =IF($A10="","",COUNTIF($B$109:$B$508,$A10))
H11: =IF($A11="","",IF(COUNTIFS($B$109:$B$508,$A11,$G$109:$G$508,"")>0,"불출중","보관중")) | I11: =IF($A11="","",COUNTIF($B$109:$B$508,$A11))
H12: =IF($A12="","",IF(COUNTIFS($B$109:$B$508,$A12,$G$109:$G$508,"")>0,"불출중","보관중")) | I12: =IF($A12="","",COUNTIF($B$109:$B$508,$A12))
H13: =IF($A13="","",IF(COUNTIFS($B$109:$B$508,$A13,$G$109:$G$508,"")>0,"불출중","보관중")) | I13: =IF($A13="","",COUNTIF($B$109:$B$508,$A13))
H14: =IF($A14="","",IF(COUNTIFS($B$109:$B$508,$A14,$G$109:$G$508,"")>0,"불출중","보관중")) | I14: =IF($A14="","",COUNTIF($B$109:$B$508,$A14))
H15: =IF($A15="","",IF(COUNTIFS($B$109:$B$508,$A15,$G$109:$G$508,"")>0,"불출중","보관중")) | I15: =IF($A15="","",COUNTIF($B$109:$B$508,$A15))
H16: =IF($A16="","",IF(COUNTIFS($B$109:$B$508,$A16,$G$109:$G$508,"")>0,"불출중","보관중")) | I16: =IF($A16="","",COUNTIF($B$109:$B$508,$A16))
H17: =IF($A17="","",IF(COUNTIFS($B$109:$B$508,$A17,$G$109:$G$508,"")>0,"불출중","보관중")) | I17: =IF($A17="","",COUNTIF($B$109:$B$508,$A17))
... H105: =IF($A105="","",IF(COUNTIFS($B$109:$B$508,$A105,$G$109:$G$508,"")>0,"불출중","보관중")) | I105: =IF($A105="","",COUNTIF($B$109:$B$508,$A105))
A107: 2. 불출 · 반납 이력
A108: 연번 | B108: 관리번호 | C108: 품명(자동) | D108: 관련 사건번호 | E108: 불출일 | F108: 반납예정일 | G108: 반납일 | H108: 사용자 | I108: 용도 / 반출 사유 | J108: 상태(자동) | K108: 비고
A109: =IF($B109="","",1-COUNTBLANK($B$109:$B109)) | C109: =IF($B109="","",IFERROR(INDEX($C$6:$C$105,MATCH($B109,$A$6:$A$105,0)),"※ 미등록 관리번호")) | J109: =IF($E109="","",IF($G109<>"","반납완료",IF(AND($F109<>"",$F109<TODAY()),"연체","사용중")))
A110: =IF($B110="","",2-COUNTBLANK($B$109:$B110)) | C110: =IF($B110="","",IFERROR(INDEX($C$6:$C$105,MATCH($B110,$A$6:$A$105,0)),"※ 미등록 관리번호")) | J110: =IF($E110="","",IF($G110<>"","반납완료",IF(AND($F110<>"",$F110<TODAY()),"연체","사용중")))
A111: =IF($B111="","",3-COUNTBLANK($B$109:$B111)) | C111: =IF($B111="","",IFERROR(INDEX($C$6:$C$105,MATCH($B111,$A$6:$A$105,0)),"※ 미등록 관리번호")) | J111: =IF($E111="","",IF($G111<>"","반납완료",IF(AND($F111<>"",$F111<TODAY()),"연체","사용중")))
A112: =IF($B112="","",4-COUNTBLANK($B$109:$B112)) | C112: =IF($B112="","",IFERROR(INDEX($C$6:$C$105,MATCH($B112,$A$6:$A$105,0)),"※ 미등록 관리번호")) | J112: =IF($E112="","",IF($G112<>"","반납완료",IF(AND($F112<>"",$F112<TODAY()),"연체","사용중")))
A113: =IF($B113="","",5-COUNTBLANK($B$109:$B113)) | C113: =IF($B113="","",IFERROR(INDEX($C$6:$C$105,MATCH($B113,$A$6:$A$105,0)),"※ 미등록 관리번호")) | J113: =IF($E113="","",IF($G113<>"","반납완료",IF(AND($F113<>"",$F113<TODAY()),"연체","사용중")))
A114: =IF($B114="","",6-COUNTBLANK($B$109:$B114)) | C114: =IF($B114="","",IFERROR(INDEX($C$6:$C$105,MATCH($B114,$A$6:$A$105,0)),"※ 미등록 관리번호")) | J114: =IF($E114="","",IF($G114<>"","반납완료",IF(AND($F114<>"",$F114<TODAY()),"연체","사용중")))
A115: =IF($B115="","",7-COUNTBLANK($B$109:$B115)) | C115: =IF($B115="","",IFERROR(INDEX($C$6:$C$105,MATCH($B115,$A$6:$A$105,0)),"※ 미등록 관리번호")) | J115: =IF($E115="","",IF($G115<>"","반납완료",IF(AND($F115<>"",$F115<TODAY()),"연체","사용중")))
A116: =IF($B116="","",8-COUNTBLANK($B$109:$B116)) | C116: =IF($B116="","",IFERROR(INDEX($C$6:$C$105,MATCH($B116,$A$6:$A$105,0)),"※ 미등록 관리번호")) | J116: =IF($E116="","",IF($G116<>"","반납완료",IF(AND($F116<>"",$F116<TODAY()),"연체","사용중")))
A117: =IF($B117="","",9-COUNTBLANK($B$109:$B117)) | C117: =IF($B117="","",IFERROR(INDEX($C$6:$C$105,MATCH($B117,$A$6:$A$105,0)),"※ 미등록 관리번호")) | J117: =IF($E117="","",IF($G117<>"","반납완료",IF(AND($F117<>"",$F117<TODAY()),"연체","사용중")))
A118: =IF($B118="","",10-COUNTBLANK($B$109:$B118)) | C118: =IF($B118="","",IFERROR(INDEX($C$6:$C$105,MATCH($B118,$A$6:$A$105,0)),"※ 미등록 관리번호")) | J118: =IF($E118="","",IF($G118<>"","반납완료",IF(AND($F118<>"",$F118<TODAY()),"연체","사용중")))
A119: =IF($B119="","",11-COUNTBLANK($B$109:$B119)) | C119: =IF($B119="","",IFERROR(INDEX($C$6:$C$105,MATCH($B119,$A$6:$A$105,0)),"※ 미등록 관리번호")) | J119: =IF($E119="","",IF($G119<>"","반납완료",IF(AND($F119<>"",$F119<TODAY()),"연체","사용중")))
A120: =IF($B120="","",12-COUNTBLANK($B$109:$B120)) | C120: =IF($B120="","",IFERROR(INDEX($C$6:$C$105,MATCH($B120,$A$6:$A$105,0)),"※ 미등록 관리번호")) | J120: =IF($E120="","",IF($G120<>"","반납완료",IF(AND($F120<>"",$F120<TODAY()),"연체","사용중")))
A121: =IF($B121="","",13-COUNTBLANK($B$109:$B121)) | C121: =IF($B121="","",IFERROR(INDEX($C$6:$C$105,MATCH($B121,$A$6:$A$105,0)),"※ 미등록 관리번호")) | J121: =IF($E121="","",IF($G121<>"","반납완료",IF(AND($F121<>"",$F121<TODAY()),"연체","사용중")))
A122: =IF($B122="","",14-COUNTBLANK($B$109:$B122)) | C122: =IF($B122="","",IFERROR(INDEX($C$6:$C$105,MATCH($B122,$A$6:$A$105,0)),"※ 미등록 관리번호")) | J122: =IF($E122="","",IF($G122<>"","반납완료",IF(AND($F122<>"",$F122<TODAY()),"연체","사용중")))
A123: =IF($B123="","",15-COUNTBLANK($B$109:$B123)) | C123: =IF($B123="","",IFERROR(INDEX($C$6:$C$105,MATCH($B123,$A$6:$A$105,0)),"※ 미등록 관리번호")) | J123: =IF($E123="","",IF($G123<>"","반납완료",IF(AND($F123<>"",$F123<TODAY()),"연체","사용중")))
A124: =IF($B124="","",16-COUNTBLANK($B$109:$B124)) | C124: =IF($B124="","",IFERROR(INDEX($C$6:$C$105,MATCH($B124,$A$6:$A$105,0)),"※ 미등록 관리번호")) | J124: =IF($E124="","",IF($G124<>"","반납완료",IF(AND($F124<>"",$F124<TODAY()),"연체","사용중")))
A125: =IF($B125="","",17-COUNTBLANK($B$109:$B125)) | C125: =IF($B125="","",IFERROR(INDEX($C$6:$C$105,MATCH($B125,$A$6:$A$105,0)),"※ 미등록 관리번호")) | J125: =IF($E125="","",IF($G125<>"","반납완료",IF(AND($F125<>"",$F125<TODAY()),"연체","사용중")))
A126: =IF($B126="","",18-COUNTBLANK($B$109:$B126)) | C126: =IF($B126="","",IFERROR(INDEX($C$6:$C$105,MATCH($B126,$A$6:$A$105,0)),"※ 미등록 관리번호")) | J126: =IF($E126="","",IF($G126<>"","반납완료",IF(AND($F126<>"",$F126<TODAY()),"연체","사용중")))
A127: =IF($B127="","",19-COUNTBLANK($B$109:$B127)) | C127: =IF($B127="","",IFERROR(INDEX($C$6:$C$105,MATCH($B127,$A$6:$A$105,0)),"※ 미등록 관리번호")) | J127: =IF($E127="","",IF($G127<>"","반납완료",IF(AND($F127<>"",$F127<TODAY()),"연체","사용중")))
A128: =IF($B128="","",20-COUNTBLANK($B$109:$B128)) | C128: =IF($B128="","",IFERROR(INDEX($C$6:$C$105,MATCH($B128,$A$6:$A$105,0)),"※ 미등록 관리번호")) | J128: =IF($E128="","",IF($G128<>"","반납완료",IF(AND($F128<>"",$F128<TODAY()),"연체","사용중")))
A129: =IF($B129="","",21-COUNTBLANK($B$109:$B129)) | C129: =IF($B129="","",IFERROR(INDEX($C$6:$C$105,MATCH($B129,$A$6:$A$105,0)),"※ 미등록 관리번호")) | J129: =IF($E129="","",IF($G129<>"","반납완료",IF(AND($F129<>"",$F129<TODAY()),"연체","사용중")))
A130: =IF($B130="","",22-COUNTBLANK($B$109:$B130)) | C130: =IF($B130="","",IFERROR(INDEX($C$6:$C$105,MATCH($B130,$A$6:$A$105,0)),"※ 미등록 관리번호")) | J130: =IF($E130="","",IF($G130<>"","반납완료",IF(AND($F130<>"",$F130<TODAY()),"연체","사용중")))
A131: =IF($B131="","",23-COUNTBLANK($B$109:$B131)) | C131: =IF($B131="","",IFERROR(INDEX($C$6:$C$105,MATCH($B131,$A$6:$A$105,0)),"※ 미등록 관리번호")) | J131: =IF($E131="","",IF($G131<>"","반납완료",IF(AND($F131<>"",$F131<TODAY()),"연체","사용중")))
A132: =IF($B132="","",24-COUNTBLANK($B$109:$B132)) | C132: =IF($B132="","",IFERROR(INDEX($C$6:$C$105,MATCH($B132,$A$6:$A$105,0)),"※ 미등록 관리번호")) | J132: =IF($E132="","",IF($G132<>"","반납완료",IF(AND($F132<>"",$F132<TODAY()),"연체","사용중")))
A133: =IF($B133="","",25-COUNTBLANK($B$109:$B133)) | C133: =IF($B133="","",IFERROR(INDEX($C$6:$C$105,MATCH($B133,$A$6:$A$105,0)),"※ 미등록 관리번호")) | J133: =IF($E133="","",IF($G133<>"","반납완료",IF(AND($F133<>"",$F133<TODAY()),"연체","사용중")))
A134: =IF($B134="","",26-COUNTBLANK($B$109:$B134)) | C134: =IF($B134="","",IFERROR(INDEX($C$6:$C$105,MATCH($B134,$A$6:$A$105,0)),"※ 미등록 관리번호")) | J134: =IF($E134="","",IF($G134<>"","반납완료",IF(AND($F134<>"",$F134<TODAY()),"연체","사용중")))
A135: =IF($B135="","",27-COUNTBLANK($B$109:$B135)) | C135: =IF($B135="","",IFERROR(INDEX($C$6:$C$105,MATCH($B135,$A$6:$A$105,0)),"※ 미등록 관리번호")) | J135: =IF($E135="","",IF($G135<>"","반납완료",IF(AND($F135<>"",$F135<TODAY()),"연체","사용중")))
A136: =IF($B136="","",28-COUNTBLANK($B$109:$B136)) | C136: =IF($B136="","",IFERROR(INDEX($C$6:$C$105,MATCH($B136,$A$6:$A$105,0)),"※ 미등록 관리번호")) | J136: =IF($E136="","",IF($G136<>"","반납완료",IF(AND($F136<>"",$F136<TODAY()),"연체","사용중")))
A137: =IF($B137="","",29-COUNTBLANK($B$109:$B137)) | C137: =IF($B137="","",IFERROR(INDEX($C$6:$C$105,MATCH($B137,$A$6:$A$105,0)),"※ 미등록 관리번호")) | J137: =IF($E137="","",IF($G137<>"","반납완료",IF(AND($F137<>"",$F137<TODAY()),"연체","사용중")))
A138: =IF($B138="","",30-COUNTBLANK($B$109:$B138)) | C138: =IF($B138="","",IFERROR(INDEX($C$6:$C$105,MATCH($B138,$A$6:$A$105,0)),"※ 미등록 관리번호")) | J138: =IF($E138="","",IF($G138<>"","반납완료",IF(AND($F138<>"",$F138<TODAY()),"연체","사용중")))
A139: =IF($B139="","",31-COUNTBLANK($B$109:$B139)) | C139: =IF($B139="","",IFERROR(INDEX($C$6:$C$105,MATCH($B139,$A$6:$A$105,0)),"※ 미등록 관리번호")) | J139: =IF($E139="","",IF($G139<>"","반납완료",IF(AND($F139<>"",$F139<TODAY()),"연체","사용중")))
A140: =IF($B140="","",32-COUNTBLANK($B$109:$B140)) | C140: =IF($B140="","",IFERROR(INDEX($C$6:$C$105,MATCH($B140,$A$6:$A$105,0)),"※ 미등록 관리번호")) | J140: =IF($E140="","",IF($G140<>"","반납완료",IF(AND($F140<>"",$F140<TODAY()),"연체","사용중")))
A141: =IF($B141="","",33-COUNTBLANK($B$109:$B141)) | C141: =IF($B141="","",IFERROR(INDEX($C$6:$C$105,MATCH($B141,$A$6:$A$105,0)),"※ 미등록 관리번호")) | J141: =IF($E141="","",IF($G141<>"","반납완료",IF(AND($F141<>"",$F141<TODAY()),"연체","사용중")))
A142: =IF($B142="","",34-COUNTBLANK($B$109:$B142)) | C142: =IF($B142="","",IFERROR(INDEX($C$6:$C$105,MATCH($B142,$A$6:$A$105,0)),"※ 미등록 관리번호")) | J142: =IF($E142="","",IF($G142<>"","반납완료",IF(AND($F142<>"",$F142<TODAY()),"연체","사용중")))
A143: =IF($B143="","",35-COUNTBLANK($B$109:$B143)) | C143: =IF($B143="","",IFERROR(INDEX($C$6:$C$105,MATCH($B143,$A$6:$A$105,0)),"※ 미등록 관리번호")) | J143: =IF($E143="","",IF($G143<>"","반납완료",IF(AND($F143<>"",$F143<TODAY()),"연체","사용중")))
A144: =IF($B144="","",36-COUNTBLANK($B$109:$B144)) | C144: =IF($B144="","",IFERROR(INDEX($C$6:$C$105,MATCH($B144,$A$6:$A$105,0)),"※ 미등록 관리번호")) | J144: =IF($E144="","",IF($G144<>"","반납완료",IF(AND($F144<>"",$F144<TODAY()),"연체","사용중")))
A145: =IF($B145="","",37-COUNTBLANK($B$109:$B145)) | C145: =IF($B145="","",IFERROR(INDEX($C$6:$C$105,MATCH($B145,$A$6:$A$105,0)),"※ 미등록 관리번호")) | J145: =IF($E145="","",IF($G145<>"","반납완료",IF(AND($F145<>"",$F145<TODAY()),"연체","사용중")))
A146: =IF($B146="","",38-COUNTBLANK($B$109:$B146)) | C146: =IF($B146="","",IFERROR(INDEX($C$6:$C$105,MATCH($B146,$A$6:$A$105,0)),"※ 미등록 관리번호")) | J146: =IF($E146="","",IF($G146<>"","반납완료",IF(AND($F146<>"",$F146<TODAY()),"연체","사용중")))
A147: =IF($B147="","",39-COUNTBLANK($B$109:$B147)) | C147: =IF($B147="","",IFERROR(INDEX($C$6:$C$105,MATCH($B147,$A$6:$A$105,0)),"※ 미등록 관리번호")) | J147: =IF($E147="","",IF($G147<>"","반납완료",IF(AND($F147<>"",$F147<TODAY()),"연체","사용중")))
A148: =IF($B148="","",40-COUNTBLANK($B$109:$B148)) | C148: =IF($B148="","",IFERROR(INDEX($C$6:$C$105,MATCH($B148,$A$6:$A$105,0)),"※ 미등록 관리번호")) | J148: =IF($E148="","",IF($G148<>"","반납완료",IF(AND($F148<>"",$F148<TODAY()),"연체","사용중")))
A149: =IF($B149="","",41-COUNTBLANK($B$109:$B149)) | C149: =IF($B149="","",IFERROR(INDEX($C$6:$C$105,MATCH($B149,$A$6:$A$105,0)),"※ 미등록 관리번호")) | J149: =IF($E149="","",IF($G149<>"","반납완료",IF(AND($F149<>"",$F149<TODAY()),"연체","사용중")))
A150: =IF($B150="","",42-COUNTBLANK($B$109:$B150)) | C150: =IF($B150="","",IFERROR(INDEX($C$6:$C$105,MATCH($B150,$A$6:$A$105,0)),"※ 미등록 관리번호")) | J150: =IF($E150="","",IF($G150<>"","반납완료",IF(AND($F150<>"",$F150<TODAY()),"연체","사용중")))
A151: =IF($B151="","",43-COUNTBLANK($B$109:$B151)) | C151: =IF($B151="","",IFERROR(INDEX($C$6:$C$105,MATCH($B151,$A$6:$A$105,0)),"※ 미등록 관리번호")) | J151: =IF($E151="","",IF($G151<>"","반납완료",IF(AND($F151<>"",$F151<TODAY()),"연체","사용중")))
A152: =IF($B152="","",44-COUNTBLANK($B$109:$B152)) | C152: =IF($B152="","",IFERROR(INDEX($C$6:$C$105,MATCH($B152,$A$6:$A$105,0)),"※ 미등록 관리번호")) | J152: =IF($E152="","",IF($G152<>"","반납완료",IF(AND($F152<>"",$F152<TODAY()),"연체","사용중")))
A153: =IF($B153="","",45-COUNTBLANK($B$109:$B153)) | C153: =IF($B153="","",IFERROR(INDEX($C$6:$C$105,MATCH($B153,$A$6:$A$105,0)),"※ 미등록 관리번호")) | J153: =IF($E153="","",IF($G153<>"","반납완료",IF(AND($F153<>"",$F153<TODAY()),"연체","사용중")))
A154: =IF($B154="","",46-COUNTBLANK($B$109:$B154)) | C154: =IF($B154="","",IFERROR(INDEX($C$6:$C$105,MATCH($B154,$A$6:$A$105,0)),"※ 미등록 관리번호")) | J154: =IF($E154="","",IF($G154<>"","반납완료",IF(AND($F154<>"",$F154<TODAY()),"연체","사용중")))
A155: =IF($B155="","",47-COUNTBLANK($B$109:$B155)) | C155: =IF($B155="","",IFERROR(INDEX($C$6:$C$105,MATCH($B155,$A$6:$A$105,0)),"※ 미등록 관리번호")) | J155: =IF($E155="","",IF($G155<>"","반납완료",IF(AND($F155<>"",$F155<TODAY()),"연체","사용중")))
A156: =IF($B156="","",48-COUNTBLANK($B$109:$B156)) | C156: =IF($B156="","",IFERROR(INDEX($C$6:$C$105,MATCH($B156,$A$6:$A$105,0)),"※ 미등록 관리번호")) | J156: =IF($E156="","",IF($G156<>"","반납완료",IF(AND($F156<>"",$F156<TODAY()),"연체","사용중")))
A157: =IF($B157="","",49-COUNTBLANK($B$109:$B157)) | C157: =IF($B157="","",IFERROR(INDEX($C$6:$C$105,MATCH($B157,$A$6:$A$105,0)),"※ 미등록 관리번호")) | J157: =IF($E157="","",IF($G157<>"","반납완료",IF(AND($F157<>"",$F157<TODAY()),"연체","사용중")))
A158: =IF($B158="","",50-COUNTBLANK($B$109:$B158)) | C158: =IF($B158="","",IFERROR(INDEX($C$6:$C$105,MATCH($B158,$A$6:$A$105,0)),"※ 미등록 관리번호")) | J158: =IF($E158="","",IF($G158<>"","반납완료",IF(AND($F158<>"",$F158<TODAY()),"연체","사용중")))
A159: =IF($B159="","",51-COUNTBLANK($B$109:$B159)) | C159: =IF($B159="","",IFERROR(INDEX($C$6:$C$105,MATCH($B159,$A$6:$A$105,0)),"※ 미등록 관리번호")) | J159: =IF($E159="","",IF($G159<>"","반납완료",IF(AND($F159<>"",$F159<TODAY()),"연체","사용중")))
A160: =IF($B160="","",52-COUNTBLANK($B$109:$B160)) | C160: =IF($B160="","",IFERROR(INDEX($C$6:$C$105,MATCH($B160,$A$6:$A$105,0)),"※ 미등록 관리번호")) | J160: =IF($E160="","",IF($G160<>"","반납완료",IF(AND($F160<>"",$F160<TODAY()),"연체","사용중")))
A161: =IF($B161="","",53-COUNTBLANK($B$109:$B161)) | C161: =IF($B161="","",IFERROR(INDEX($C$6:$C$105,MATCH($B161,$A$6:$A$105,0)),"※ 미등록 관리번호")) | J161: =IF($E161="","",IF($G161<>"","반납완료",IF(AND($F161<>"",$F161<TODAY()),"연체","사용중")))
A162: =IF($B162="","",54-COUNTBLANK($B$109:$B162)) | C162: =IF($B162="","",IFERROR(INDEX($C$6:$C$105,MATCH($B162,$A$6:$A$105,0)),"※ 미등록 관리번호")) | J162: =IF($E162="","",IF($G162<>"","반납완료",IF(AND($F162<>"",$F162<TODAY()),"연체","사용중")))
A163: =IF($B163="","",55-COUNTBLANK($B$109:$B163)) | C163: =IF($B163="","",IFERROR(INDEX($C$6:$C$105,MATCH($B163,$A$6:$A$105,0)),"※ 미등록 관리번호")) | J163: =IF($E163="","",IF($G163<>"","반납완료",IF(AND($F163<>"",$F163<TODAY()),"연체","사용중")))
A164: =IF($B164="","",56-COUNTBLANK($B$109:$B164)) | C164: =IF($B164="","",IFERROR(INDEX($C$6:$C$105,MATCH($B164,$A$6:$A$105,0)),"※ 미등록 관리번호")) | J164: =IF($E164="","",IF($G164<>"","반납완료",IF(AND($F164<>"",$F164<TODAY()),"연체","사용중")))
A165: =IF($B165="","",57-COUNTBLANK($B$109:$B165)) | C165: =IF($B165="","",IFERROR(INDEX($C$6:$C$105,MATCH($B165,$A$6:$A$105,0)),"※ 미등록 관리번호")) | J165: =IF($E165="","",IF($G165<>"","반납완료",IF(AND($F165<>"",$F165<TODAY()),"연체","사용중")))
A166: =IF($B166="","",58-COUNTBLANK($B$109:$B166)) | C166: =IF($B166="","",IFERROR(INDEX($C$6:$C$105,MATCH($B166,$A$6:$A$105,0)),"※ 미등록 관리번호")) | J166: =IF($E166="","",IF($G166<>"","반납완료",IF(AND($F166<>"",$F166<TODAY()),"연체","사용중")))
A167: =IF($B167="","",59-COUNTBLANK($B$109:$B167)) | C167: =IF($B167="","",IFERROR(INDEX($C$6:$C$105,MATCH($B167,$A$6:$A$105,0)),"※ 미등록 관리번호")) | J167: =IF($E167="","",IF($G167<>"","반납완료",IF(AND($F167<>"",$F167<TODAY()),"연체","사용중")))
A168: =IF($B168="","",60-COUNTBLANK($B$109:$B168)) | C168: =IF($B168="","",IFERROR(INDEX($C$6:$C$105,MATCH($B168,$A$6:$A$105,0)),"※ 미등록 관리번호")) | J168: =IF($E168="","",IF($G168<>"","반납완료",IF(AND($F168<>"",$F168<TODAY()),"연체","사용중")))
A169: =IF($B169="","",61-COUNTBLANK($B$109:$B169)) | C169: =IF($B169="","",IFERROR(INDEX($C$6:$C$105,MATCH($B169,$A$6:$A$105,0)),"※ 미등록 관리번호")) | J169: =IF($E169="","",IF($G169<>"","반납완료",IF(AND($F169<>"",$F169<TODAY()),"연체","사용중")))
A170: =IF($B170="","",62-COUNTBLANK($B$109:$B170)) | C170: =IF($B170="","",IFERROR(INDEX($C$6:$C$105,MATCH($B170,$A$6:$A$105,0)),"※ 미등록 관리번호")) | J170: =IF($E170="","",IF($G170<>"","반납완료",IF(AND($F170<>"",$F170<TODAY()),"연체","사용중")))
A171: =IF($B171="","",63-COUNTBLANK($B$109:$B171)) | C171: =IF($B171="","",IFERROR(INDEX($C$6:$C$105,MATCH($B171,$A$6:$A$105,0)),"※ 미등록 관리번호")) | J171: =IF($E171="","",IF($G171<>"","반납완료",IF(AND($F171<>"",$F171<TODAY()),"연체","사용중")))
A172: =IF($B172="","",64-COUNTBLANK($B$109:$B172)) | C172: =IF($B172="","",IFERROR(INDEX($C$6:$C$105,MATCH($B172,$A$6:$A$105,0)),"※ 미등록 관리번호")) | J172: =IF($E172="","",IF($G172<>"","반납완료",IF(AND($F172<>"",$F172<TODAY()),"연체","사용중")))
A173: =IF($B173="","",65-COUNTBLANK($B$109:$B173)) | C173: =IF($B173="","",IFERROR(INDEX($C$6:$C$105,MATCH($B173,$A$6:$A$105,0)),"※ 미등록 관리번호")) | J173: =IF($E173="","",IF($G173<>"","반납완료",IF(AND($F173<>"",$F173<TODAY()),"연체","사용중")))
A174: =IF($B174="","",66-COUNTBLANK($B$109:$B174)) | C174: =IF($B174="","",IFERROR(INDEX($C$6:$C$105,MATCH($B174,$A$6:$A$105,0)),"※ 미등록 관리번호")) | J174: =IF($E174="","",IF($G174<>"","반납완료",IF(AND($F174<>"",$F174<TODAY()),"연체","사용중")))
A175: =IF($B175="","",67-COUNTBLANK($B$109:$B175)) | C175: =IF($B175="","",IFERROR(INDEX($C$6:$C$105,MATCH($B175,$A$6:$A$105,0)),"※ 미등록 관리번호")) | J175: =IF($E175="","",IF($G175<>"","반납완료",IF(AND($F175<>"",$F175<TODAY()),"연체","사용중")))
A176: =IF($B176="","",68-COUNTBLANK($B$109:$B176)) | C176: =IF($B176="","",IFERROR(INDEX($C$6:$C$105,MATCH($B176,$A$6:$A$105,0)),"※ 미등록 관리번호")) | J176: =IF($E176="","",IF($G176<>"","반납완료",IF(AND($F176<>"",$F176<TODAY()),"연체","사용중")))
A177: =IF($B177="","",69-COUNTBLANK($B$109:$B177)) | C177: =IF($B177="","",IFERROR(INDEX($C$6:$C$105,MATCH($B177,$A$6:$A$105,0)),"※ 미등록 관리번호")) | J177: =IF($E177="","",IF($G177<>"","반납완료",IF(AND($F177<>"",$F177<TODAY()),"연체","사용중")))
A178: =IF($B178="","",70-COUNTBLANK($B$109:$B178)) | C178: =IF($B178="","",IFERROR(INDEX($C$6:$C$105,MATCH($B178,$A$6:$A$105,0)),"※ 미등록 관리번호")) | J178: =IF($E178="","",IF($G178<>"","반납완료",IF(AND($F178<>"",$F178<TODAY()),"연체","사용중")))
A179: =IF($B179="","",71-COUNTBLANK($B$109:$B179)) | C179: =IF($B179="","",IFERROR(INDEX($C$6:$C$105,MATCH($B179,$A$6:$A$105,0)),"※ 미등록 관리번호")) | J179: =IF($E179="","",IF($G179<>"","반납완료",IF(AND($F179<>"",$F179<TODAY()),"연체","사용중")))
A180: =IF($B180="","",72-COUNTBLANK($B$109:$B180)) | C180: =IF($B180="","",IFERROR(INDEX($C$6:$C$105,MATCH($B180,$A$6:$A$105,0)),"※ 미등록 관리번호")) | J180: =IF($E180="","",IF($G180<>"","반납완료",IF(AND($F180<>"",$F180<TODAY()),"연체","사용중")))
A181: =IF($B181="","",73-COUNTBLANK($B$109:$B181)) | C181: =IF($B181="","",IFERROR(INDEX($C$6:$C$105,MATCH($B181,$A$6:$A$105,0)),"※ 미등록 관리번호")) | J181: =IF($E181="","",IF($G181<>"","반납완료",IF(AND($F181<>"",$F181<TODAY()),"연체","사용중")))
A182: =IF($B182="","",74-COUNTBLANK($B$109:$B182)) | C182: =IF($B182="","",IFERROR(INDEX($C$6:$C$105,MATCH($B182,$A$6:$A$105,0)),"※ 미등록 관리번호")) | J182: =IF($E182="","",IF($G182<>"","반납완료",IF(AND($F182<>"",$F182<TODAY()),"연체","사용중")))
A183: =IF($B183="","",75-COUNTBLANK($B$109:$B183)) | C183: =IF($B183="","",IFERROR(INDEX($C$6:$C$105,MATCH($B183,$A$6:$A$105,0)),"※ 미등록 관리번호")) | J183: =IF($E183="","",IF($G183<>"","반납완료",IF(AND($F183<>"",$F183<TODAY()),"연체","사용중")))
A184: =IF($B184="","",76-COUNTBLANK($B$109:$B184)) | C184: =IF($B184="","",IFERROR(INDEX($C$6:$C$105,MATCH($B184,$A$6:$A$105,0)),"※ 미등록 관리번호")) | J184: =IF($E184="","",IF($G184<>"","반납완료",IF(AND($F184<>"",$F184<TODAY()),"연체","사용중")))
A185: =IF($B185="","",77-COUNTBLANK($B$109:$B185)) | C185: =IF($B185="","",IFERROR(INDEX($C$6:$C$105,MATCH($B185,$A$6:$A$105,0)),"※ 미등록 관리번호")) | J185: =IF($E185="","",IF($G185<>"","반납완료",IF(AND($F185<>"",$F185<TODAY()),"연체","사용중")))
A186: =IF($B186="","",78-COUNTBLANK($B$109:$B186)) | C186: =IF($B186="","",IFERROR(INDEX($C$6:$C$105,MATCH($B186,$A$6:$A$105,0)),"※ 미등록 관리번호")) | J186: =IF($E186="","",IF($G186<>"","반납완료",IF(AND($F186<>"",$F186<TODAY()),"연체","사용중")))
A187: =IF($B187="","",79-COUNTBLANK($B$109:$B187)) | C187: =IF($B187="","",IFERROR(INDEX($C$6:$C$105,MATCH($B187,$A$6:$A$105,0)),"※ 미등록 관리번호")) | J187: =IF($E187="","",IF($G187<>"","반납완료",IF(AND($F187<>"",$F187<TODAY()),"연체","사용중")))
A188: =IF($B188="","",80-COUNTBLANK($B$109:$B188)) | C188: =IF($B188="","",IFERROR(INDEX($C$6:$C$105,MATCH($B188,$A$6:$A$105,0)),"※ 미등록 관리번호")) | J188: =IF($E188="","",IF($G188<>"","반납완료",IF(AND($F188<>"",$F188<TODAY()),"연체","사용중")))
A189: =IF($B189="","",81-COUNTBLANK($B$109:$B189)) | C189: =IF($B189="","",IFERROR(INDEX($C$6:$C$105,MATCH($B189,$A$6:$A$105,0)),"※ 미등록 관리번호")) | J189: =IF($E189="","",IF($G189<>"","반납완료",IF(AND($F189<>"",$F189<TODAY()),"연체","사용중")))
...

Sheet 진행중 보드
A1: 진행중 보드 · 경과일수 순 | AZ1: =IF(AND(업무일지!$B5<>"",업무일지!$AG5="진행중"),MAX(0,TODAY()-업무일지!$B5)*10000+1000,"") | BB1: =IF(AND(일일실시사항!$B5<>"",일일실시사항!$J5="진행중"),MAX(0,TODAY()-일일실시사항!$B5)*10000+1000,"")
A2: ※ 입력할 것이 없습니다. [업무일지]·[일일실시사항]에서 진행상태가 '진행중'인 건을 오래된 순으로 자동 정렬합니다. ※ 경과일수 = 오늘 − 시작일. 30일 초과는 주황, 60일 초과는 빨강으로 표시됩니다. ※ 파일을 열 때마다 오늘 기준으로 다시 계산됩니다. | AZ2: =IF(AND(업무일지!$B6<>"",업무일지!$AG6="진행중"),MAX(0,TODAY()-업무일지!$B6)*10000+999,"") | BB2: =IF(AND(일일실시사항!$B6<>"",일일실시사항!$J6="진행중"),MAX(0,TODAY()-일일실시사항!$B6)*10000+999,"")
AZ3: =IF(AND(업무일지!$B7<>"",업무일지!$AG7="진행중"),MAX(0,TODAY()-업무일지!$B7)*10000+998,"") | BB3: =IF(AND(일일실시사항!$B7<>"",일일실시사항!$J7="진행중"),MAX(0,TODAY()-일일실시사항!$B7)*10000+998,"")
A4: 1. 진행중 요약 | AZ4: =IF(AND(업무일지!$B8<>"",업무일지!$AG8="진행중"),MAX(0,TODAY()-업무일지!$B8)*10000+997,"") | BB4: =IF(AND(일일실시사항!$B8<>"",일일실시사항!$J8="진행중"),MAX(0,TODAY()-일일실시사항!$B8)*10000+997,"")
A5: 구분 | B5: 진행중 회차 | C5: 30일 초과 | D5: 60일 초과 | E5: 최장 경과일 | AZ5: =IF(AND(업무일지!$B9<>"",업무일지!$AG9="진행중"),MAX(0,TODAY()-업무일지!$B9)*10000+996,"") | BB5: =IF(AND(일일실시사항!$B9<>"",일일실시사항!$J9="진행중"),MAX(0,TODAY()-일일실시사항!$B9)*10000+996,"")
A6: 출장 | B6: =COUNTIFS(업무일지!$AG$5:$AG$1004,"진행중",업무일지!$D$5:$D$1004,"출장") | C6: =COUNTIFS(업무일지!$AG$5:$AG$1004,"진행중",업무일지!$D$5:$D$1004,"출장",업무일지!$B$5:$B$1004,"<"&TODAY()-30) | D6: =COUNTIFS(업무일지!$AG$5:$AG$1004,"진행중",업무일지!$D$5:$D$1004,"출장",업무일지!$B$5:$B$1004,"<"&TODAY()-60) | E6: =IF($BD6=0,0,TODAY()-(1000000-$BD6)) | AZ6: =IF(AND(업무일지!$B10<>"",업무일지!$AG10="진행중"),MAX(0,TODAY()-업무일지!$B10)*10000+995,"") | BB6: =IF(AND(일일실시사항!$B10<>"",일일실시사항!$J10="진행중"),MAX(0,TODAY()-일일실시사항!$B10)*10000+995,"") | BD6: =SUMPRODUCT(MAX((업무일지!$AG$5:$AG$1004="진행중")*(업무일지!$D$5:$D$1004="출장")*(업무일지!$B$5:$B$1004>0)*(1000000-업무일지!$B$5:$B$1004)))
A7: 분석 | B7: =COUNTIFS(업무일지!$AG$5:$AG$1004,"진행중",업무일지!$D$5:$D$1004,"분석") | C7: =COUNTIFS(업무일지!$AG$5:$AG$1004,"진행중",업무일지!$D$5:$D$1004,"분석",업무일지!$B$5:$B$1004,"<"&TODAY()-30) | D7: =COUNTIFS(업무일지!$AG$5:$AG$1004,"진행중",업무일지!$D$5:$D$1004,"분석",업무일지!$B$5:$B$1004,"<"&TODAY()-60) | E7: =IF($BD7=0,0,TODAY()-(1000000-$BD7)) | AZ7: =IF(AND(업무일지!$B11<>"",업무일지!$AG11="진행중"),MAX(0,TODAY()-업무일지!$B11)*10000+994,"") | BB7: =IF(AND(일일실시사항!$B11<>"",일일실시사항!$J11="진행중"),MAX(0,TODAY()-일일실시사항!$B11)*10000+994,"") | BD7: =SUMPRODUCT(MAX((업무일지!$AG$5:$AG$1004="진행중")*(업무일지!$D$5:$D$1004="분석")*(업무일지!$B$5:$B$1004>0)*(1000000-업무일지!$B$5:$B$1004)))
A8: 교육 | B8: =COUNTIFS(업무일지!$AG$5:$AG$1004,"진행중",업무일지!$D$5:$D$1004,"교육") | C8: =COUNTIFS(업무일지!$AG$5:$AG$1004,"진행중",업무일지!$D$5:$D$1004,"교육",업무일지!$B$5:$B$1004,"<"&TODAY()-30) | D8: =COUNTIFS(업무일지!$AG$5:$AG$1004,"진행중",업무일지!$D$5:$D$1004,"교육",업무일지!$B$5:$B$1004,"<"&TODAY()-60) | E8: =IF($BD8=0,0,TODAY()-(1000000-$BD8)) | AZ8: =IF(AND(업무일지!$B12<>"",업무일지!$AG12="진행중"),MAX(0,TODAY()-업무일지!$B12)*10000+993,"") | BB8: =IF(AND(일일실시사항!$B12<>"",일일실시사항!$J12="진행중"),MAX(0,TODAY()-일일실시사항!$B12)*10000+993,"") | BD8: =SUMPRODUCT(MAX((업무일지!$AG$5:$AG$1004="진행중")*(업무일지!$D$5:$D$1004="교육")*(업무일지!$B$5:$B$1004>0)*(1000000-업무일지!$B$5:$B$1004)))
A9: 일일실시 | B9: =COUNTIF(일일실시사항!$J$5:$J$1004,"진행중") | C9: =COUNTIFS(일일실시사항!$J$5:$J$1004,"진행중",일일실시사항!$B$5:$B$1004,"<"&TODAY()-30) | D9: =COUNTIFS(일일실시사항!$J$5:$J$1004,"진행중",일일실시사항!$B$5:$B$1004,"<"&TODAY()-60) | E9: =IF($BD9=0,0,TODAY()-(1000000-$BD9)) | AZ9: =IF(AND(업무일지!$B13<>"",업무일지!$AG13="진행중"),MAX(0,TODAY()-업무일지!$B13)*10000+992,"") | BB9: =IF(AND(일일실시사항!$B13<>"",일일실시사항!$J13="진행중"),MAX(0,TODAY()-일일실시사항!$B13)*10000+992,"") | BD9: =SUMPRODUCT(MAX((일일실시사항!$J$5:$J$1004="진행중")*(일일실시사항!$B$5:$B$1004>0)*(1000000-일일실시사항!$B$5:$B$1004)))
A10: 합계 | B10: =SUM(B6:B9) | C10: =SUM(C6:C9) | D10: =SUM(D6:D9) | E10: =MAX(E6:E9) | AZ10: =IF(AND(업무일지!$B14<>"",업무일지!$AG14="진행중"),MAX(0,TODAY()-업무일지!$B14)*10000+991,"") | BB10: =IF(AND(일일실시사항!$B14<>"",일일실시사항!$J14="진행중"),MAX(0,TODAY()-일일실시사항!$B14)*10000+991,"")
AZ11: =IF(AND(업무일지!$B15<>"",업무일지!$AG15="진행중"),MAX(0,TODAY()-업무일지!$B15)*10000+990,"") | BB11: =IF(AND(일일실시사항!$B15<>"",일일실시사항!$J15="진행중"),MAX(0,TODAY()-일일실시사항!$B15)*10000+990,"")
A12: 2. 진행중 업무 (오래된 순 · 상위 100건) | AZ12: =IF(AND(업무일지!$B16<>"",업무일지!$AG16="진행중"),MAX(0,TODAY()-업무일지!$B16)*10000+989,"") | BB12: =IF(AND(일일실시사항!$B16<>"",일일실시사항!$J16="진행중"),MAX(0,TODAY()-일일실시사항!$B16)*10000+989,"")
A13: 순위 | B13: 경과일수 | C13: 시작일 | D13: 종료(예정)일 | E13: 직무구분 | F13: 세부유형 | G13: 사건번호 | H13: 사건명 | I13: 주담당 | J13: 투입인원 | K13: 장소 / 분석실 | L13: 비고 | AZ13: =IF(AND(업무일지!$B17<>"",업무일지!$AG17="진행중"),MAX(0,TODAY()-업무일지!$B17)*10000+988,"") | BB13: =IF(AND(일일실시사항!$B17<>"",일일실시사항!$J17="진행중"),MAX(0,TODAY()-일일실시사항!$B17)*10000+988,"")
A14: =IF($BA14="","",1) | B14: =IF($BA14="","",TODAY()-INDEX(업무일지!$B$5:$B$1004,$BA14)) | C14: =IF($BA14="","",INDEX(업무일지!$B$5:$B$1004,$BA14)) | D14: =IF($BA14="","",INDEX(업무일지!$C$5:$C$1004,$BA14)) | E14: =IF($BA14="","",INDEX(업무일지!$D$5:$D$1004,$BA14)) | F14: =IF($BA14="","",INDEX(업무일지!$E$5:$E$1004,$BA14)) | G14: =IF($BA14="","",INDEX(업무일지!$F$5:$F$1004,$BA14)) | H14: =IF($BA14="","",INDEX(업무일지!$H$5:$H$1004,$BA14)) | I14: =IF($BA14="","",INDEX(업무일지!$J$5:$J$1004,$BA14)) | J14: =IF($BA14="","",INDEX(업무일지!$Z$5:$Z$1004,$BA14)) | K14: =IF($BA14="","",INDEX(업무일지!$AC$5:$AC$1004,$BA14)) | L14: =IF($BA14="","",INDEX(업무일지!$AH$5:$AH$1004,$BA14)) | AZ14: =IF(AND(업무일지!$B18<>"",업무일지!$AG18="진행중"),MAX(0,TODAY()-업무일지!$B18)*10000+987,"") | BA14: =IFERROR(MATCH(LARGE($AZ$1:$AZ$1000,1),$AZ$1:$AZ$1000,0),"") | BB14: =IF(AND(일일실시사항!$B18<>"",일일실시사항!$J18="진행중"),MAX(0,TODAY()-일일실시사항!$B18)*10000+987,"")
A15: =IF($BA15="","",2) | B15: =IF($BA15="","",TODAY()-INDEX(업무일지!$B$5:$B$1004,$BA15)) | C15: =IF($BA15="","",INDEX(업무일지!$B$5:$B$1004,$BA15)) | D15: =IF($BA15="","",INDEX(업무일지!$C$5:$C$1004,$BA15)) | E15: =IF($BA15="","",INDEX(업무일지!$D$5:$D$1004,$BA15)) | F15: =IF($BA15="","",INDEX(업무일지!$E$5:$E$1004,$BA15)) | G15: =IF($BA15="","",INDEX(업무일지!$F$5:$F$1004,$BA15)) | H15: =IF($BA15="","",INDEX(업무일지!$H$5:$H$1004,$BA15)) | I15: =IF($BA15="","",INDEX(업무일지!$J$5:$J$1004,$BA15)) | J15: =IF($BA15="","",INDEX(업무일지!$Z$5:$Z$1004,$BA15)) | K15: =IF($BA15="","",INDEX(업무일지!$AC$5:$AC$1004,$BA15)) | L15: =IF($BA15="","",INDEX(업무일지!$AH$5:$AH$1004,$BA15)) | AZ15: =IF(AND(업무일지!$B19<>"",업무일지!$AG19="진행중"),MAX(0,TODAY()-업무일지!$B19)*10000+986,"") | BA15: =IFERROR(MATCH(LARGE($AZ$1:$AZ$1000,2),$AZ$1:$AZ$1000,0),"") | BB15: =IF(AND(일일실시사항!$B19<>"",일일실시사항!$J19="진행중"),MAX(0,TODAY()-일일실시사항!$B19)*10000+986,"")
A16: =IF($BA16="","",3) | B16: =IF($BA16="","",TODAY()-INDEX(업무일지!$B$5:$B$1004,$BA16)) | C16: =IF($BA16="","",INDEX(업무일지!$B$5:$B$1004,$BA16)) | D16: =IF($BA16="","",INDEX(업무일지!$C$5:$C$1004,$BA16)) | E16: =IF($BA16="","",INDEX(업무일지!$D$5:$D$1004,$BA16)) | F16: =IF($BA16="","",INDEX(업무일지!$E$5:$E$1004,$BA16)) | G16: =IF($BA16="","",INDEX(업무일지!$F$5:$F$1004,$BA16)) | H16: =IF($BA16="","",INDEX(업무일지!$H$5:$H$1004,$BA16)) | I16: =IF($BA16="","",INDEX(업무일지!$J$5:$J$1004,$BA16)) | J16: =IF($BA16="","",INDEX(업무일지!$Z$5:$Z$1004,$BA16)) | K16: =IF($BA16="","",INDEX(업무일지!$AC$5:$AC$1004,$BA16)) | L16: =IF($BA16="","",INDEX(업무일지!$AH$5:$AH$1004,$BA16)) | AZ16: =IF(AND(업무일지!$B20<>"",업무일지!$AG20="진행중"),MAX(0,TODAY()-업무일지!$B20)*10000+985,"") | BA16: =IFERROR(MATCH(LARGE($AZ$1:$AZ$1000,3),$AZ$1:$AZ$1000,0),"") | BB16: =IF(AND(일일실시사항!$B20<>"",일일실시사항!$J20="진행중"),MAX(0,TODAY()-일일실시사항!$B20)*10000+985,"")
A17: =IF($BA17="","",4) | B17: =IF($BA17="","",TODAY()-INDEX(업무일지!$B$5:$B$1004,$BA17)) | C17: =IF($BA17="","",INDEX(업무일지!$B$5:$B$1004,$BA17)) | D17: =IF($BA17="","",INDEX(업무일지!$C$5:$C$1004,$BA17)) | E17: =IF($BA17="","",INDEX(업무일지!$D$5:$D$1004,$BA17)) | F17: =IF($BA17="","",INDEX(업무일지!$E$5:$E$1004,$BA17)) | G17: =IF($BA17="","",INDEX(업무일지!$F$5:$F$1004,$BA17)) | H17: =IF($BA17="","",INDEX(업무일지!$H$5:$H$1004,$BA17)) | I17: =IF($BA17="","",INDEX(업무일지!$J$5:$J$1004,$BA17)) | J17: =IF($BA17="","",INDEX(업무일지!$Z$5:$Z$1004,$BA17)) | K17: =IF($BA17="","",INDEX(업무일지!$AC$5:$AC$1004,$BA17)) | L17: =IF($BA17="","",INDEX(업무일지!$AH$5:$AH$1004,$BA17)) | AZ17: =IF(AND(업무일지!$B21<>"",업무일지!$AG21="진행중"),MAX(0,TODAY()-업무일지!$B21)*10000+984,"") | BA17: =IFERROR(MATCH(LARGE($AZ$1:$AZ$1000,4),$AZ$1:$AZ$1000,0),"") | BB17: =IF(AND(일일실시사항!$B21<>"",일일실시사항!$J21="진행중"),MAX(0,TODAY()-일일실시사항!$B21)*10000+984,"")
A18: =IF($BA18="","",5) | B18: =IF($BA18="","",TODAY()-INDEX(업무일지!$B$5:$B$1004,$BA18)) | C18: =IF($BA18="","",INDEX(업무일지!$B$5:$B$1004,$BA18)) | D18: =IF($BA18="","",INDEX(업무일지!$C$5:$C$1004,$BA18)) | E18: =IF($BA18="","",INDEX(업무일지!$D$5:$D$1004,$BA18)) | F18: =IF($BA18="","",INDEX(업무일지!$E$5:$E$1004,$BA18)) | G18: =IF($BA18="","",INDEX(업무일지!$F$5:$F$1004,$BA18)) | H18: =IF($BA18="","",INDEX(업무일지!$H$5:$H$1004,$BA18)) | I18: =IF($BA18="","",INDEX(업무일지!$J$5:$J$1004,$BA18)) | J18: =IF($BA18="","",INDEX(업무일지!$Z$5:$Z$1004,$BA18)) | K18: =IF($BA18="","",INDEX(업무일지!$AC$5:$AC$1004,$BA18)) | L18: =IF($BA18="","",INDEX(업무일지!$AH$5:$AH$1004,$BA18)) | AZ18: =IF(AND(업무일지!$B22<>"",업무일지!$AG22="진행중"),MAX(0,TODAY()-업무일지!$B22)*10000+983,"") | BA18: =IFERROR(MATCH(LARGE($AZ$1:$AZ$1000,5),$AZ$1:$AZ$1000,0),"") | BB18: =IF(AND(일일실시사항!$B22<>"",일일실시사항!$J22="진행중"),MAX(0,TODAY()-일일실시사항!$B22)*10000+983,"")
A19: =IF($BA19="","",6) | B19: =IF($BA19="","",TODAY()-INDEX(업무일지!$B$5:$B$1004,$BA19)) | C19: =IF($BA19="","",INDEX(업무일지!$B$5:$B$1004,$BA19)) | D19: =IF($BA19="","",INDEX(업무일지!$C$5:$C$1004,$BA19)) | E19: =IF($BA19="","",INDEX(업무일지!$D$5:$D$1004,$BA19)) | F19: =IF($BA19="","",INDEX(업무일지!$E$5:$E$1004,$BA19)) | G19: =IF($BA19="","",INDEX(업무일지!$F$5:$F$1004,$BA19)) | H19: =IF($BA19="","",INDEX(업무일지!$H$5:$H$1004,$BA19)) | I19: =IF($BA19="","",INDEX(업무일지!$J$5:$J$1004,$BA19)) | J19: =IF($BA19="","",INDEX(업무일지!$Z$5:$Z$1004,$BA19)) | K19: =IF($BA19="","",INDEX(업무일지!$AC$5:$AC$1004,$BA19)) | L19: =IF($BA19="","",INDEX(업무일지!$AH$5:$AH$1004,$BA19)) | AZ19: =IF(AND(업무일지!$B23<>"",업무일지!$AG23="진행중"),MAX(0,TODAY()-업무일지!$B23)*10000+982,"") | BA19: =IFERROR(MATCH(LARGE($AZ$1:$AZ$1000,6),$AZ$1:$AZ$1000,0),"") | BB19: =IF(AND(일일실시사항!$B23<>"",일일실시사항!$J23="진행중"),MAX(0,TODAY()-일일실시사항!$B23)*10000+982,"")
A20: =IF($BA20="","",7) | B20: =IF($BA20="","",TODAY()-INDEX(업무일지!$B$5:$B$1004,$BA20)) | C20: =IF($BA20="","",INDEX(업무일지!$B$5:$B$1004,$BA20)) | D20: =IF($BA20="","",INDEX(업무일지!$C$5:$C$1004,$BA20)) | E20: =IF($BA20="","",INDEX(업무일지!$D$5:$D$1004,$BA20)) | F20: =IF($BA20="","",INDEX(업무일지!$E$5:$E$1004,$BA20)) | G20: =IF($BA20="","",INDEX(업무일지!$F$5:$F$1004,$BA20)) | H20: =IF($BA20="","",INDEX(업무일지!$H$5:$H$1004,$BA20)) | I20: =IF($BA20="","",INDEX(업무일지!$J$5:$J$1004,$BA20)) | J20: =IF($BA20="","",INDEX(업무일지!$Z$5:$Z$1004,$BA20)) | K20: =IF($BA20="","",INDEX(업무일지!$AC$5:$AC$1004,$BA20)) | L20: =IF($BA20="","",INDEX(업무일지!$AH$5:$AH$1004,$BA20)) | AZ20: =IF(AND(업무일지!$B24<>"",업무일지!$AG24="진행중"),MAX(0,TODAY()-업무일지!$B24)*10000+981,"") | BA20: =IFERROR(MATCH(LARGE($AZ$1:$AZ$1000,7),$AZ$1:$AZ$1000,0),"") | BB20: =IF(AND(일일실시사항!$B24<>"",일일실시사항!$J24="진행중"),MAX(0,TODAY()-일일실시사항!$B24)*10000+981,"")
A21: =IF($BA21="","",8) | B21: =IF($BA21="","",TODAY()-INDEX(업무일지!$B$5:$B$1004,$BA21)) | C21: =IF($BA21="","",INDEX(업무일지!$B$5:$B$1004,$BA21)) | D21: =IF($BA21="","",INDEX(업무일지!$C$5:$C$1004,$BA21)) | E21: =IF($BA21="","",INDEX(업무일지!$D$5:$D$1004,$BA21)) | F21: =IF($BA21="","",INDEX(업무일지!$E$5:$E$1004,$BA21)) | G21: =IF($BA21="","",INDEX(업무일지!$F$5:$F$1004,$BA21)) | H21: =IF($BA21="","",INDEX(업무일지!$H$5:$H$1004,$BA21)) | I21: =IF($BA21="","",INDEX(업무일지!$J$5:$J$1004,$BA21)) | J21: =IF($BA21="","",INDEX(업무일지!$Z$5:$Z$1004,$BA21)) | K21: =IF($BA21="","",INDEX(업무일지!$AC$5:$AC$1004,$BA21)) | L21: =IF($BA21="","",INDEX(업무일지!$AH$5:$AH$1004,$BA21)) | AZ21: =IF(AND(업무일지!$B25<>"",업무일지!$AG25="진행중"),MAX(0,TODAY()-업무일지!$B25)*10000+980,"") | BA21: =IFERROR(MATCH(LARGE($AZ$1:$AZ$1000,8),$AZ$1:$AZ$1000,0),"") | BB21: =IF(AND(일일실시사항!$B25<>"",일일실시사항!$J25="진행중"),MAX(0,TODAY()-일일실시사항!$B25)*10000+980,"")
A22: =IF($BA22="","",9) | B22: =IF($BA22="","",TODAY()-INDEX(업무일지!$B$5:$B$1004,$BA22)) | C22: =IF($BA22="","",INDEX(업무일지!$B$5:$B$1004,$BA22)) | D22: =IF($BA22="","",INDEX(업무일지!$C$5:$C$1004,$BA22)) | E22: =IF($BA22="","",INDEX(업무일지!$D$5:$D$1004,$BA22)) | F22: =IF($BA22="","",INDEX(업무일지!$E$5:$E$1004,$BA22)) | G22: =IF($BA22="","",INDEX(업무일지!$F$5:$F$1004,$BA22)) | H22: =IF($BA22="","",INDEX(업무일지!$H$5:$H$1004,$BA22)) | I22: =IF($BA22="","",INDEX(업무일지!$J$5:$J$1004,$BA22)) | J22: =IF($BA22="","",INDEX(업무일지!$Z$5:$Z$1004,$BA22)) | K22: =IF($BA22="","",INDEX(업무일지!$AC$5:$AC$1004,$BA22)) | L22: =IF($BA22="","",INDEX(업무일지!$AH$5:$AH$1004,$BA22)) | AZ22: =IF(AND(업무일지!$B26<>"",업무일지!$AG26="진행중"),MAX(0,TODAY()-업무일지!$B26)*10000+979,"") | BA22: =IFERROR(MATCH(LARGE($AZ$1:$AZ$1000,9),$AZ$1:$AZ$1000,0),"") | BB22: =IF(AND(일일실시사항!$B26<>"",일일실시사항!$J26="진행중"),MAX(0,TODAY()-일일실시사항!$B26)*10000+979,"")
A23: =IF($BA23="","",10) | B23: =IF($BA23="","",TODAY()-INDEX(업무일지!$B$5:$B$1004,$BA23)) | C23: =IF($BA23="","",INDEX(업무일지!$B$5:$B$1004,$BA23)) | D23: =IF($BA23="","",INDEX(업무일지!$C$5:$C$1004,$BA23)) | E23: =IF($BA23="","",INDEX(업무일지!$D$5:$D$1004,$BA23)) | F23: =IF($BA23="","",INDEX(업무일지!$E$5:$E$1004,$BA23)) | G23: =IF($BA23="","",INDEX(업무일지!$F$5:$F$1004,$BA23)) | H23: =IF($BA23="","",INDEX(업무일지!$H$5:$H$1004,$BA23)) | I23: =IF($BA23="","",INDEX(업무일지!$J$5:$J$1004,$BA23)) | J23: =IF($BA23="","",INDEX(업무일지!$Z$5:$Z$1004,$BA23)) | K23: =IF($BA23="","",INDEX(업무일지!$AC$5:$AC$1004,$BA23)) | L23: =IF($BA23="","",INDEX(업무일지!$AH$5:$AH$1004,$BA23)) | AZ23: =IF(AND(업무일지!$B27<>"",업무일지!$AG27="진행중"),MAX(0,TODAY()-업무일지!$B27)*10000+978,"") | BA23: =IFERROR(MATCH(LARGE($AZ$1:$AZ$1000,10),$AZ$1:$AZ$1000,0),"") | BB23: =IF(AND(일일실시사항!$B27<>"",일일실시사항!$J27="진행중"),MAX(0,TODAY()-일일실시사항!$B27)*10000+978,"")
A24: =IF($BA24="","",11) | B24: =IF($BA24="","",TODAY()-INDEX(업무일지!$B$5:$B$1004,$BA24)) | C24: =IF($BA24="","",INDEX(업무일지!$B$5:$B$1004,$BA24)) | D24: =IF($BA24="","",INDEX(업무일지!$C$5:$C$1004,$BA24)) | E24: =IF($BA24="","",INDEX(업무일지!$D$5:$D$1004,$BA24)) | F24: =IF($BA24="","",INDEX(업무일지!$E$5:$E$1004,$BA24)) | G24: =IF($BA24="","",INDEX(업무일지!$F$5:$F$1004,$BA24)) | H24: =IF($BA24="","",INDEX(업무일지!$H$5:$H$1004,$BA24)) | I24: =IF($BA24="","",INDEX(업무일지!$J$5:$J$1004,$BA24)) | J24: =IF($BA24="","",INDEX(업무일지!$Z$5:$Z$1004,$BA24)) | K24: =IF($BA24="","",INDEX(업무일지!$AC$5:$AC$1004,$BA24)) | L24: =IF($BA24="","",INDEX(업무일지!$AH$5:$AH$1004,$BA24)) | AZ24: =IF(AND(업무일지!$B28<>"",업무일지!$AG28="진행중"),MAX(0,TODAY()-업무일지!$B28)*10000+977,"") | BA24: =IFERROR(MATCH(LARGE($AZ$1:$AZ$1000,11),$AZ$1:$AZ$1000,0),"") | BB24: =IF(AND(일일실시사항!$B28<>"",일일실시사항!$J28="진행중"),MAX(0,TODAY()-일일실시사항!$B28)*10000+977,"")
A25: =IF($BA25="","",12) | B25: =IF($BA25="","",TODAY()-INDEX(업무일지!$B$5:$B$1004,$BA25)) | C25: =IF($BA25="","",INDEX(업무일지!$B$5:$B$1004,$BA25)) | D25: =IF($BA25="","",INDEX(업무일지!$C$5:$C$1004,$BA25)) | E25: =IF($BA25="","",INDEX(업무일지!$D$5:$D$1004,$BA25)) | F25: =IF($BA25="","",INDEX(업무일지!$E$5:$E$1004,$BA25)) | G25: =IF($BA25="","",INDEX(업무일지!$F$5:$F$1004,$BA25)) | H25: =IF($BA25="","",INDEX(업무일지!$H$5:$H$1004,$BA25)) | I25: =IF($BA25="","",INDEX(업무일지!$J$5:$J$1004,$BA25)) | J25: =IF($BA25="","",INDEX(업무일지!$Z$5:$Z$1004,$BA25)) | K25: =IF($BA25="","",INDEX(업무일지!$AC$5:$AC$1004,$BA25)) | L25: =IF($BA25="","",INDEX(업무일지!$AH$5:$AH$1004,$BA25)) | AZ25: =IF(AND(업무일지!$B29<>"",업무일지!$AG29="진행중"),MAX(0,TODAY()-업무일지!$B29)*10000+976,"") | BA25: =IFERROR(MATCH(LARGE($AZ$1:$AZ$1000,12),$AZ$1:$AZ$1000,0),"") | BB25: =IF(AND(일일실시사항!$B29<>"",일일실시사항!$J29="진행중"),MAX(0,TODAY()-일일실시사항!$B29)*10000+976,"")
A26: =IF($BA26="","",13) | B26: =IF($BA26="","",TODAY()-INDEX(업무일지!$B$5:$B$1004,$BA26)) | C26: =IF($BA26="","",INDEX(업무일지!$B$5:$B$1004,$BA26)) | D26: =IF($BA26="","",INDEX(업무일지!$C$5:$C$1004,$BA26)) | E26: =IF($BA26="","",INDEX(업무일지!$D$5:$D$1004,$BA26)) | F26: =IF($BA26="","",INDEX(업무일지!$E$5:$E$1004,$BA26)) | G26: =IF($BA26="","",INDEX(업무일지!$F$5:$F$1004,$BA26)) | H26: =IF($BA26="","",INDEX(업무일지!$H$5:$H$1004,$BA26)) | I26: =IF($BA26="","",INDEX(업무일지!$J$5:$J$1004,$BA26)) | J26: =IF($BA26="","",INDEX(업무일지!$Z$5:$Z$1004,$BA26)) | K26: =IF($BA26="","",INDEX(업무일지!$AC$5:$AC$1004,$BA26)) | L26: =IF($BA26="","",INDEX(업무일지!$AH$5:$AH$1004,$BA26)) | AZ26: =IF(AND(업무일지!$B30<>"",업무일지!$AG30="진행중"),MAX(0,TODAY()-업무일지!$B30)*10000+975,"") | BA26: =IFERROR(MATCH(LARGE($AZ$1:$AZ$1000,13),$AZ$1:$AZ$1000,0),"") | BB26: =IF(AND(일일실시사항!$B30<>"",일일실시사항!$J30="진행중"),MAX(0,TODAY()-일일실시사항!$B30)*10000+975,"")
A27: =IF($BA27="","",14) | B27: =IF($BA27="","",TODAY()-INDEX(업무일지!$B$5:$B$1004,$BA27)) | C27: =IF($BA27="","",INDEX(업무일지!$B$5:$B$1004,$BA27)) | D27: =IF($BA27="","",INDEX(업무일지!$C$5:$C$1004,$BA27)) | E27: =IF($BA27="","",INDEX(업무일지!$D$5:$D$1004,$BA27)) | F27: =IF($BA27="","",INDEX(업무일지!$E$5:$E$1004,$BA27)) | G27: =IF($BA27="","",INDEX(업무일지!$F$5:$F$1004,$BA27)) | H27: =IF($BA27="","",INDEX(업무일지!$H$5:$H$1004,$BA27)) | I27: =IF($BA27="","",INDEX(업무일지!$J$5:$J$1004,$BA27)) | J27: =IF($BA27="","",INDEX(업무일지!$Z$5:$Z$1004,$BA27)) | K27: =IF($BA27="","",INDEX(업무일지!$AC$5:$AC$1004,$BA27)) | L27: =IF($BA27="","",INDEX(업무일지!$AH$5:$AH$1004,$BA27)) | AZ27: =IF(AND(업무일지!$B31<>"",업무일지!$AG31="진행중"),MAX(0,TODAY()-업무일지!$B31)*10000+974,"") | BA27: =IFERROR(MATCH(LARGE($AZ$1:$AZ$1000,14),$AZ$1:$AZ$1000,0),"") | BB27: =IF(AND(일일실시사항!$B31<>"",일일실시사항!$J31="진행중"),MAX(0,TODAY()-일일실시사항!$B31)*10000+974,"")
A28: =IF($BA28="","",15) | B28: =IF($BA28="","",TODAY()-INDEX(업무일지!$B$5:$B$1004,$BA28)) | C28: =IF($BA28="","",INDEX(업무일지!$B$5:$B$1004,$BA28)) | D28: =IF($BA28="","",INDEX(업무일지!$C$5:$C$1004,$BA28)) | E28: =IF($BA28="","",INDEX(업무일지!$D$5:$D$1004,$BA28)) | F28: =IF($BA28="","",INDEX(업무일지!$E$5:$E$1004,$BA28)) | G28: =IF($BA28="","",INDEX(업무일지!$F$5:$F$1004,$BA28)) | H28: =IF($BA28="","",INDEX(업무일지!$H$5:$H$1004,$BA28)) | I28: =IF($BA28="","",INDEX(업무일지!$J$5:$J$1004,$BA28)) | J28: =IF($BA28="","",INDEX(업무일지!$Z$5:$Z$1004,$BA28)) | K28: =IF($BA28="","",INDEX(업무일지!$AC$5:$AC$1004,$BA28)) | L28: =IF($BA28="","",INDEX(업무일지!$AH$5:$AH$1004,$BA28)) | AZ28: =IF(AND(업무일지!$B32<>"",업무일지!$AG32="진행중"),MAX(0,TODAY()-업무일지!$B32)*10000+973,"") | BA28: =IFERROR(MATCH(LARGE($AZ$1:$AZ$1000,15),$AZ$1:$AZ$1000,0),"") | BB28: =IF(AND(일일실시사항!$B32<>"",일일실시사항!$J32="진행중"),MAX(0,TODAY()-일일실시사항!$B32)*10000+973,"")
A29: =IF($BA29="","",16) | B29: =IF($BA29="","",TODAY()-INDEX(업무일지!$B$5:$B$1004,$BA29)) | C29: =IF($BA29="","",INDEX(업무일지!$B$5:$B$1004,$BA29)) | D29: =IF($BA29="","",INDEX(업무일지!$C$5:$C$1004,$BA29)) | E29: =IF($BA29="","",INDEX(업무일지!$D$5:$D$1004,$BA29)) | F29: =IF($BA29="","",INDEX(업무일지!$E$5:$E$1004,$BA29)) | G29: =IF($BA29="","",INDEX(업무일지!$F$5:$F$1004,$BA29)) | H29: =IF($BA29="","",INDEX(업무일지!$H$5:$H$1004,$BA29)) | I29: =IF($BA29="","",INDEX(업무일지!$J$5:$J$1004,$BA29)) | J29: =IF($BA29="","",INDEX(업무일지!$Z$5:$Z$1004,$BA29)) | K29: =IF($BA29="","",INDEX(업무일지!$AC$5:$AC$1004,$BA29)) | L29: =IF($BA29="","",INDEX(업무일지!$AH$5:$AH$1004,$BA29)) | AZ29: =IF(AND(업무일지!$B33<>"",업무일지!$AG33="진행중"),MAX(0,TODAY()-업무일지!$B33)*10000+972,"") | BA29: =IFERROR(MATCH(LARGE($AZ$1:$AZ$1000,16),$AZ$1:$AZ$1000,0),"") | BB29: =IF(AND(일일실시사항!$B33<>"",일일실시사항!$J33="진행중"),MAX(0,TODAY()-일일실시사항!$B33)*10000+972,"")
A30: =IF($BA30="","",17) | B30: =IF($BA30="","",TODAY()-INDEX(업무일지!$B$5:$B$1004,$BA30)) | C30: =IF($BA30="","",INDEX(업무일지!$B$5:$B$1004,$BA30)) | D30: =IF($BA30="","",INDEX(업무일지!$C$5:$C$1004,$BA30)) | E30: =IF($BA30="","",INDEX(업무일지!$D$5:$D$1004,$BA30)) | F30: =IF($BA30="","",INDEX(업무일지!$E$5:$E$1004,$BA30)) | G30: =IF($BA30="","",INDEX(업무일지!$F$5:$F$1004,$BA30)) | H30: =IF($BA30="","",INDEX(업무일지!$H$5:$H$1004,$BA30)) | I30: =IF($BA30="","",INDEX(업무일지!$J$5:$J$1004,$BA30)) | J30: =IF($BA30="","",INDEX(업무일지!$Z$5:$Z$1004,$BA30)) | K30: =IF($BA30="","",INDEX(업무일지!$AC$5:$AC$1004,$BA30)) | L30: =IF($BA30="","",INDEX(업무일지!$AH$5:$AH$1004,$BA30)) | AZ30: =IF(AND(업무일지!$B34<>"",업무일지!$AG34="진행중"),MAX(0,TODAY()-업무일지!$B34)*10000+971,"") | BA30: =IFERROR(MATCH(LARGE($AZ$1:$AZ$1000,17),$AZ$1:$AZ$1000,0),"") | BB30: =IF(AND(일일실시사항!$B34<>"",일일실시사항!$J34="진행중"),MAX(0,TODAY()-일일실시사항!$B34)*10000+971,"")
A31: =IF($BA31="","",18) | B31: =IF($BA31="","",TODAY()-INDEX(업무일지!$B$5:$B$1004,$BA31)) | C31: =IF($BA31="","",INDEX(업무일지!$B$5:$B$1004,$BA31)) | D31: =IF($BA31="","",INDEX(업무일지!$C$5:$C$1004,$BA31)) | E31: =IF($BA31="","",INDEX(업무일지!$D$5:$D$1004,$BA31)) | F31: =IF($BA31="","",INDEX(업무일지!$E$5:$E$1004,$BA31)) | G31: =IF($BA31="","",INDEX(업무일지!$F$5:$F$1004,$BA31)) | H31: =IF($BA31="","",INDEX(업무일지!$H$5:$H$1004,$BA31)) | I31: =IF($BA31="","",INDEX(업무일지!$J$5:$J$1004,$BA31)) | J31: =IF($BA31="","",INDEX(업무일지!$Z$5:$Z$1004,$BA31)) | K31: =IF($BA31="","",INDEX(업무일지!$AC$5:$AC$1004,$BA31)) | L31: =IF($BA31="","",INDEX(업무일지!$AH$5:$AH$1004,$BA31)) | AZ31: =IF(AND(업무일지!$B35<>"",업무일지!$AG35="진행중"),MAX(0,TODAY()-업무일지!$B35)*10000+970,"") | BA31: =IFERROR(MATCH(LARGE($AZ$1:$AZ$1000,18),$AZ$1:$AZ$1000,0),"") | BB31: =IF(AND(일일실시사항!$B35<>"",일일실시사항!$J35="진행중"),MAX(0,TODAY()-일일실시사항!$B35)*10000+970,"")
A32: =IF($BA32="","",19) | B32: =IF($BA32="","",TODAY()-INDEX(업무일지!$B$5:$B$1004,$BA32)) | C32: =IF($BA32="","",INDEX(업무일지!$B$5:$B$1004,$BA32)) | D32: =IF($BA32="","",INDEX(업무일지!$C$5:$C$1004,$BA32)) | E32: =IF($BA32="","",INDEX(업무일지!$D$5:$D$1004,$BA32)) | F32: =IF($BA32="","",INDEX(업무일지!$E$5:$E$1004,$BA32)) | G32: =IF($BA32="","",INDEX(업무일지!$F$5:$F$1004,$BA32)) | H32: =IF($BA32="","",INDEX(업무일지!$H$5:$H$1004,$BA32)) | I32: =IF($BA32="","",INDEX(업무일지!$J$5:$J$1004,$BA32)) | J32: =IF($BA32="","",INDEX(업무일지!$Z$5:$Z$1004,$BA32)) | K32: =IF($BA32="","",INDEX(업무일지!$AC$5:$AC$1004,$BA32)) | L32: =IF($BA32="","",INDEX(업무일지!$AH$5:$AH$1004,$BA32)) | AZ32: =IF(AND(업무일지!$B36<>"",업무일지!$AG36="진행중"),MAX(0,TODAY()-업무일지!$B36)*10000+969,"") | BA32: =IFERROR(MATCH(LARGE($AZ$1:$AZ$1000,19),$AZ$1:$AZ$1000,0),"") | BB32: =IF(AND(일일실시사항!$B36<>"",일일실시사항!$J36="진행중"),MAX(0,TODAY()-일일실시사항!$B36)*10000+969,"")
A33: =IF($BA33="","",20) | B33: =IF($BA33="","",TODAY()-INDEX(업무일지!$B$5:$B$1004,$BA33)) | C33: =IF($BA33="","",INDEX(업무일지!$B$5:$B$1004,$BA33)) | D33: =IF($BA33="","",INDEX(업무일지!$C$5:$C$1004,$BA33)) | E33: =IF($BA33="","",INDEX(업무일지!$D$5:$D$1004,$BA33)) | F33: =IF($BA33="","",INDEX(업무일지!$E$5:$E$1004,$BA33)) | G33: =IF($BA33="","",INDEX(업무일지!$F$5:$F$1004,$BA33)) | H33: =IF($BA33="","",INDEX(업무일지!$H$5:$H$1004,$BA33)) | I33: =IF($BA33="","",INDEX(업무일지!$J$5:$J$1004,$BA33)) | J33: =IF($BA33="","",INDEX(업무일지!$Z$5:$Z$1004,$BA33)) | K33: =IF($BA33="","",INDEX(업무일지!$AC$5:$AC$1004,$BA33)) | L33: =IF($BA33="","",INDEX(업무일지!$AH$5:$AH$1004,$BA33)) | AZ33: =IF(AND(업무일지!$B37<>"",업무일지!$AG37="진행중"),MAX(0,TODAY()-업무일지!$B37)*10000+968,"") | BA33: =IFERROR(MATCH(LARGE($AZ$1:$AZ$1000,20),$AZ$1:$AZ$1000,0),"") | BB33: =IF(AND(일일실시사항!$B37<>"",일일실시사항!$J37="진행중"),MAX(0,TODAY()-일일실시사항!$B37)*10000+968,"")
A34: =IF($BA34="","",21) | B34: =IF($BA34="","",TODAY()-INDEX(업무일지!$B$5:$B$1004,$BA34)) | C34: =IF($BA34="","",INDEX(업무일지!$B$5:$B$1004,$BA34)) | D34: =IF($BA34="","",INDEX(업무일지!$C$5:$C$1004,$BA34)) | E34: =IF($BA34="","",INDEX(업무일지!$D$5:$D$1004,$BA34)) | F34: =IF($BA34="","",INDEX(업무일지!$E$5:$E$1004,$BA34)) | G34: =IF($BA34="","",INDEX(업무일지!$F$5:$F$1004,$BA34)) | H34: =IF($BA34="","",INDEX(업무일지!$H$5:$H$1004,$BA34)) | I34: =IF($BA34="","",INDEX(업무일지!$J$5:$J$1004,$BA34)) | J34: =IF($BA34="","",INDEX(업무일지!$Z$5:$Z$1004,$BA34)) | K34: =IF($BA34="","",INDEX(업무일지!$AC$5:$AC$1004,$BA34)) | L34: =IF($BA34="","",INDEX(업무일지!$AH$5:$AH$1004,$BA34)) | AZ34: =IF(AND(업무일지!$B38<>"",업무일지!$AG38="진행중"),MAX(0,TODAY()-업무일지!$B38)*10000+967,"") | BA34: =IFERROR(MATCH(LARGE($AZ$1:$AZ$1000,21),$AZ$1:$AZ$1000,0),"") | BB34: =IF(AND(일일실시사항!$B38<>"",일일실시사항!$J38="진행중"),MAX(0,TODAY()-일일실시사항!$B38)*10000+967,"")
A35: =IF($BA35="","",22) | B35: =IF($BA35="","",TODAY()-INDEX(업무일지!$B$5:$B$1004,$BA35)) | C35: =IF($BA35="","",INDEX(업무일지!$B$5:$B$1004,$BA35)) | D35: =IF($BA35="","",INDEX(업무일지!$C$5:$C$1004,$BA35)) | E35: =IF($BA35="","",INDEX(업무일지!$D$5:$D$1004,$BA35)) | F35: =IF($BA35="","",INDEX(업무일지!$E$5:$E$1004,$BA35)) | G35: =IF($BA35="","",INDEX(업무일지!$F$5:$F$1004,$BA35)) | H35: =IF($BA35="","",INDEX(업무일지!$H$5:$H$1004,$BA35)) | I35: =IF($BA35="","",INDEX(업무일지!$J$5:$J$1004,$BA35)) | J35: =IF($BA35="","",INDEX(업무일지!$Z$5:$Z$1004,$BA35)) | K35: =IF($BA35="","",INDEX(업무일지!$AC$5:$AC$1004,$BA35)) | L35: =IF($BA35="","",INDEX(업무일지!$AH$5:$AH$1004,$BA35)) | AZ35: =IF(AND(업무일지!$B39<>"",업무일지!$AG39="진행중"),MAX(0,TODAY()-업무일지!$B39)*10000+966,"") | BA35: =IFERROR(MATCH(LARGE($AZ$1:$AZ$1000,22),$AZ$1:$AZ$1000,0),"") | BB35: =IF(AND(일일실시사항!$B39<>"",일일실시사항!$J39="진행중"),MAX(0,TODAY()-일일실시사항!$B39)*10000+966,"")
A36: =IF($BA36="","",23) | B36: =IF($BA36="","",TODAY()-INDEX(업무일지!$B$5:$B$1004,$BA36)) | C36: =IF($BA36="","",INDEX(업무일지!$B$5:$B$1004,$BA36)) | D36: =IF($BA36="","",INDEX(업무일지!$C$5:$C$1004,$BA36)) | E36: =IF($BA36="","",INDEX(업무일지!$D$5:$D$1004,$BA36)) | F36: =IF($BA36="","",INDEX(업무일지!$E$5:$E$1004,$BA36)) | G36: =IF($BA36="","",INDEX(업무일지!$F$5:$F$1004,$BA36)) | H36: =IF($BA36="","",INDEX(업무일지!$H$5:$H$1004,$BA36)) | I36: =IF($BA36="","",INDEX(업무일지!$J$5:$J$1004,$BA36)) | J36: =IF($BA36="","",INDEX(업무일지!$Z$5:$Z$1004,$BA36)) | K36: =IF($BA36="","",INDEX(업무일지!$AC$5:$AC$1004,$BA36)) | L36: =IF($BA36="","",INDEX(업무일지!$AH$5:$AH$1004,$BA36)) | AZ36: =IF(AND(업무일지!$B40<>"",업무일지!$AG40="진행중"),MAX(0,TODAY()-업무일지!$B40)*10000+965,"") | BA36: =IFERROR(MATCH(LARGE($AZ$1:$AZ$1000,23),$AZ$1:$AZ$1000,0),"") | BB36: =IF(AND(일일실시사항!$B40<>"",일일실시사항!$J40="진행중"),MAX(0,TODAY()-일일실시사항!$B40)*10000+965,"")
A37: =IF($BA37="","",24) | B37: =IF($BA37="","",TODAY()-INDEX(업무일지!$B$5:$B$1004,$BA37)) | C37: =IF($BA37="","",INDEX(업무일지!$B$5:$B$1004,$BA37)) | D37: =IF($BA37="","",INDEX(업무일지!$C$5:$C$1004,$BA37)) | E37: =IF($BA37="","",INDEX(업무일지!$D$5:$D$1004,$BA37)) | F37: =IF($BA37="","",INDEX(업무일지!$E$5:$E$1004,$BA37)) | G37: =IF($BA37="","",INDEX(업무일지!$F$5:$F$1004,$BA37)) | H37: =IF($BA37="","",INDEX(업무일지!$H$5:$H$1004,$BA37)) | I37: =IF($BA37="","",INDEX(업무일지!$J$5:$J$1004,$BA37)) | J37: =IF($BA37="","",INDEX(업무일지!$Z$5:$Z$1004,$BA37)) | K37: =IF($BA37="","",INDEX(업무일지!$AC$5:$AC$1004,$BA37)) | L37: =IF($BA37="","",INDEX(업무일지!$AH$5:$AH$1004,$BA37)) | AZ37: =IF(AND(업무일지!$B41<>"",업무일지!$AG41="진행중"),MAX(0,TODAY()-업무일지!$B41)*10000+964,"") | BA37: =IFERROR(MATCH(LARGE($AZ$1:$AZ$1000,24),$AZ$1:$AZ$1000,0),"") | BB37: =IF(AND(일일실시사항!$B41<>"",일일실시사항!$J41="진행중"),MAX(0,TODAY()-일일실시사항!$B41)*10000+964,"")
A38: =IF($BA38="","",25) | B38: =IF($BA38="","",TODAY()-INDEX(업무일지!$B$5:$B$1004,$BA38)) | C38: =IF($BA38="","",INDEX(업무일지!$B$5:$B$1004,$BA38)) | D38: =IF($BA38="","",INDEX(업무일지!$C$5:$C$1004,$BA38)) | E38: =IF($BA38="","",INDEX(업무일지!$D$5:$D$1004,$BA38)) | F38: =IF($BA38="","",INDEX(업무일지!$E$5:$E$1004,$BA38)) | G38: =IF($BA38="","",INDEX(업무일지!$F$5:$F$1004,$BA38)) | H38: =IF($BA38="","",INDEX(업무일지!$H$5:$H$1004,$BA38)) | I38: =IF($BA38="","",INDEX(업무일지!$J$5:$J$1004,$BA38)) | J38: =IF($BA38="","",INDEX(업무일지!$Z$5:$Z$1004,$BA38)) | K38: =IF($BA38="","",INDEX(업무일지!$AC$5:$AC$1004,$BA38)) | L38: =IF($BA38="","",INDEX(업무일지!$AH$5:$AH$1004,$BA38)) | AZ38: =IF(AND(업무일지!$B42<>"",업무일지!$AG42="진행중"),MAX(0,TODAY()-업무일지!$B42)*10000+963,"") | BA38: =IFERROR(MATCH(LARGE($AZ$1:$AZ$1000,25),$AZ$1:$AZ$1000,0),"") | BB38: =IF(AND(일일실시사항!$B42<>"",일일실시사항!$J42="진행중"),MAX(0,TODAY()-일일실시사항!$B42)*10000+963,"")
A39: =IF($BA39="","",26) | B39: =IF($BA39="","",TODAY()-INDEX(업무일지!$B$5:$B$1004,$BA39)) | C39: =IF($BA39="","",INDEX(업무일지!$B$5:$B$1004,$BA39)) | D39: =IF($BA39="","",INDEX(업무일지!$C$5:$C$1004,$BA39)) | E39: =IF($BA39="","",INDEX(업무일지!$D$5:$D$1004,$BA39)) | F39: =IF($BA39="","",INDEX(업무일지!$E$5:$E$1004,$BA39)) | G39: =IF($BA39="","",INDEX(업무일지!$F$5:$F$1004,$BA39)) | H39: =IF($BA39="","",INDEX(업무일지!$H$5:$H$1004,$BA39)) | I39: =IF($BA39="","",INDEX(업무일지!$J$5:$J$1004,$BA39)) | J39: =IF($BA39="","",INDEX(업무일지!$Z$5:$Z$1004,$BA39)) | K39: =IF($BA39="","",INDEX(업무일지!$AC$5:$AC$1004,$BA39)) | L39: =IF($BA39="","",INDEX(업무일지!$AH$5:$AH$1004,$BA39)) | AZ39: =IF(AND(업무일지!$B43<>"",업무일지!$AG43="진행중"),MAX(0,TODAY()-업무일지!$B43)*10000+962,"") | BA39: =IFERROR(MATCH(LARGE($AZ$1:$AZ$1000,26),$AZ$1:$AZ$1000,0),"") | BB39: =IF(AND(일일실시사항!$B43<>"",일일실시사항!$J43="진행중"),MAX(0,TODAY()-일일실시사항!$B43)*10000+962,"")
A40: =IF($BA40="","",27) | B40: =IF($BA40="","",TODAY()-INDEX(업무일지!$B$5:$B$1004,$BA40)) | C40: =IF($BA40="","",INDEX(업무일지!$B$5:$B$1004,$BA40)) | D40: =IF($BA40="","",INDEX(업무일지!$C$5:$C$1004,$BA40)) | E40: =IF($BA40="","",INDEX(업무일지!$D$5:$D$1004,$BA40)) | F40: =IF($BA40="","",INDEX(업무일지!$E$5:$E$1004,$BA40)) | G40: =IF($BA40="","",INDEX(업무일지!$F$5:$F$1004,$BA40)) | H40: =IF($BA40="","",INDEX(업무일지!$H$5:$H$1004,$BA40)) | I40: =IF($BA40="","",INDEX(업무일지!$J$5:$J$1004,$BA40)) | J40: =IF($BA40="","",INDEX(업무일지!$Z$5:$Z$1004,$BA40)) | K40: =IF($BA40="","",INDEX(업무일지!$AC$5:$AC$1004,$BA40)) | L40: =IF($BA40="","",INDEX(업무일지!$AH$5:$AH$1004,$BA40)) | AZ40: =IF(AND(업무일지!$B44<>"",업무일지!$AG44="진행중"),MAX(0,TODAY()-업무일지!$B44)*10000+961,"") | BA40: =IFERROR(MATCH(LARGE($AZ$1:$AZ$1000,27),$AZ$1:$AZ$1000,0),"") | BB40: =IF(AND(일일실시사항!$B44<>"",일일실시사항!$J44="진행중"),MAX(0,TODAY()-일일실시사항!$B44)*10000+961,"")
A41: =IF($BA41="","",28) | B41: =IF($BA41="","",TODAY()-INDEX(업무일지!$B$5:$B$1004,$BA41)) | C41: =IF($BA41="","",INDEX(업무일지!$B$5:$B$1004,$BA41)) | D41: =IF($BA41="","",INDEX(업무일지!$C$5:$C$1004,$BA41)) | E41: =IF($BA41="","",INDEX(업무일지!$D$5:$D$1004,$BA41)) | F41: =IF($BA41="","",INDEX(업무일지!$E$5:$E$1004,$BA41)) | G41: =IF($BA41="","",INDEX(업무일지!$F$5:$F$1004,$BA41)) | H41: =IF($BA41="","",INDEX(업무일지!$H$5:$H$1004,$BA41)) | I41: =IF($BA41="","",INDEX(업무일지!$J$5:$J$1004,$BA41)) | J41: =IF($BA41="","",INDEX(업무일지!$Z$5:$Z$1004,$BA41)) | K41: =IF($BA41="","",INDEX(업무일지!$AC$5:$AC$1004,$BA41)) | L41: =IF($BA41="","",INDEX(업무일지!$AH$5:$AH$1004,$BA41)) | AZ41: =IF(AND(업무일지!$B45<>"",업무일지!$AG45="진행중"),MAX(0,TODAY()-업무일지!$B45)*10000+960,"") | BA41: =IFERROR(MATCH(LARGE($AZ$1:$AZ$1000,28),$AZ$1:$AZ$1000,0),"") | BB41: =IF(AND(일일실시사항!$B45<>"",일일실시사항!$J45="진행중"),MAX(0,TODAY()-일일실시사항!$B45)*10000+960,"")
A42: =IF($BA42="","",29) | B42: =IF($BA42="","",TODAY()-INDEX(업무일지!$B$5:$B$1004,$BA42)) | C42: =IF($BA42="","",INDEX(업무일지!$B$5:$B$1004,$BA42)) | D42: =IF($BA42="","",INDEX(업무일지!$C$5:$C$1004,$BA42)) | E42: =IF($BA42="","",INDEX(업무일지!$D$5:$D$1004,$BA42)) | F42: =IF($BA42="","",INDEX(업무일지!$E$5:$E$1004,$BA42)) | G42: =IF($BA42="","",INDEX(업무일지!$F$5:$F$1004,$BA42)) | H42: =IF($BA42="","",INDEX(업무일지!$H$5:$H$1004,$BA42)) | I42: =IF($BA42="","",INDEX(업무일지!$J$5:$J$1004,$BA42)) | J42: =IF($BA42="","",INDEX(업무일지!$Z$5:$Z$1004,$BA42)) | K42: =IF($BA42="","",INDEX(업무일지!$AC$5:$AC$1004,$BA42)) | L42: =IF($BA42="","",INDEX(업무일지!$AH$5:$AH$1004,$BA42)) | AZ42: =IF(AND(업무일지!$B46<>"",업무일지!$AG46="진행중"),MAX(0,TODAY()-업무일지!$B46)*10000+959,"") | BA42: =IFERROR(MATCH(LARGE($AZ$1:$AZ$1000,29),$AZ$1:$AZ$1000,0),"") | BB42: =IF(AND(일일실시사항!$B46<>"",일일실시사항!$J46="진행중"),MAX(0,TODAY()-일일실시사항!$B46)*10000+959,"")
A43: =IF($BA43="","",30) | B43: =IF($BA43="","",TODAY()-INDEX(업무일지!$B$5:$B$1004,$BA43)) | C43: =IF($BA43="","",INDEX(업무일지!$B$5:$B$1004,$BA43)) | D43: =IF($BA43="","",INDEX(업무일지!$C$5:$C$1004,$BA43)) | E43: =IF($BA43="","",INDEX(업무일지!$D$5:$D$1004,$BA43)) | F43: =IF($BA43="","",INDEX(업무일지!$E$5:$E$1004,$BA43)) | G43: =IF($BA43="","",INDEX(업무일지!$F$5:$F$1004,$BA43)) | H43: =IF($BA43="","",INDEX(업무일지!$H$5:$H$1004,$BA43)) | I43: =IF($BA43="","",INDEX(업무일지!$J$5:$J$1004,$BA43)) | J43: =IF($BA43="","",INDEX(업무일지!$Z$5:$Z$1004,$BA43)) | K43: =IF($BA43="","",INDEX(업무일지!$AC$5:$AC$1004,$BA43)) | L43: =IF($BA43="","",INDEX(업무일지!$AH$5:$AH$1004,$BA43)) | AZ43: =IF(AND(업무일지!$B47<>"",업무일지!$AG47="진행중"),MAX(0,TODAY()-업무일지!$B47)*10000+958,"") | BA43: =IFERROR(MATCH(LARGE($AZ$1:$AZ$1000,30),$AZ$1:$AZ$1000,0),"") | BB43: =IF(AND(일일실시사항!$B47<>"",일일실시사항!$J47="진행중"),MAX(0,TODAY()-일일실시사항!$B47)*10000+958,"")
A44: =IF($BA44="","",31) | B44: =IF($BA44="","",TODAY()-INDEX(업무일지!$B$5:$B$1004,$BA44)) | C44: =IF($BA44="","",INDEX(업무일지!$B$5:$B$1004,$BA44)) | D44: =IF($BA44="","",INDEX(업무일지!$C$5:$C$1004,$BA44)) | E44: =IF($BA44="","",INDEX(업무일지!$D$5:$D$1004,$BA44)) | F44: =IF($BA44="","",INDEX(업무일지!$E$5:$E$1004,$BA44)) | G44: =IF($BA44="","",INDEX(업무일지!$F$5:$F$1004,$BA44)) | H44: =IF($BA44="","",INDEX(업무일지!$H$5:$H$1004,$BA44)) | I44: =IF($BA44="","",INDEX(업무일지!$J$5:$J$1004,$BA44)) | J44: =IF($BA44="","",INDEX(업무일지!$Z$5:$Z$1004,$BA44)) | K44: =IF($BA44="","",INDEX(업무일지!$AC$5:$AC$1004,$BA44)) | L44: =IF($BA44="","",INDEX(업무일지!$AH$5:$AH$1004,$BA44)) | AZ44: =IF(AND(업무일지!$B48<>"",업무일지!$AG48="진행중"),MAX(0,TODAY()-업무일지!$B48)*10000+957,"") | BA44: =IFERROR(MATCH(LARGE($AZ$1:$AZ$1000,31),$AZ$1:$AZ$1000,0),"") | BB44: =IF(AND(일일실시사항!$B48<>"",일일실시사항!$J48="진행중"),MAX(0,TODAY()-일일실시사항!$B48)*10000+957,"")
A45: =IF($BA45="","",32) | B45: =IF($BA45="","",TODAY()-INDEX(업무일지!$B$5:$B$1004,$BA45)) | C45: =IF($BA45="","",INDEX(업무일지!$B$5:$B$1004,$BA45)) | D45: =IF($BA45="","",INDEX(업무일지!$C$5:$C$1004,$BA45)) | E45: =IF($BA45="","",INDEX(업무일지!$D$5:$D$1004,$BA45)) | F45: =IF($BA45="","",INDEX(업무일지!$E$5:$E$1004,$BA45)) | G45: =IF($BA45="","",INDEX(업무일지!$F$5:$F$1004,$BA45)) | H45: =IF($BA45="","",INDEX(업무일지!$H$5:$H$1004,$BA45)) | I45: =IF($BA45="","",INDEX(업무일지!$J$5:$J$1004,$BA45)) | J45: =IF($BA45="","",INDEX(업무일지!$Z$5:$Z$1004,$BA45)) | K45: =IF($BA45="","",INDEX(업무일지!$AC$5:$AC$1004,$BA45)) | L45: =IF($BA45="","",INDEX(업무일지!$AH$5:$AH$1004,$BA45)) | AZ45: =IF(AND(업무일지!$B49<>"",업무일지!$AG49="진행중"),MAX(0,TODAY()-업무일지!$B49)*10000+956,"") | BA45: =IFERROR(MATCH(LARGE($AZ$1:$AZ$1000,32),$AZ$1:$AZ$1000,0),"") | BB45: =IF(AND(일일실시사항!$B49<>"",일일실시사항!$J49="진행중"),MAX(0,TODAY()-일일실시사항!$B49)*10000+956,"")
A46: =IF($BA46="","",33) | B46: =IF($BA46="","",TODAY()-INDEX(업무일지!$B$5:$B$1004,$BA46)) | C46: =IF($BA46="","",INDEX(업무일지!$B$5:$B$1004,$BA46)) | D46: =IF($BA46="","",INDEX(업무일지!$C$5:$C$1004,$BA46)) | E46: =IF($BA46="","",INDEX(업무일지!$D$5:$D$1004,$BA46)) | F46: =IF($BA46="","",INDEX(업무일지!$E$5:$E$1004,$BA46)) | G46: =IF($BA46="","",INDEX(업무일지!$F$5:$F$1004,$BA46)) | H46: =IF($BA46="","",INDEX(업무일지!$H$5:$H$1004,$BA46)) | I46: =IF($BA46="","",INDEX(업무일지!$J$5:$J$1004,$BA46)) | J46: =IF($BA46="","",INDEX(업무일지!$Z$5:$Z$1004,$BA46)) | K46: =IF($BA46="","",INDEX(업무일지!$AC$5:$AC$1004,$BA46)) | L46: =IF($BA46="","",INDEX(업무일지!$AH$5:$AH$1004,$BA46)) | AZ46: =IF(AND(업무일지!$B50<>"",업무일지!$AG50="진행중"),MAX(0,TODAY()-업무일지!$B50)*10000+955,"") | BA46: =IFERROR(MATCH(LARGE($AZ$1:$AZ$1000,33),$AZ$1:$AZ$1000,0),"") | BB46: =IF(AND(일일실시사항!$B50<>"",일일실시사항!$J50="진행중"),MAX(0,TODAY()-일일실시사항!$B50)*10000+955,"")
A47: =IF($BA47="","",34) | B47: =IF($BA47="","",TODAY()-INDEX(업무일지!$B$5:$B$1004,$BA47)) | C47: =IF($BA47="","",INDEX(업무일지!$B$5:$B$1004,$BA47)) | D47: =IF($BA47="","",INDEX(업무일지!$C$5:$C$1004,$BA47)) | E47: =IF($BA47="","",INDEX(업무일지!$D$5:$D$1004,$BA47)) | F47: =IF($BA47="","",INDEX(업무일지!$E$5:$E$1004,$BA47)) | G47: =IF($BA47="","",INDEX(업무일지!$F$5:$F$1004,$BA47)) | H47: =IF($BA47="","",INDEX(업무일지!$H$5:$H$1004,$BA47)) | I47: =IF($BA47="","",INDEX(업무일지!$J$5:$J$1004,$BA47)) | J47: =IF($BA47="","",INDEX(업무일지!$Z$5:$Z$1004,$BA47)) | K47: =IF($BA47="","",INDEX(업무일지!$AC$5:$AC$1004,$BA47)) | L47: =IF($BA47="","",INDEX(업무일지!$AH$5:$AH$1004,$BA47)) | AZ47: =IF(AND(업무일지!$B51<>"",업무일지!$AG51="진행중"),MAX(0,TODAY()-업무일지!$B51)*10000+954,"") | BA47: =IFERROR(MATCH(LARGE($AZ$1:$AZ$1000,34),$AZ$1:$AZ$1000,0),"") | BB47: =IF(AND(일일실시사항!$B51<>"",일일실시사항!$J51="진행중"),MAX(0,TODAY()-일일실시사항!$B51)*10000+954,"")
A48: =IF($BA48="","",35) | B48: =IF($BA48="","",TODAY()-INDEX(업무일지!$B$5:$B$1004,$BA48)) | C48: =IF($BA48="","",INDEX(업무일지!$B$5:$B$1004,$BA48)) | D48: =IF($BA48="","",INDEX(업무일지!$C$5:$C$1004,$BA48)) | E48: =IF($BA48="","",INDEX(업무일지!$D$5:$D$1004,$BA48)) | F48: =IF($BA48="","",INDEX(업무일지!$E$5:$E$1004,$BA48)) | G48: =IF($BA48="","",INDEX(업무일지!$F$5:$F$1004,$BA48)) | H48: =IF($BA48="","",INDEX(업무일지!$H$5:$H$1004,$BA48)) | I48: =IF($BA48="","",INDEX(업무일지!$J$5:$J$1004,$BA48)) | J48: =IF($BA48="","",INDEX(업무일지!$Z$5:$Z$1004,$BA48)) | K48: =IF($BA48="","",INDEX(업무일지!$AC$5:$AC$1004,$BA48)) | L48: =IF($BA48="","",INDEX(업무일지!$AH$5:$AH$1004,$BA48)) | AZ48: =IF(AND(업무일지!$B52<>"",업무일지!$AG52="진행중"),MAX(0,TODAY()-업무일지!$B52)*10000+953,"") | BA48: =IFERROR(MATCH(LARGE($AZ$1:$AZ$1000,35),$AZ$1:$AZ$1000,0),"") | BB48: =IF(AND(일일실시사항!$B52<>"",일일실시사항!$J52="진행중"),MAX(0,TODAY()-일일실시사항!$B52)*10000+953,"")
A49: =IF($BA49="","",36) | B49: =IF($BA49="","",TODAY()-INDEX(업무일지!$B$5:$B$1004,$BA49)) | C49: =IF($BA49="","",INDEX(업무일지!$B$5:$B$1004,$BA49)) | D49: =IF($BA49="","",INDEX(업무일지!$C$5:$C$1004,$BA49)) | E49: =IF($BA49="","",INDEX(업무일지!$D$5:$D$1004,$BA49)) | F49: =IF($BA49="","",INDEX(업무일지!$E$5:$E$1004,$BA49)) | G49: =IF($BA49="","",INDEX(업무일지!$F$5:$F$1004,$BA49)) | H49: =IF($BA49="","",INDEX(업무일지!$H$5:$H$1004,$BA49)) | I49: =IF($BA49="","",INDEX(업무일지!$J$5:$J$1004,$BA49)) | J49: =IF($BA49="","",INDEX(업무일지!$Z$5:$Z$1004,$BA49)) | K49: =IF($BA49="","",INDEX(업무일지!$AC$5:$AC$1004,$BA49)) | L49: =IF($BA49="","",INDEX(업무일지!$AH$5:$AH$1004,$BA49)) | AZ49: =IF(AND(업무일지!$B53<>"",업무일지!$AG53="진행중"),MAX(0,TODAY()-업무일지!$B53)*10000+952,"") | BA49: =IFERROR(MATCH(LARGE($AZ$1:$AZ$1000,36),$AZ$1:$AZ$1000,0),"") | BB49: =IF(AND(일일실시사항!$B53<>"",일일실시사항!$J53="진행중"),MAX(0,TODAY()-일일실시사항!$B53)*10000+952,"")
A50: =IF($BA50="","",37) | B50: =IF($BA50="","",TODAY()-INDEX(업무일지!$B$5:$B$1004,$BA50)) | C50: =IF($BA50="","",INDEX(업무일지!$B$5:$B$1004,$BA50)) | D50: =IF($BA50="","",INDEX(업무일지!$C$5:$C$1004,$BA50)) | E50: =IF($BA50="","",INDEX(업무일지!$D$5:$D$1004,$BA50)) | F50: =IF($BA50="","",INDEX(업무일지!$E$5:$E$1004,$BA50)) | G50: =IF($BA50="","",INDEX(업무일지!$F$5:$F$1004,$BA50)) | H50: =IF($BA50="","",INDEX(업무일지!$H$5:$H$1004,$BA50)) | I50: =IF($BA50="","",INDEX(업무일지!$J$5:$J$1004,$BA50)) | J50: =IF($BA50="","",INDEX(업무일지!$Z$5:$Z$1004,$BA50)) | K50: =IF($BA50="","",INDEX(업무일지!$AC$5:$AC$1004,$BA50)) | L50: =IF($BA50="","",INDEX(업무일지!$AH$5:$AH$1004,$BA50)) | AZ50: =IF(AND(업무일지!$B54<>"",업무일지!$AG54="진행중"),MAX(0,TODAY()-업무일지!$B54)*10000+951,"") | BA50: =IFERROR(MATCH(LARGE($AZ$1:$AZ$1000,37),$AZ$1:$AZ$1000,0),"") | BB50: =IF(AND(일일실시사항!$B54<>"",일일실시사항!$J54="진행중"),MAX(0,TODAY()-일일실시사항!$B54)*10000+951,"")
A51: =IF($BA51="","",38) | B51: =IF($BA51="","",TODAY()-INDEX(업무일지!$B$5:$B$1004,$BA51)) | C51: =IF($BA51="","",INDEX(업무일지!$B$5:$B$1004,$BA51)) | D51: =IF($BA51="","",INDEX(업무일지!$C$5:$C$1004,$BA51)) | E51: =IF($BA51="","",INDEX(업무일지!$D$5:$D$1004,$BA51)) | F51: =IF($BA51="","",INDEX(업무일지!$E$5:$E$1004,$BA51)) | G51: =IF($BA51="","",INDEX(업무일지!$F$5:$F$1004,$BA51)) | H51: =IF($BA51="","",INDEX(업무일지!$H$5:$H$1004,$BA51)) | I51: =IF($BA51="","",INDEX(업무일지!$J$5:$J$1004,$BA51)) | J51: =IF($BA51="","",INDEX(업무일지!$Z$5:$Z$1004,$BA51)) | K51: =IF($BA51="","",INDEX(업무일지!$AC$5:$AC$1004,$BA51)) | L51: =IF($BA51="","",INDEX(업무일지!$AH$5:$AH$1004,$BA51)) | AZ51: =IF(AND(업무일지!$B55<>"",업무일지!$AG55="진행중"),MAX(0,TODAY()-업무일지!$B55)*10000+950,"") | BA51: =IFERROR(MATCH(LARGE($AZ$1:$AZ$1000,38),$AZ$1:$AZ$1000,0),"") | BB51: =IF(AND(일일실시사항!$B55<>"",일일실시사항!$J55="진행중"),MAX(0,TODAY()-일일실시사항!$B55)*10000+950,"")
A52: =IF($BA52="","",39) | B52: =IF($BA52="","",TODAY()-INDEX(업무일지!$B$5:$B$1004,$BA52)) | C52: =IF($BA52="","",INDEX(업무일지!$B$5:$B$1004,$BA52)) | D52: =IF($BA52="","",INDEX(업무일지!$C$5:$C$1004,$BA52)) | E52: =IF($BA52="","",INDEX(업무일지!$D$5:$D$1004,$BA52)) | F52: =IF($BA52="","",INDEX(업무일지!$E$5:$E$1004,$BA52)) | G52: =IF($BA52="","",INDEX(업무일지!$F$5:$F$1004,$BA52)) | H52: =IF($BA52="","",INDEX(업무일지!$H$5:$H$1004,$BA52)) | I52: =IF($BA52="","",INDEX(업무일지!$J$5:$J$1004,$BA52)) | J52: =IF($BA52="","",INDEX(업무일지!$Z$5:$Z$1004,$BA52)) | K52: =IF($BA52="","",INDEX(업무일지!$AC$5:$AC$1004,$BA52)) | L52: =IF($BA52="","",INDEX(업무일지!$AH$5:$AH$1004,$BA52)) | AZ52: =IF(AND(업무일지!$B56<>"",업무일지!$AG56="진행중"),MAX(0,TODAY()-업무일지!$B56)*10000+949,"") | BA52: =IFERROR(MATCH(LARGE($AZ$1:$AZ$1000,39),$AZ$1:$AZ$1000,0),"") | BB52: =IF(AND(일일실시사항!$B56<>"",일일실시사항!$J56="진행중"),MAX(0,TODAY()-일일실시사항!$B56)*10000+949,"")
A53: =IF($BA53="","",40) | B53: =IF($BA53="","",TODAY()-INDEX(업무일지!$B$5:$B$1004,$BA53)) | C53: =IF($BA53="","",INDEX(업무일지!$B$5:$B$1004,$BA53)) | D53: =IF($BA53="","",INDEX(업무일지!$C$5:$C$1004,$BA53)) | E53: =IF($BA53="","",INDEX(업무일지!$D$5:$D$1004,$BA53)) | F53: =IF($BA53="","",INDEX(업무일지!$E$5:$E$1004,$BA53)) | G53: =IF($BA53="","",INDEX(업무일지!$F$5:$F$1004,$BA53)) | H53: =IF($BA53="","",INDEX(업무일지!$H$5:$H$1004,$BA53)) | I53: =IF($BA53="","",INDEX(업무일지!$J$5:$J$1004,$BA53)) | J53: =IF($BA53="","",INDEX(업무일지!$Z$5:$Z$1004,$BA53)) | K53: =IF($BA53="","",INDEX(업무일지!$AC$5:$AC$1004,$BA53)) | L53: =IF($BA53="","",INDEX(업무일지!$AH$5:$AH$1004,$BA53)) | AZ53: =IF(AND(업무일지!$B57<>"",업무일지!$AG57="진행중"),MAX(0,TODAY()-업무일지!$B57)*10000+948,"") | BA53: =IFERROR(MATCH(LARGE($AZ$1:$AZ$1000,40),$AZ$1:$AZ$1000,0),"") | BB53: =IF(AND(일일실시사항!$B57<>"",일일실시사항!$J57="진행중"),MAX(0,TODAY()-일일실시사항!$B57)*10000+948,"")
A54: =IF($BA54="","",41) | B54: =IF($BA54="","",TODAY()-INDEX(업무일지!$B$5:$B$1004,$BA54)) | C54: =IF($BA54="","",INDEX(업무일지!$B$5:$B$1004,$BA54)) | D54: =IF($BA54="","",INDEX(업무일지!$C$5:$C$1004,$BA54)) | E54: =IF($BA54="","",INDEX(업무일지!$D$5:$D$1004,$BA54)) | F54: =IF($BA54="","",INDEX(업무일지!$E$5:$E$1004,$BA54)) | G54: =IF($BA54="","",INDEX(업무일지!$F$5:$F$1004,$BA54)) | H54: =IF($BA54="","",INDEX(업무일지!$H$5:$H$1004,$BA54)) | I54: =IF($BA54="","",INDEX(업무일지!$J$5:$J$1004,$BA54)) | J54: =IF($BA54="","",INDEX(업무일지!$Z$5:$Z$1004,$BA54)) | K54: =IF($BA54="","",INDEX(업무일지!$AC$5:$AC$1004,$BA54)) | L54: =IF($BA54="","",INDEX(업무일지!$AH$5:$AH$1004,$BA54)) | AZ54: =IF(AND(업무일지!$B58<>"",업무일지!$AG58="진행중"),MAX(0,TODAY()-업무일지!$B58)*10000+947,"") | BA54: =IFERROR(MATCH(LARGE($AZ$1:$AZ$1000,41),$AZ$1:$AZ$1000,0),"") | BB54: =IF(AND(일일실시사항!$B58<>"",일일실시사항!$J58="진행중"),MAX(0,TODAY()-일일실시사항!$B58)*10000+947,"")
A55: =IF($BA55="","",42) | B55: =IF($BA55="","",TODAY()-INDEX(업무일지!$B$5:$B$1004,$BA55)) | C55: =IF($BA55="","",INDEX(업무일지!$B$5:$B$1004,$BA55)) | D55: =IF($BA55="","",INDEX(업무일지!$C$5:$C$1004,$BA55)) | E55: =IF($BA55="","",INDEX(업무일지!$D$5:$D$1004,$BA55)) | F55: =IF($BA55="","",INDEX(업무일지!$E$5:$E$1004,$BA55)) | G55: =IF($BA55="","",INDEX(업무일지!$F$5:$F$1004,$BA55)) | H55: =IF($BA55="","",INDEX(업무일지!$H$5:$H$1004,$BA55)) | I55: =IF($BA55="","",INDEX(업무일지!$J$5:$J$1004,$BA55)) | J55: =IF($BA55="","",INDEX(업무일지!$Z$5:$Z$1004,$BA55)) | K55: =IF($BA55="","",INDEX(업무일지!$AC$5:$AC$1004,$BA55)) | L55: =IF($BA55="","",INDEX(업무일지!$AH$5:$AH$1004,$BA55)) | AZ55: =IF(AND(업무일지!$B59<>"",업무일지!$AG59="진행중"),MAX(0,TODAY()-업무일지!$B59)*10000+946,"") | BA55: =IFERROR(MATCH(LARGE($AZ$1:$AZ$1000,42),$AZ$1:$AZ$1000,0),"") | BB55: =IF(AND(일일실시사항!$B59<>"",일일실시사항!$J59="진행중"),MAX(0,TODAY()-일일실시사항!$B59)*10000+946,"")
A56: =IF($BA56="","",43) | B56: =IF($BA56="","",TODAY()-INDEX(업무일지!$B$5:$B$1004,$BA56)) | C56: =IF($BA56="","",INDEX(업무일지!$B$5:$B$1004,$BA56)) | D56: =IF($BA56="","",INDEX(업무일지!$C$5:$C$1004,$BA56)) | E56: =IF($BA56="","",INDEX(업무일지!$D$5:$D$1004,$BA56)) | F56: =IF($BA56="","",INDEX(업무일지!$E$5:$E$1004,$BA56)) | G56: =IF($BA56="","",INDEX(업무일지!$F$5:$F$1004,$BA56)) | H56: =IF($BA56="","",INDEX(업무일지!$H$5:$H$1004,$BA56)) | I56: =IF($BA56="","",INDEX(업무일지!$J$5:$J$1004,$BA56)) | J56: =IF($BA56="","",INDEX(업무일지!$Z$5:$Z$1004,$BA56)) | K56: =IF($BA56="","",INDEX(업무일지!$AC$5:$AC$1004,$BA56)) | L56: =IF($BA56="","",INDEX(업무일지!$AH$5:$AH$1004,$BA56)) | AZ56: =IF(AND(업무일지!$B60<>"",업무일지!$AG60="진행중"),MAX(0,TODAY()-업무일지!$B60)*10000+945,"") | BA56: =IFERROR(MATCH(LARGE($AZ$1:$AZ$1000,43),$AZ$1:$AZ$1000,0),"") | BB56: =IF(AND(일일실시사항!$B60<>"",일일실시사항!$J60="진행중"),MAX(0,TODAY()-일일실시사항!$B60)*10000+945,"")
A57: =IF($BA57="","",44) | B57: =IF($BA57="","",TODAY()-INDEX(업무일지!$B$5:$B$1004,$BA57)) | C57: =IF($BA57="","",INDEX(업무일지!$B$5:$B$1004,$BA57)) | D57: =IF($BA57="","",INDEX(업무일지!$C$5:$C$1004,$BA57)) | E57: =IF($BA57="","",INDEX(업무일지!$D$5:$D$1004,$BA57)) | F57: =IF($BA57="","",INDEX(업무일지!$E$5:$E$1004,$BA57)) | G57: =IF($BA57="","",INDEX(업무일지!$F$5:$F$1004,$BA57)) | H57: =IF($BA57="","",INDEX(업무일지!$H$5:$H$1004,$BA57)) | I57: =IF($BA57="","",INDEX(업무일지!$J$5:$J$1004,$BA57)) | J57: =IF($BA57="","",INDEX(업무일지!$Z$5:$Z$1004,$BA57)) | K57: =IF($BA57="","",INDEX(업무일지!$AC$5:$AC$1004,$BA57)) | L57: =IF($BA57="","",INDEX(업무일지!$AH$5:$AH$1004,$BA57)) | AZ57: =IF(AND(업무일지!$B61<>"",업무일지!$AG61="진행중"),MAX(0,TODAY()-업무일지!$B61)*10000+944,"") | BA57: =IFERROR(MATCH(LARGE($AZ$1:$AZ$1000,44),$AZ$1:$AZ$1000,0),"") | BB57: =IF(AND(일일실시사항!$B61<>"",일일실시사항!$J61="진행중"),MAX(0,TODAY()-일일실시사항!$B61)*10000+944,"")
A58: =IF($BA58="","",45) | B58: =IF($BA58="","",TODAY()-INDEX(업무일지!$B$5:$B$1004,$BA58)) | C58: =IF($BA58="","",INDEX(업무일지!$B$5:$B$1004,$BA58)) | D58: =IF($BA58="","",INDEX(업무일지!$C$5:$C$1004,$BA58)) | E58: =IF($BA58="","",INDEX(업무일지!$D$5:$D$1004,$BA58)) | F58: =IF($BA58="","",INDEX(업무일지!$E$5:$E$1004,$BA58)) | G58: =IF($BA58="","",INDEX(업무일지!$F$5:$F$1004,$BA58)) | H58: =IF($BA58="","",INDEX(업무일지!$H$5:$H$1004,$BA58)) | I58: =IF($BA58="","",INDEX(업무일지!$J$5:$J$1004,$BA58)) | J58: =IF($BA58="","",INDEX(업무일지!$Z$5:$Z$1004,$BA58)) | K58: =IF($BA58="","",INDEX(업무일지!$AC$5:$AC$1004,$BA58)) | L58: =IF($BA58="","",INDEX(업무일지!$AH$5:$AH$1004,$BA58)) | AZ58: =IF(AND(업무일지!$B62<>"",업무일지!$AG62="진행중"),MAX(0,TODAY()-업무일지!$B62)*10000+943,"") | BA58: =IFERROR(MATCH(LARGE($AZ$1:$AZ$1000,45),$AZ$1:$AZ$1000,0),"") | BB58: =IF(AND(일일실시사항!$B62<>"",일일실시사항!$J62="진행중"),MAX(0,TODAY()-일일실시사항!$B62)*10000+943,"")
A59: =IF($BA59="","",46) | B59: =IF($BA59="","",TODAY()-INDEX(업무일지!$B$5:$B$1004,$BA59)) | C59: =IF($BA59="","",INDEX(업무일지!$B$5:$B$1004,$BA59)) | D59: =IF($BA59="","",INDEX(업무일지!$C$5:$C$1004,$BA59)) | E59: =IF($BA59="","",INDEX(업무일지!$D$5:$D$1004,$BA59)) | F59: =IF($BA59="","",INDEX(업무일지!$E$5:$E$1004,$BA59)) | G59: =IF($BA59="","",INDEX(업무일지!$F$5:$F$1004,$BA59)) | H59: =IF($BA59="","",INDEX(업무일지!$H$5:$H$1004,$BA59)) | I59: =IF($BA59="","",INDEX(업무일지!$J$5:$J$1004,$BA59)) | J59: =IF($BA59="","",INDEX(업무일지!$Z$5:$Z$1004,$BA59)) | K59: =IF($BA59="","",INDEX(업무일지!$AC$5:$AC$1004,$BA59)) | L59: =IF($BA59="","",INDEX(업무일지!$AH$5:$AH$1004,$BA59)) | AZ59: =IF(AND(업무일지!$B63<>"",업무일지!$AG63="진행중"),MAX(0,TODAY()-업무일지!$B63)*10000+942,"") | BA59: =IFERROR(MATCH(LARGE($AZ$1:$AZ$1000,46),$AZ$1:$AZ$1000,0),"") | BB59: =IF(AND(일일실시사항!$B63<>"",일일실시사항!$J63="진행중"),MAX(0,TODAY()-일일실시사항!$B63)*10000+942,"")
A60: =IF($BA60="","",47) | B60: =IF($BA60="","",TODAY()-INDEX(업무일지!$B$5:$B$1004,$BA60)) | C60: =IF($BA60="","",INDEX(업무일지!$B$5:$B$1004,$BA60)) | D60: =IF($BA60="","",INDEX(업무일지!$C$5:$C$1004,$BA60)) | E60: =IF($BA60="","",INDEX(업무일지!$D$5:$D$1004,$BA60)) | F60: =IF($BA60="","",INDEX(업무일지!$E$5:$E$1004,$BA60)) | G60: =IF($BA60="","",INDEX(업무일지!$F$5:$F$1004,$BA60)) | H60: =IF($BA60="","",INDEX(업무일지!$H$5:$H$1004,$BA60)) | I60: =IF($BA60="","",INDEX(업무일지!$J$5:$J$1004,$BA60)) | J60: =IF($BA60="","",INDEX(업무일지!$Z$5:$Z$1004,$BA60)) | K60: =IF($BA60="","",INDEX(업무일지!$AC$5:$AC$1004,$BA60)) | L60: =IF($BA60="","",INDEX(업무일지!$AH$5:$AH$1004,$BA60)) | AZ60: =IF(AND(업무일지!$B64<>"",업무일지!$AG64="진행중"),MAX(0,TODAY()-업무일지!$B64)*10000+941,"") | BA60: =IFERROR(MATCH(LARGE($AZ$1:$AZ$1000,47),$AZ$1:$AZ$1000,0),"") | BB60: =IF(AND(일일실시사항!$B64<>"",일일실시사항!$J64="진행중"),MAX(0,TODAY()-일일실시사항!$B64)*10000+941,"")
A61: =IF($BA61="","",48) | B61: =IF($BA61="","",TODAY()-INDEX(업무일지!$B$5:$B$1004,$BA61)) | C61: =IF($BA61="","",INDEX(업무일지!$B$5:$B$1004,$BA61)) | D61: =IF($BA61="","",INDEX(업무일지!$C$5:$C$1004,$BA61)) | E61: =IF($BA61="","",INDEX(업무일지!$D$5:$D$1004,$BA61)) | F61: =IF($BA61="","",INDEX(업무일지!$E$5:$E$1004,$BA61)) | G61: =IF($BA61="","",INDEX(업무일지!$F$5:$F$1004,$BA61)) | H61: =IF($BA61="","",INDEX(업무일지!$H$5:$H$1004,$BA61)) | I61: =IF($BA61="","",INDEX(업무일지!$J$5:$J$1004,$BA61)) | J61: =IF($BA61="","",INDEX(업무일지!$Z$5:$Z$1004,$BA61)) | K61: =IF($BA61="","",INDEX(업무일지!$AC$5:$AC$1004,$BA61)) | L61: =IF($BA61="","",INDEX(업무일지!$AH$5:$AH$1004,$BA61)) | AZ61: =IF(AND(업무일지!$B65<>"",업무일지!$AG65="진행중"),MAX(0,TODAY()-업무일지!$B65)*10000+940,"") | BA61: =IFERROR(MATCH(LARGE($AZ$1:$AZ$1000,48),$AZ$1:$AZ$1000,0),"") | BB61: =IF(AND(일일실시사항!$B65<>"",일일실시사항!$J65="진행중"),MAX(0,TODAY()-일일실시사항!$B65)*10000+940,"")
A62: =IF($BA62="","",49) | B62: =IF($BA62="","",TODAY()-INDEX(업무일지!$B$5:$B$1004,$BA62)) | C62: =IF($BA62="","",INDEX(업무일지!$B$5:$B$1004,$BA62)) | D62: =IF($BA62="","",INDEX(업무일지!$C$5:$C$1004,$BA62)) | E62: =IF($BA62="","",INDEX(업무일지!$D$5:$D$1004,$BA62)) | F62: =IF($BA62="","",INDEX(업무일지!$E$5:$E$1004,$BA62)) | G62: =IF($BA62="","",INDEX(업무일지!$F$5:$F$1004,$BA62)) | H62: =IF($BA62="","",INDEX(업무일지!$H$5:$H$1004,$BA62)) | I62: =IF($BA62="","",INDEX(업무일지!$J$5:$J$1004,$BA62)) | J62: =IF($BA62="","",INDEX(업무일지!$Z$5:$Z$1004,$BA62)) | K62: =IF($BA62="","",INDEX(업무일지!$AC$5:$AC$1004,$BA62)) | L62: =IF($BA62="","",INDEX(업무일지!$AH$5:$AH$1004,$BA62)) | AZ62: =IF(AND(업무일지!$B66<>"",업무일지!$AG66="진행중"),MAX(0,TODAY()-업무일지!$B66)*10000+939,"") | BA62: =IFERROR(MATCH(LARGE($AZ$1:$AZ$1000,49),$AZ$1:$AZ$1000,0),"") | BB62: =IF(AND(일일실시사항!$B66<>"",일일실시사항!$J66="진행중"),MAX(0,TODAY()-일일실시사항!$B66)*10000+939,"")
A63: =IF($BA63="","",50) | B63: =IF($BA63="","",TODAY()-INDEX(업무일지!$B$5:$B$1004,$BA63)) | C63: =IF($BA63="","",INDEX(업무일지!$B$5:$B$1004,$BA63)) | D63: =IF($BA63="","",INDEX(업무일지!$C$5:$C$1004,$BA63)) | E63: =IF($BA63="","",INDEX(업무일지!$D$5:$D$1004,$BA63)) | F63: =IF($BA63="","",INDEX(업무일지!$E$5:$E$1004,$BA63)) | G63: =IF($BA63="","",INDEX(업무일지!$F$5:$F$1004,$BA63)) | H63: =IF($BA63="","",INDEX(업무일지!$H$5:$H$1004,$BA63)) | I63: =IF($BA63="","",INDEX(업무일지!$J$5:$J$1004,$BA63)) | J63: =IF($BA63="","",INDEX(업무일지!$Z$5:$Z$1004,$BA63)) | K63: =IF($BA63="","",INDEX(업무일지!$AC$5:$AC$1004,$BA63)) | L63: =IF($BA63="","",INDEX(업무일지!$AH$5:$AH$1004,$BA63)) | AZ63: =IF(AND(업무일지!$B67<>"",업무일지!$AG67="진행중"),MAX(0,TODAY()-업무일지!$B67)*10000+938,"") | BA63: =IFERROR(MATCH(LARGE($AZ$1:$AZ$1000,50),$AZ$1:$AZ$1000,0),"") | BB63: =IF(AND(일일실시사항!$B67<>"",일일실시사항!$J67="진행중"),MAX(0,TODAY()-일일실시사항!$B67)*10000+938,"")
A64: =IF($BA64="","",51) | B64: =IF($BA64="","",TODAY()-INDEX(업무일지!$B$5:$B$1004,$BA64)) | C64: =IF($BA64="","",INDEX(업무일지!$B$5:$B$1004,$BA64)) | D64: =IF($BA64="","",INDEX(업무일지!$C$5:$C$1004,$BA64)) | E64: =IF($BA64="","",INDEX(업무일지!$D$5:$D$1004,$BA64)) | F64: =IF($BA64="","",INDEX(업무일지!$E$5:$E$1004,$BA64)) | G64: =IF($BA64="","",INDEX(업무일지!$F$5:$F$1004,$BA64)) | H64: =IF($BA64="","",INDEX(업무일지!$H$5:$H$1004,$BA64)) | I64: =IF($BA64="","",INDEX(업무일지!$J$5:$J$1004,$BA64)) | J64: =IF($BA64="","",INDEX(업무일지!$Z$5:$Z$1004,$BA64)) | K64: =IF($BA64="","",INDEX(업무일지!$AC$5:$AC$1004,$BA64)) | L64: =IF($BA64="","",INDEX(업무일지!$AH$5:$AH$1004,$BA64)) | AZ64: =IF(AND(업무일지!$B68<>"",업무일지!$AG68="진행중"),MAX(0,TODAY()-업무일지!$B68)*10000+937,"") | BA64: =IFERROR(MATCH(LARGE($AZ$1:$AZ$1000,51),$AZ$1:$AZ$1000,0),"") | BB64: =IF(AND(일일실시사항!$B68<>"",일일실시사항!$J68="진행중"),MAX(0,TODAY()-일일실시사항!$B68)*10000+937,"")
A65: =IF($BA65="","",52) | B65: =IF($BA65="","",TODAY()-INDEX(업무일지!$B$5:$B$1004,$BA65)) | C65: =IF($BA65="","",INDEX(업무일지!$B$5:$B$1004,$BA65)) | D65: =IF($BA65="","",INDEX(업무일지!$C$5:$C$1004,$BA65)) | E65: =IF($BA65="","",INDEX(업무일지!$D$5:$D$1004,$BA65)) | F65: =IF($BA65="","",INDEX(업무일지!$E$5:$E$1004,$BA65)) | G65: =IF($BA65="","",INDEX(업무일지!$F$5:$F$1004,$BA65)) | H65: =IF($BA65="","",INDEX(업무일지!$H$5:$H$1004,$BA65)) | I65: =IF($BA65="","",INDEX(업무일지!$J$5:$J$1004,$BA65)) | J65: =IF($BA65="","",INDEX(업무일지!$Z$5:$Z$1004,$BA65)) | K65: =IF($BA65="","",INDEX(업무일지!$AC$5:$AC$1004,$BA65)) | L65: =IF($BA65="","",INDEX(업무일지!$AH$5:$AH$1004,$BA65)) | AZ65: =IF(AND(업무일지!$B69<>"",업무일지!$AG69="진행중"),MAX(0,TODAY()-업무일지!$B69)*10000+936,"") | BA65: =IFERROR(MATCH(LARGE($AZ$1:$AZ$1000,52),$AZ$1:$AZ$1000,0),"") | BB65: =IF(AND(일일실시사항!$B69<>"",일일실시사항!$J69="진행중"),MAX(0,TODAY()-일일실시사항!$B69)*10000+936,"")
A66: =IF($BA66="","",53) | B66: =IF($BA66="","",TODAY()-INDEX(업무일지!$B$5:$B$1004,$BA66)) | C66: =IF($BA66="","",INDEX(업무일지!$B$5:$B$1004,$BA66)) | D66: =IF($BA66="","",INDEX(업무일지!$C$5:$C$1004,$BA66)) | E66: =IF($BA66="","",INDEX(업무일지!$D$5:$D$1004,$BA66)) | F66: =IF($BA66="","",INDEX(업무일지!$E$5:$E$1004,$BA66)) | G66: =IF($BA66="","",INDEX(업무일지!$F$5:$F$1004,$BA66)) | H66: =IF($BA66="","",INDEX(업무일지!$H$5:$H$1004,$BA66)) | I66: =IF($BA66="","",INDEX(업무일지!$J$5:$J$1004,$BA66)) | J66: =IF($BA66="","",INDEX(업무일지!$Z$5:$Z$1004,$BA66)) | K66: =IF($BA66="","",INDEX(업무일지!$AC$5:$AC$1004,$BA66)) | L66: =IF($BA66="","",INDEX(업무일지!$AH$5:$AH$1004,$BA66)) | AZ66: =IF(AND(업무일지!$B70<>"",업무일지!$AG70="진행중"),MAX(0,TODAY()-업무일지!$B70)*10000+935,"") | BA66: =IFERROR(MATCH(LARGE($AZ$1:$AZ$1000,53),$AZ$1:$AZ$1000,0),"") | BB66: =IF(AND(일일실시사항!$B70<>"",일일실시사항!$J70="진행중"),MAX(0,TODAY()-일일실시사항!$B70)*10000+935,"")
A67: =IF($BA67="","",54) | B67: =IF($BA67="","",TODAY()-INDEX(업무일지!$B$5:$B$1004,$BA67)) | C67: =IF($BA67="","",INDEX(업무일지!$B$5:$B$1004,$BA67)) | D67: =IF($BA67="","",INDEX(업무일지!$C$5:$C$1004,$BA67)) | E67: =IF($BA67="","",INDEX(업무일지!$D$5:$D$1004,$BA67)) | F67: =IF($BA67="","",INDEX(업무일지!$E$5:$E$1004,$BA67)) | G67: =IF($BA67="","",INDEX(업무일지!$F$5:$F$1004,$BA67)) | H67: =IF($BA67="","",INDEX(업무일지!$H$5:$H$1004,$BA67)) | I67: =IF($BA67="","",INDEX(업무일지!$J$5:$J$1004,$BA67)) | J67: =IF($BA67="","",INDEX(업무일지!$Z$5:$Z$1004,$BA67)) | K67: =IF($BA67="","",INDEX(업무일지!$AC$5:$AC$1004,$BA67)) | L67: =IF($BA67="","",INDEX(업무일지!$AH$5:$AH$1004,$BA67)) | AZ67: =IF(AND(업무일지!$B71<>"",업무일지!$AG71="진행중"),MAX(0,TODAY()-업무일지!$B71)*10000+934,"") | BA67: =IFERROR(MATCH(LARGE($AZ$1:$AZ$1000,54),$AZ$1:$AZ$1000,0),"") | BB67: =IF(AND(일일실시사항!$B71<>"",일일실시사항!$J71="진행중"),MAX(0,TODAY()-일일실시사항!$B71)*10000+934,"")
A68: =IF($BA68="","",55) | B68: =IF($BA68="","",TODAY()-INDEX(업무일지!$B$5:$B$1004,$BA68)) | C68: =IF($BA68="","",INDEX(업무일지!$B$5:$B$1004,$BA68)) | D68: =IF($BA68="","",INDEX(업무일지!$C$5:$C$1004,$BA68)) | E68: =IF($BA68="","",INDEX(업무일지!$D$5:$D$1004,$BA68)) | F68: =IF($BA68="","",INDEX(업무일지!$E$5:$E$1004,$BA68)) | G68: =IF($BA68="","",INDEX(업무일지!$F$5:$F$1004,$BA68)) | H68: =IF($BA68="","",INDEX(업무일지!$H$5:$H$1004,$BA68)) | I68: =IF($BA68="","",INDEX(업무일지!$J$5:$J$1004,$BA68)) | J68: =IF($BA68="","",INDEX(업무일지!$Z$5:$Z$1004,$BA68)) | K68: =IF($BA68="","",INDEX(업무일지!$AC$5:$AC$1004,$BA68)) | L68: =IF($BA68="","",INDEX(업무일지!$AH$5:$AH$1004,$BA68)) | AZ68: =IF(AND(업무일지!$B72<>"",업무일지!$AG72="진행중"),MAX(0,TODAY()-업무일지!$B72)*10000+933,"") | BA68: =IFERROR(MATCH(LARGE($AZ$1:$AZ$1000,55),$AZ$1:$AZ$1000,0),"") | BB68: =IF(AND(일일실시사항!$B72<>"",일일실시사항!$J72="진행중"),MAX(0,TODAY()-일일실시사항!$B72)*10000+933,"")
A69: =IF($BA69="","",56) | B69: =IF($BA69="","",TODAY()-INDEX(업무일지!$B$5:$B$1004,$BA69)) | C69: =IF($BA69="","",INDEX(업무일지!$B$5:$B$1004,$BA69)) | D69: =IF($BA69="","",INDEX(업무일지!$C$5:$C$1004,$BA69)) | E69: =IF($BA69="","",INDEX(업무일지!$D$5:$D$1004,$BA69)) | F69: =IF($BA69="","",INDEX(업무일지!$E$5:$E$1004,$BA69)) | G69: =IF($BA69="","",INDEX(업무일지!$F$5:$F$1004,$BA69)) | H69: =IF($BA69="","",INDEX(업무일지!$H$5:$H$1004,$BA69)) | I69: =IF($BA69="","",INDEX(업무일지!$J$5:$J$1004,$BA69)) | J69: =IF($BA69="","",INDEX(업무일지!$Z$5:$Z$1004,$BA69)) | K69: =IF($BA69="","",INDEX(업무일지!$AC$5:$AC$1004,$BA69)) | L69: =IF($BA69="","",INDEX(업무일지!$AH$5:$AH$1004,$BA69)) | AZ69: =IF(AND(업무일지!$B73<>"",업무일지!$AG73="진행중"),MAX(0,TODAY()-업무일지!$B73)*10000+932,"") | BA69: =IFERROR(MATCH(LARGE($AZ$1:$AZ$1000,56),$AZ$1:$AZ$1000,0),"") | BB69: =IF(AND(일일실시사항!$B73<>"",일일실시사항!$J73="진행중"),MAX(0,TODAY()-일일실시사항!$B73)*10000+932,"")
A70: =IF($BA70="","",57) | B70: =IF($BA70="","",TODAY()-INDEX(업무일지!$B$5:$B$1004,$BA70)) | C70: =IF($BA70="","",INDEX(업무일지!$B$5:$B$1004,$BA70)) | D70: =IF($BA70="","",INDEX(업무일지!$C$5:$C$1004,$BA70)) | E70: =IF($BA70="","",INDEX(업무일지!$D$5:$D$1004,$BA70)) | F70: =IF($BA70="","",INDEX(업무일지!$E$5:$E$1004,$BA70)) | G70: =IF($BA70="","",INDEX(업무일지!$F$5:$F$1004,$BA70)) | H70: =IF($BA70="","",INDEX(업무일지!$H$5:$H$1004,$BA70)) | I70: =IF($BA70="","",INDEX(업무일지!$J$5:$J$1004,$BA70)) | J70: =IF($BA70="","",INDEX(업무일지!$Z$5:$Z$1004,$BA70)) | K70: =IF($BA70="","",INDEX(업무일지!$AC$5:$AC$1004,$BA70)) | L70: =IF($BA70="","",INDEX(업무일지!$AH$5:$AH$1004,$BA70)) | AZ70: =IF(AND(업무일지!$B74<>"",업무일지!$AG74="진행중"),MAX(0,TODAY()-업무일지!$B74)*10000+931,"") | BA70: =IFERROR(MATCH(LARGE($AZ$1:$AZ$1000,57),$AZ$1:$AZ$1000,0),"") | BB70: =IF(AND(일일실시사항!$B74<>"",일일실시사항!$J74="진행중"),MAX(0,TODAY()-일일실시사항!$B74)*10000+931,"")
A71: =IF($BA71="","",58) | B71: =IF($BA71="","",TODAY()-INDEX(업무일지!$B$5:$B$1004,$BA71)) | C71: =IF($BA71="","",INDEX(업무일지!$B$5:$B$1004,$BA71)) | D71: =IF($BA71="","",INDEX(업무일지!$C$5:$C$1004,$BA71)) | E71: =IF($BA71="","",INDEX(업무일지!$D$5:$D$1004,$BA71)) | F71: =IF($BA71="","",INDEX(업무일지!$E$5:$E$1004,$BA71)) | G71: =IF($BA71="","",INDEX(업무일지!$F$5:$F$1004,$BA71)) | H71: =IF($BA71="","",INDEX(업무일지!$H$5:$H$1004,$BA71)) | I71: =IF($BA71="","",INDEX(업무일지!$J$5:$J$1004,$BA71)) | J71: =IF($BA71="","",INDEX(업무일지!$Z$5:$Z$1004,$BA71)) | K71: =IF($BA71="","",INDEX(업무일지!$AC$5:$AC$1004,$BA71)) | L71: =IF($BA71="","",INDEX(업무일지!$AH$5:$AH$1004,$BA71)) | AZ71: =IF(AND(업무일지!$B75<>"",업무일지!$AG75="진행중"),MAX(0,TODAY()-업무일지!$B75)*10000+930,"") | BA71: =IFERROR(MATCH(LARGE($AZ$1:$AZ$1000,58),$AZ$1:$AZ$1000,0),"") | BB71: =IF(AND(일일실시사항!$B75<>"",일일실시사항!$J75="진행중"),MAX(0,TODAY()-일일실시사항!$B75)*10000+930,"")
A72: =IF($BA72="","",59) | B72: =IF($BA72="","",TODAY()-INDEX(업무일지!$B$5:$B$1004,$BA72)) | C72: =IF($BA72="","",INDEX(업무일지!$B$5:$B$1004,$BA72)) | D72: =IF($BA72="","",INDEX(업무일지!$C$5:$C$1004,$BA72)) | E72: =IF($BA72="","",INDEX(업무일지!$D$5:$D$1004,$BA72)) | F72: =IF($BA72="","",INDEX(업무일지!$E$5:$E$1004,$BA72)) | G72: =IF($BA72="","",INDEX(업무일지!$F$5:$F$1004,$BA72)) | H72: =IF($BA72="","",INDEX(업무일지!$H$5:$H$1004,$BA72)) | I72: =IF($BA72="","",INDEX(업무일지!$J$5:$J$1004,$BA72)) | J72: =IF($BA72="","",INDEX(업무일지!$Z$5:$Z$1004,$BA72)) | K72: =IF($BA72="","",INDEX(업무일지!$AC$5:$AC$1004,$BA72)) | L72: =IF($BA72="","",INDEX(업무일지!$AH$5:$AH$1004,$BA72)) | AZ72: =IF(AND(업무일지!$B76<>"",업무일지!$AG76="진행중"),MAX(0,TODAY()-업무일지!$B76)*10000+929,"") | BA72: =IFERROR(MATCH(LARGE($AZ$1:$AZ$1000,59),$AZ$1:$AZ$1000,0),"") | BB72: =IF(AND(일일실시사항!$B76<>"",일일실시사항!$J76="진행중"),MAX(0,TODAY()-일일실시사항!$B76)*10000+929,"")
A73: =IF($BA73="","",60) | B73: =IF($BA73="","",TODAY()-INDEX(업무일지!$B$5:$B$1004,$BA73)) | C73: =IF($BA73="","",INDEX(업무일지!$B$5:$B$1004,$BA73)) | D73: =IF($BA73="","",INDEX(업무일지!$C$5:$C$1004,$BA73)) | E73: =IF($BA73="","",INDEX(업무일지!$D$5:$D$1004,$BA73)) | F73: =IF($BA73="","",INDEX(업무일지!$E$5:$E$1004,$BA73)) | G73: =IF($BA73="","",INDEX(업무일지!$F$5:$F$1004,$BA73)) | H73: =IF($BA73="","",INDEX(업무일지!$H$5:$H$1004,$BA73)) | I73: =IF($BA73="","",INDEX(업무일지!$J$5:$J$1004,$BA73)) | J73: =IF($BA73="","",INDEX(업무일지!$Z$5:$Z$1004,$BA73)) | K73: =IF($BA73="","",INDEX(업무일지!$AC$5:$AC$1004,$BA73)) | L73: =IF($BA73="","",INDEX(업무일지!$AH$5:$AH$1004,$BA73)) | AZ73: =IF(AND(업무일지!$B77<>"",업무일지!$AG77="진행중"),MAX(0,TODAY()-업무일지!$B77)*10000+928,"") | BA73: =IFERROR(MATCH(LARGE($AZ$1:$AZ$1000,60),$AZ$1:$AZ$1000,0),"") | BB73: =IF(AND(일일실시사항!$B77<>"",일일실시사항!$J77="진행중"),MAX(0,TODAY()-일일실시사항!$B77)*10000+928,"")
A74: =IF($BA74="","",61) | B74: =IF($BA74="","",TODAY()-INDEX(업무일지!$B$5:$B$1004,$BA74)) | C74: =IF($BA74="","",INDEX(업무일지!$B$5:$B$1004,$BA74)) | D74: =IF($BA74="","",INDEX(업무일지!$C$5:$C$1004,$BA74)) | E74: =IF($BA74="","",INDEX(업무일지!$D$5:$D$1004,$BA74)) | F74: =IF($BA74="","",INDEX(업무일지!$E$5:$E$1004,$BA74)) | G74: =IF($BA74="","",INDEX(업무일지!$F$5:$F$1004,$BA74)) | H74: =IF($BA74="","",INDEX(업무일지!$H$5:$H$1004,$BA74)) | I74: =IF($BA74="","",INDEX(업무일지!$J$5:$J$1004,$BA74)) | J74: =IF($BA74="","",INDEX(업무일지!$Z$5:$Z$1004,$BA74)) | K74: =IF($BA74="","",INDEX(업무일지!$AC$5:$AC$1004,$BA74)) | L74: =IF($BA74="","",INDEX(업무일지!$AH$5:$AH$1004,$BA74)) | AZ74: =IF(AND(업무일지!$B78<>"",업무일지!$AG78="진행중"),MAX(0,TODAY()-업무일지!$B78)*10000+927,"") | BA74: =IFERROR(MATCH(LARGE($AZ$1:$AZ$1000,61),$AZ$1:$AZ$1000,0),"") | BB74: =IF(AND(일일실시사항!$B78<>"",일일실시사항!$J78="진행중"),MAX(0,TODAY()-일일실시사항!$B78)*10000+927,"")
A75: =IF($BA75="","",62) | B75: =IF($BA75="","",TODAY()-INDEX(업무일지!$B$5:$B$1004,$BA75)) | C75: =IF($BA75="","",INDEX(업무일지!$B$5:$B$1004,$BA75)) | D75: =IF($BA75="","",INDEX(업무일지!$C$5:$C$1004,$BA75)) | E75: =IF($BA75="","",INDEX(업무일지!$D$5:$D$1004,$BA75)) | F75: =IF($BA75="","",INDEX(업무일지!$E$5:$E$1004,$BA75)) | G75: =IF($BA75="","",INDEX(업무일지!$F$5:$F$1004,$BA75)) | H75: =IF($BA75="","",INDEX(업무일지!$H$5:$H$1004,$BA75)) | I75: =IF($BA75="","",INDEX(업무일지!$J$5:$J$1004,$BA75)) | J75: =IF($BA75="","",INDEX(업무일지!$Z$5:$Z$1004,$BA75)) | K75: =IF($BA75="","",INDEX(업무일지!$AC$5:$AC$1004,$BA75)) | L75: =IF($BA75="","",INDEX(업무일지!$AH$5:$AH$1004,$BA75)) | AZ75: =IF(AND(업무일지!$B79<>"",업무일지!$AG79="진행중"),MAX(0,TODAY()-업무일지!$B79)*10000+926,"") | BA75: =IFERROR(MATCH(LARGE($AZ$1:$AZ$1000,62),$AZ$1:$AZ$1000,0),"") | BB75: =IF(AND(일일실시사항!$B79<>"",일일실시사항!$J79="진행중"),MAX(0,TODAY()-일일실시사항!$B79)*10000+926,"")
A76: =IF($BA76="","",63) | B76: =IF($BA76="","",TODAY()-INDEX(업무일지!$B$5:$B$1004,$BA76)) | C76: =IF($BA76="","",INDEX(업무일지!$B$5:$B$1004,$BA76)) | D76: =IF($BA76="","",INDEX(업무일지!$C$5:$C$1004,$BA76)) | E76: =IF($BA76="","",INDEX(업무일지!$D$5:$D$1004,$BA76)) | F76: =IF($BA76="","",INDEX(업무일지!$E$5:$E$1004,$BA76)) | G76: =IF($BA76="","",INDEX(업무일지!$F$5:$F$1004,$BA76)) | H76: =IF($BA76="","",INDEX(업무일지!$H$5:$H$1004,$BA76)) | I76: =IF($BA76="","",INDEX(업무일지!$J$5:$J$1004,$BA76)) | J76: =IF($BA76="","",INDEX(업무일지!$Z$5:$Z$1004,$BA76)) | K76: =IF($BA76="","",INDEX(업무일지!$AC$5:$AC$1004,$BA76)) | L76: =IF($BA76="","",INDEX(업무일지!$AH$5:$AH$1004,$BA76)) | AZ76: =IF(AND(업무일지!$B80<>"",업무일지!$AG80="진행중"),MAX(0,TODAY()-업무일지!$B80)*10000+925,"") | BA76: =IFERROR(MATCH(LARGE($AZ$1:$AZ$1000,63),$AZ$1:$AZ$1000,0),"") | BB76: =IF(AND(일일실시사항!$B80<>"",일일실시사항!$J80="진행중"),MAX(0,TODAY()-일일실시사항!$B80)*10000+925,"")
A77: =IF($BA77="","",64) | B77: =IF($BA77="","",TODAY()-INDEX(업무일지!$B$5:$B$1004,$BA77)) | C77: =IF($BA77="","",INDEX(업무일지!$B$5:$B$1004,$BA77)) | D77: =IF($BA77="","",INDEX(업무일지!$C$5:$C$1004,$BA77)) | E77: =IF($BA77="","",INDEX(업무일지!$D$5:$D$1004,$BA77)) | F77: =IF($BA77="","",INDEX(업무일지!$E$5:$E$1004,$BA77)) | G77: =IF($BA77="","",INDEX(업무일지!$F$5:$F$1004,$BA77)) | H77: =IF($BA77="","",INDEX(업무일지!$H$5:$H$1004,$BA77)) | I77: =IF($BA77="","",INDEX(업무일지!$J$5:$J$1004,$BA77)) | J77: =IF($BA77="","",INDEX(업무일지!$Z$5:$Z$1004,$BA77)) | K77: =IF($BA77="","",INDEX(업무일지!$AC$5:$AC$1004,$BA77)) | L77: =IF($BA77="","",INDEX(업무일지!$AH$5:$AH$1004,$BA77)) | AZ77: =IF(AND(업무일지!$B81<>"",업무일지!$AG81="진행중"),MAX(0,TODAY()-업무일지!$B81)*10000+924,"") | BA77: =IFERROR(MATCH(LARGE($AZ$1:$AZ$1000,64),$AZ$1:$AZ$1000,0),"") | BB77: =IF(AND(일일실시사항!$B81<>"",일일실시사항!$J81="진행중"),MAX(0,TODAY()-일일실시사항!$B81)*10000+924,"")
A78: =IF($BA78="","",65) | B78: =IF($BA78="","",TODAY()-INDEX(업무일지!$B$5:$B$1004,$BA78)) | C78: =IF($BA78="","",INDEX(업무일지!$B$5:$B$1004,$BA78)) | D78: =IF($BA78="","",INDEX(업무일지!$C$5:$C$1004,$BA78)) | E78: =IF($BA78="","",INDEX(업무일지!$D$5:$D$1004,$BA78)) | F78: =IF($BA78="","",INDEX(업무일지!$E$5:$E$1004,$BA78)) | G78: =IF($BA78="","",INDEX(업무일지!$F$5:$F$1004,$BA78)) | H78: =IF($BA78="","",INDEX(업무일지!$H$5:$H$1004,$BA78)) | I78: =IF($BA78="","",INDEX(업무일지!$J$5:$J$1004,$BA78)) | J78: =IF($BA78="","",INDEX(업무일지!$Z$5:$Z$1004,$BA78)) | K78: =IF($BA78="","",INDEX(업무일지!$AC$5:$AC$1004,$BA78)) | L78: =IF($BA78="","",INDEX(업무일지!$AH$5:$AH$1004,$BA78)) | AZ78: =IF(AND(업무일지!$B82<>"",업무일지!$AG82="진행중"),MAX(0,TODAY()-업무일지!$B82)*10000+923,"") | BA78: =IFERROR(MATCH(LARGE($AZ$1:$AZ$1000,65),$AZ$1:$AZ$1000,0),"") | BB78: =IF(AND(일일실시사항!$B82<>"",일일실시사항!$J82="진행중"),MAX(0,TODAY()-일일실시사항!$B82)*10000+923,"")
A79: =IF($BA79="","",66) | B79: =IF($BA79="","",TODAY()-INDEX(업무일지!$B$5:$B$1004,$BA79)) | C79: =IF($BA79="","",INDEX(업무일지!$B$5:$B$1004,$BA79)) | D79: =IF($BA79="","",INDEX(업무일지!$C$5:$C$1004,$BA79)) | E79: =IF($BA79="","",INDEX(업무일지!$D$5:$D$1004,$BA79)) | F79: =IF($BA79="","",INDEX(업무일지!$E$5:$E$1004,$BA79)) | G79: =IF($BA79="","",INDEX(업무일지!$F$5:$F$1004,$BA79)) | H79: =IF($BA79="","",INDEX(업무일지!$H$5:$H$1004,$BA79)) | I79: =IF($BA79="","",INDEX(업무일지!$J$5:$J$1004,$BA79)) | J79: =IF($BA79="","",INDEX(업무일지!$Z$5:$Z$1004,$BA79)) | K79: =IF($BA79="","",INDEX(업무일지!$AC$5:$AC$1004,$BA79)) | L79: =IF($BA79="","",INDEX(업무일지!$AH$5:$AH$1004,$BA79)) | AZ79: =IF(AND(업무일지!$B83<>"",업무일지!$AG83="진행중"),MAX(0,TODAY()-업무일지!$B83)*10000+922,"") | BA79: =IFERROR(MATCH(LARGE($AZ$1:$AZ$1000,66),$AZ$1:$AZ$1000,0),"") | BB79: =IF(AND(일일실시사항!$B83<>"",일일실시사항!$J83="진행중"),MAX(0,TODAY()-일일실시사항!$B83)*10000+922,"")
