Workbook

Sheet 업무일지
A1: 부서 업무일지 · 출장 / 분석 통합 대장
A2: ※ 출장 1건 = 1행. 여러 명이 함께 나가도 행을 늘리지 말고 J열 [동행자]에 쉼표로 나열하세요. ※ Q열은 '1인 기준' 시간입니다. 총 인시(R) = 1인 시간 × 투입인원 으로 자동 계산됩니다. ※ 파란 글씨 칸만 입력 / 회색 칸은 자동. ※ 5~7행은 예시이므로 지우고 사용하세요.
A4: 연번 | B4: 시작일 | C4: 종료일 | D4: 직무구분 | E4: 세부유형 | F4: 사건명 · 업무명 | G4: 사건번호 | H4: 요청·의뢰처 | I4: 주담당자 | J4: 동행자 (쉼표로 구분) | K4: 투입인원(명) | L4: 소속팀 | M4: 장소 / 분석실 | N4: 대상매체(건) | O4: 데이터량(GB) | P4: 소요일수 | Q4: 1인 투입시간(H) | R4: 총 인시(H) | S4: 진행상태 | T4: 출장비(원) | U4: 비고
A5: =IF($B5="","",COUNT($B$5:$B5)) -> 1 | B5: 46085 | C5: 46086 | D5: 출장 | E5: 압수·수색 집행 | F5: ○○ 기술유출 사건 압수수색 | G5: 2026-형제-1024 | H5: 본청 수사과 | I5: 김디지 | J5: 이수사, 박증거 | K5: =IF($I5="","",1+IF($J5="",0,LEN($J5)-LEN(SUBSTITUTE($J5,",",""))+1)) -> 3 | L5: 포렌식1팀 | M5: 경기 성남시 판교 | N5: 6 | O5: 3200 | P5: =IF(OR($B5="",$C5=""),"",$C5-$B5+1) -> 2 | Q5: 16 | R5: =IF(OR($Q5="",$K5=""),"",$Q5*$K5) -> 48 | S5: 완료 | T5: 552000 | U5: ※ 예시 - 3인 동시 출장
A6: =IF($B6="","",COUNT($B$5:$B6)) -> 2 | B6: 46090 | C6: 46094 | D6: 분석 | E6: 디스크 이미지 분석 | F6: ○○ 기술유출 사건 E01 분석 | G6: 2026-형제-1024 | H6: 본청 수사과 | I6: 김디지 | K6: =IF($I6="","",1+IF($J6="",0,LEN($J6)-LEN(SUBSTITUTE($J6,",",""))+1)) -> 1 | L6: 포렌식1팀 | M6: 본관 3층 분석실 | N6: 4 | O6: 2400 | P6: =IF(OR($B6="",$C6=""),"",$C6-$B6+1) -> 5 | Q6: 34 | R6: =IF(OR($Q6="",$K6=""),"",$Q6*$K6) -> 34 | S6: 완료 | T6: 0 | U6: ※ 예시 - 단독 분석
A7: =IF($B7="","",COUNT($B$5:$B7)) -> 3 | B7: 46098 | C7: 46098 | D7: 분석 | E7: 모바일 분석 | F7: △△ 사건 휴대폰 추출·분석 | G7: 2026-형제-1131 | H7: 지방청 사이버수사대 | I7: 박증거 | K7: =IF($I7="","",1+IF($J7="",0,LEN($J7)-LEN(SUBSTITUTE($J7,",",""))+1)) -> 1 | L7: 포렌식2팀 | M7: 본관 3층 분석실 | N7: 2 | O7: 480 | P7: =IF(OR($B7="",$C7=""),"",$C7-$B7+1) -> 1 | Q7: 7 | R7: =IF(OR($Q7="",$K7=""),"",$Q7*$K7) -> 7 | S7: 진행중 | T7: 0 | U7: ※ 예시 - 삭제 후 사용
A8: =IF($B8="","",COUNT($B$5:$B8)) | K8: =IF($I8="","",1+IF($J8="",0,LEN($J8)-LEN(SUBSTITUTE($J8,",",""))+1)) | P8: =IF(OR($B8="",$C8=""),"",$C8-$B8+1) | R8: =IF(OR($Q8="",$K8=""),"",$Q8*$K8)
A9: =IF($B9="","",COUNT($B$5:$B9)) | K9: =IF($I9="","",1+IF($J9="",0,LEN($J9)-LEN(SUBSTITUTE($J9,",",""))+1)) | P9: =IF(OR($B9="",$C9=""),"",$C9-$B9+1) | R9: =IF(OR($Q9="",$K9=""),"",$Q9*$K9)
A10: =IF($B10="","",COUNT($B$5:$B10)) | K10: =IF($I10="","",1+IF($J10="",0,LEN($J10)-LEN(SUBSTITUTE($J10,",",""))+1)) | P10: =IF(OR($B10="",$C10=""),"",$C10-$B10+1) | R10: =IF(OR($Q10="",$K10=""),"",$Q10*$K10)
A11: =IF($B11="","",COUNT($B$5:$B11)) | K11: =IF($I11="","",1+IF($J11="",0,LEN($J11)-LEN(SUBSTITUTE($J11,",",""))+1)) | P11: =IF(OR($B11="",$C11=""),"",$C11-$B11+1) | R11: =IF(OR($Q11="",$K11=""),"",$Q11*$K11)
A12: =IF($B12="","",COUNT($B$5:$B12)) | K12: =IF($I12="","",1+IF($J12="",0,LEN($J12)-LEN(SUBSTITUTE($J12,",",""))+1)) | P12: =IF(OR($B12="",$C12=""),"",$C12-$B12+1) | R12: =IF(OR($Q12="",$K12=""),"",$Q12*$K12)
A13: =IF($B13="","",COUNT($B$5:$B13)) | K13: =IF($I13="","",1+IF($J13="",0,LEN($J13)-LEN(SUBSTITUTE($J13,",",""))+1)) | P13: =IF(OR($B13="",$C13=""),"",$C13-$B13+1) | R13: =IF(OR($Q13="",$K13=""),"",$Q13*$K13)
A14: =IF($B14="","",COUNT($B$5:$B14)) | K14: =IF($I14="","",1+IF($J14="",0,LEN($J14)-LEN(SUBSTITUTE($J14,",",""))+1)) | P14: =IF(OR($B14="",$C14=""),"",$C14-$B14+1) | R14: =IF(OR($Q14="",$K14=""),"",$Q14*$K14)
A15: =IF($B15="","",COUNT($B$5:$B15)) | K15: =IF($I15="","",1+IF($J15="",0,LEN($J15)-LEN(SUBSTITUTE($J15,",",""))+1)) | P15: =IF(OR($B15="",$C15=""),"",$C15-$B15+1) | R15: =IF(OR($Q15="",$K15=""),"",$Q15*$K15)
A16: =IF($B16="","",COUNT($B$5:$B16)) | K16: =IF($I16="","",1+IF($J16="",0,LEN($J16)-LEN(SUBSTITUTE($J16,",",""))+1)) | P16: =IF(OR($B16="",$C16=""),"",$C16-$B16+1) | R16: =IF(OR($Q16="",$K16=""),"",$Q16*$K16)
A17: =IF($B17="","",COUNT($B$5:$B17)) | K17: =IF($I17="","",1+IF($J17="",0,LEN($J17)-LEN(SUBSTITUTE($J17,",",""))+1)) | P17: =IF(OR($B17="",$C17=""),"",$C17-$B17+1) | R17: =IF(OR($Q17="",$K17=""),"",$Q17*$K17)
A18: =IF($B18="","",COUNT($B$5:$B18)) | K18: =IF($I18="","",1+IF($J18="",0,LEN($J18)-LEN(SUBSTITUTE($J18,",",""))+1)) | P18: =IF(OR($B18="",$C18=""),"",$C18-$B18+1) | R18: =IF(OR($Q18="",$K18=""),"",$Q18*$K18)
A19: =IF($B19="","",COUNT($B$5:$B19)) | K19: =IF($I19="","",1+IF($J19="",0,LEN($J19)-LEN(SUBSTITUTE($J19,",",""))+1)) | P19: =IF(OR($B19="",$C19=""),"",$C19-$B19+1) | R19: =IF(OR($Q19="",$K19=""),"",$Q19*$K19)
... A1004: =IF($B1004="","",COUNT($B$5:$B1004)) | K1004: =IF($I1004="","",1+IF($J1004="",0,LEN($J1004)-LEN(SUBSTITUTE($J1004,",",""))+1)) | P1004: =IF(OR($B1004="",$C1004=""),"",$C1004-$B1004+1) | R1004: =IF(OR($Q1004="",$K1004=""),"",$Q1004*$K1004)

Sheet 부서 전체현황
A1: 부서 전체 현황 · 출장 / 분석
A2: ※ 노란 칸(기준연도)만 바꾸면 전체 표가 다시 계산됩니다. ※ 건수 = 출장·분석 '건' 단위 / 연인원 = 참여 인원 누계 / 총 인시 = 실제 투입 공수(1인시간 × 인원).
A3: 기준연도 | B3: 2026
A5: 1. 월별 추이
A6: 월 | B6: 출장 건수 | C6: 분석 건수 | D6: 전체 건수 | E6: 출장 소요일수 | F6: 연인원(명) | G6: 총 인시(H) | H6: 대상매체(건) | I6: 출장비(원) | J6: 1건당 인시(H)
A7: 1월 | B7: =COUNTIFS(업무일지!$B$5:$B$1004,">="&DATE($B$3,1,1),업무일지!$B$5:$B$1004,"<"&DATE($B$3,1+1,1),업무일지!$D$5:$D$1004,"출장") -> 0 | C7: =COUNTIFS(업무일지!$B$5:$B$1004,">="&DATE($B$3,1,1),업무일지!$B$5:$B$1004,"<"&DATE($B$3,1+1,1),업무일지!$D$5:$D$1004,"분석") -> 0 | D7: =B7+C7 -> 0 | E7: =SUMIFS(업무일지!$P$5:$P$1004,업무일지!$B$5:$B$1004,">="&DATE($B$3,1,1),업무일지!$B$5:$B$1004,"<"&DATE($B$3,1+1,1),업무일지!$D$5:$D$1004,"출장") -> 0 | F7: =SUMIFS(업무일지!$K$5:$K$1004,업무일지!$B$5:$B$1004,">="&DATE($B$3,1,1),업무일지!$B$5:$B$1004,"<"&DATE($B$3,1+1,1)) -> 0 | G7: =SUMIFS(업무일지!$R$5:$R$1004,업무일지!$B$5:$B$1004,">="&DATE($B$3,1,1),업무일지!$B$5:$B$1004,"<"&DATE($B$3,1+1,1)) -> 0 | H7: =SUMIFS(업무일지!$N$5:$N$1004,업무일지!$B$5:$B$1004,">="&DATE($B$3,1,1),업무일지!$B$5:$B$1004,"<"&DATE($B$3,1+1,1)) -> 0 | I7: =SUMIFS(업무일지!$T$5:$T$1004,업무일지!$B$5:$B$1004,">="&DATE($B$3,1,1),업무일지!$B$5:$B$1004,"<"&DATE($B$3,1+1,1)) -> 0 | J7: =IFERROR(G7/D7,0) -> 0
A8: 2월 | B8: =COUNTIFS(업무일지!$B$5:$B$1004,">="&DATE($B$3,2,1),업무일지!$B$5:$B$1004,"<"&DATE($B$3,2+1,1),업무일지!$D$5:$D$1004,"출장") -> 0 | C8: =COUNTIFS(업무일지!$B$5:$B$1004,">="&DATE($B$3,2,1),업무일지!$B$5:$B$1004,"<"&DATE($B$3,2+1,1),업무일지!$D$5:$D$1004,"분석") -> 0 | D8: =B8+C8 -> 0 | E8: =SUMIFS(업무일지!$P$5:$P$1004,업무일지!$B$5:$B$1004,">="&DATE($B$3,2,1),업무일지!$B$5:$B$1004,"<"&DATE($B$3,2+1,1),업무일지!$D$5:$D$1004,"출장") -> 0 | F8: =SUMIFS(업무일지!$K$5:$K$1004,업무일지!$B$5:$B$1004,">="&DATE($B$3,2,1),업무일지!$B$5:$B$1004,"<"&DATE($B$3,2+1,1)) -> 0 | G8: =SUMIFS(업무일지!$R$5:$R$1004,업무일지!$B$5:$B$1004,">="&DATE($B$3,2,1),업무일지!$B$5:$B$1004,"<"&DATE($B$3,2+1,1)) -> 0 | H8: =SUMIFS(업무일지!$N$5:$N$1004,업무일지!$B$5:$B$1004,">="&DATE($B$3,2,1),업무일지!$B$5:$B$1004,"<"&DATE($B$3,2+1,1)) -> 0 | I8: =SUMIFS(업무일지!$T$5:$T$1004,업무일지!$B$5:$B$1004,">="&DATE($B$3,2,1),업무일지!$B$5:$B$1004,"<"&DATE($B$3,2+1,1)) -> 0 | J8: =IFERROR(G8/D8,0) -> 0
A9: 3월 | B9: =COUNTIFS(업무일지!$B$5:$B$1004,">="&DATE($B$3,3,1),업무일지!$B$5:$B$1004,"<"&DATE($B$3,3+1,1),업무일지!$D$5:$D$1004,"출장") -> 1 | C9: =COUNTIFS(업무일지!$B$5:$B$1004,">="&DATE($B$3,3,1),업무일지!$B$5:$B$1004,"<"&DATE($B$3,3+1,1),업무일지!$D$5:$D$1004,"분석") -> 2 | D9: =B9+C9 -> 3 | E9: =SUMIFS(업무일지!$P$5:$P$1004,업무일지!$B$5:$B$1004,">="&DATE($B$3,3,1),업무일지!$B$5:$B$1004,"<"&DATE($B$3,3+1,1),업무일지!$D$5:$D$1004,"출장") -> 2 | F9: =SUMIFS(업무일지!$K$5:$K$1004,업무일지!$B$5:$B$1004,">="&DATE($B$3,3,1),업무일지!$B$5:$B$1004,"<"&DATE($B$3,3+1,1)) -> 5 | G9: =SUMIFS(업무일지!$R$5:$R$1004,업무일지!$B$5:$B$1004,">="&DATE($B$3,3,1),업무일지!$B$5:$B$1004,"<"&DATE($B$3,3+1,1)) -> 89 | H9: =SUMIFS(업무일지!$N$5:$N$1004,업무일지!$B$5:$B$1004,">="&DATE($B$3,3,1),업무일지!$B$5:$B$1004,"<"&DATE($B$3,3+1,1)) -> 12 | I9: =SUMIFS(업무일지!$T$5:$T$1004,업무일지!$B$5:$B$1004,">="&DATE($B$3,3,1),업무일지!$B$5:$B$1004,"<"&DATE($B$3,3+1,1)) -> 552000 | J9: =IFERROR(G9/D9,0) -> 29.666667
A10: 4월 | B10: =COUNTIFS(업무일지!$B$5:$B$1004,">="&DATE($B$3,4,1),업무일지!$B$5:$B$1004,"<"&DATE($B$3,4+1,1),업무일지!$D$5:$D$1004,"출장") -> 0 | C10: =COUNTIFS(업무일지!$B$5:$B$1004,">="&DATE($B$3,4,1),업무일지!$B$5:$B$1004,"<"&DATE($B$3,4+1,1),업무일지!$D$5:$D$1004,"분석") -> 0 | D10: =B10+C10 -> 0 | E10: =SUMIFS(업무일지!$P$5:$P$1004,업무일지!$B$5:$B$1004,">="&DATE($B$3,4,1),업무일지!$B$5:$B$1004,"<"&DATE($B$3,4+1,1),업무일지!$D$5:$D$1004,"출장") -> 0 | F10: =SUMIFS(업무일지!$K$5:$K$1004,업무일지!$B$5:$B$1004,">="&DATE($B$3,4,1),업무일지!$B$5:$B$1004,"<"&DATE($B$3,4+1,1)) -> 0 | G10: =SUMIFS(업무일지!$R$5:$R$1004,업무일지!$B$5:$B$1004,">="&DATE($B$3,4,1),업무일지!$B$5:$B$1004,"<"&DATE($B$3,4+1,1)) -> 0 | H10: =SUMIFS(업무일지!$N$5:$N$1004,업무일지!$B$5:$B$1004,">="&DATE($B$3,4,1),업무일지!$B$5:$B$1004,"<"&DATE($B$3,4+1,1)) -> 0 | I10: =SUMIFS(업무일지!$T$5:$T$1004,업무일지!$B$5:$B$1004,">="&DATE($B$3,4,1),업무일지!$B$5:$B$1004,"<"&DATE($B$3,4+1,1)) -> 0 | J10: =IFERROR(G10/D10,0) -> 0
A11: 5월 | B11: =COUNTIFS(업무일지!$B$5:$B$1004,">="&DATE($B$3,5,1),업무일지!$B$5:$B$1004,"<"&DATE($B$3,5+1,1),업무일지!$D$5:$D$1004,"출장") -> 0 | C11: =COUNTIFS(업무일지!$B$5:$B$1004,">="&DATE($B$3,5,1),업무일지!$B$5:$B$1004,"<"&DATE($B$3,5+1,1),업무일지!$D$5:$D$1004,"분석") -> 0 | D11: =B11+C11 -> 0 | E11: =SUMIFS(업무일지!$P$5:$P$1004,업무일지!$B$5:$B$1004,">="&DATE($B$3,5,1),업무일지!$B$5:$B$1004,"<"&DATE($B$3,5+1,1),업무일지!$D$5:$D$1004,"출장") -> 0 | F11: =SUMIFS(업무일지!$K$5:$K$1004,업무일지!$B$5:$B$1004,">="&DATE($B$3,5,1),업무일지!$B$5:$B$1004,"<"&DATE($B$3,5+1,1)) -> 0 | G11: =SUMIFS(업무일지!$R$5:$R$1004,업무일지!$B$5:$B$1004,">="&DATE($B$3,5,1),업무일지!$B$5:$B$1004,"<"&DATE($B$3,5+1,1)) -> 0 | H11: =SUMIFS(업무일지!$N$5:$N$1004,업무일지!$B$5:$B$1004,">="&DATE($B$3,5,1),업무일지!$B$5:$B$1004,"<"&DATE($B$3,5+1,1)) -> 0 | I11: =SUMIFS(업무일지!$T$5:$T$1004,업무일지!$B$5:$B$1004,">="&DATE($B$3,5,1),업무일지!$B$5:$B$1004,"<"&DATE($B$3,5+1,1)) -> 0 | J11: =IFERROR(G11/D11,0) -> 0
A12: 6월 | B12: =COUNTIFS(업무일지!$B$5:$B$1004,">="&DATE($B$3,6,1),업무일지!$B$5:$B$1004,"<"&DATE($B$3,6+1,1),업무일지!$D$5:$D$1004,"출장") -> 0 | C12: =COUNTIFS(업무일지!$B$5:$B$1004,">="&DATE($B$3,6,1),업무일지!$B$5:$B$1004,"<"&DATE($B$3,6+1,1),업무일지!$D$5:$D$1004,"분석") -> 0 | D12: =B12+C12 -> 0 | E12: =SUMIFS(업무일지!$P$5:$P$1004,업무일지!$B$5:$B$1004,">="&DATE($B$3,6,1),업무일지!$B$5:$B$1004,"<"&DATE($B$3,6+1,1),업무일지!$D$5:$D$1004,"출장") -> 0 | F12: =SUMIFS(업무일지!$K$5:$K$1004,업무일지!$B$5:$B$1004,">="&DATE($B$3,6,1),업무일지!$B$5:$B$1004,"<"&DATE($B$3,6+1,1)) -> 0 | G12: =SUMIFS(업무일지!$R$5:$R$1004,업무일지!$B$5:$B$1004,">="&DATE($B$3,6,1),업무일지!$B$5:$B$1004,"<"&DATE($B$3,6+1,1)) -> 0 | H12: =SUMIFS(업무일지!$N$5:$N$1004,업무일지!$B$5:$B$1004,">="&DATE($B$3,6,1),업무일지!$B$5:$B$1004,"<"&DATE($B$3,6+1,1)) -> 0 | I12: =SUMIFS(업무일지!$T$5:$T$1004,업무일지!$B$5:$B$1004,">="&DATE($B$3,6,1),업무일지!$B$5:$B$1004,"<"&DATE($B$3,6+1,1)) -> 0 | J12: =IFERROR(G12/D12,0) -> 0
A13: 7월 | B13: =COUNTIFS(업무일지!$B$5:$B$1004,">="&DATE($B$3,7,1),업무일지!$B$5:$B$1004,"<"&DATE($B$3,7+1,1),업무일지!$D$5:$D$1004,"출장") -> 0 | C13: =COUNTIFS(업무일지!$B$5:$B$1004,">="&DATE($B$3,7,1),업무일지!$B$5:$B$1004,"<"&DATE($B$3,7+1,1),업무일지!$D$5:$D$1004,"분석") -> 0 | D13: =B13+C13 -> 0 | E13: =SUMIFS(업무일지!$P$5:$P$1004,업무일지!$B$5:$B$1004,">="&DATE($B$3,7,1),업무일지!$B$5:$B$1004,"<"&DATE($B$3,7+1,1),업무일지!$D$5:$D$1004,"출장") -> 0 | F13: =SUMIFS(업무일지!$K$5:$K$1004,업무일지!$B$5:$B$1004,">="&DATE($B$3,7,1),업무일지!$B$5:$B$1004,"<"&DATE($B$3,7+1,1)) -> 0 | G13: =SUMIFS(업무일지!$R$5:$R$1004,업무일지!$B$5:$B$1004,">="&DATE($B$3,7,1),업무일지!$B$5:$B$1004,"<"&DATE($B$3,7+1,1)) -> 0 | H13: =SUMIFS(업무일지!$N$5:$N$1004,업무일지!$B$5:$B$1004,">="&DATE($B$3,7,1),업무일지!$B$5:$B$1004,"<"&DATE($B$3,7+1,1)) -> 0 | I13: =SUMIFS(업무일지!$T$5:$T$1004,업무일지!$B$5:$B$1004,">="&DATE($B$3,7,1),업무일지!$B$5:$B$1004,"<"&DATE($B$3,7+1,1)) -> 0 | J13: =IFERROR(G13/D13,0) -> 0
A14: 8월 | B14: =COUNTIFS(업무일지!$B$5:$B$1004,">="&DATE($B$3,8,1),업무일지!$B$5:$B$1004,"<"&DATE($B$3,8+1,1),업무일지!$D$5:$D$1004,"출장") -> 0 | C14: =COUNTIFS(업무일지!$B$5:$B$1004,">="&DATE($B$3,8,1),업무일지!$B$5:$B$1004,"<"&DATE($B$3,8+1,1),업무일지!$D$5:$D$1004,"분석") -> 0 | D14: =B14+C14 -> 0 | E14: =SUMIFS(업무일지!$P$5:$P$1004,업무일지!$B$5:$B$1004,">="&DATE($B$3,8,1),업무일지!$B$5:$B$1004,"<"&DATE($B$3,8+1,1),업무일지!$D$5:$D$1004,"출장") -> 0 | F14: =SUMIFS(업무일지!$K$5:$K$1004,업무일지!$B$5:$B$1004,">="&DATE($B$3,8,1),업무일지!$B$5:$B$1004,"<"&DATE($B$3,8+1,1)) -> 0 | G14: =SUMIFS(업무일지!$R$5:$R$1004,업무일지!$B$5:$B$1004,">="&DATE($B$3,8,1),업무일지!$B$5:$B$1004,"<"&DATE($B$3,8+1,1)) -> 0 | H14: =SUMIFS(업무일지!$N$5:$N$1004,업무일지!$B$5:$B$1004,">="&DATE($B$3,8,1),업무일지!$B$5:$B$1004,"<"&DATE($B$3,8+1,1)) -> 0 | I14: =SUMIFS(업무일지!$T$5:$T$1004,업무일지!$B$5:$B$1004,">="&DATE($B$3,8,1),업무일지!$B$5:$B$1004,"<"&DATE($B$3,8+1,1)) -> 0 | J14: =IFERROR(G14/D14,0) -> 0
A15: 9월 | B15: =COUNTIFS(업무일지!$B$5:$B$1004,">="&DATE($B$3,9,1),업무일지!$B$5:$B$1004,"<"&DATE($B$3,9+1,1),업무일지!$D$5:$D$1004,"출장") -> 0 | C15: =COUNTIFS(업무일지!$B$5:$B$1004,">="&DATE($B$3,9,1),업무일지!$B$5:$B$1004,"<"&DATE($B$3,9+1,1),업무일지!$D$5:$D$1004,"분석") -> 0 | D15: =B15+C15 -> 0 | E15: =SUMIFS(업무일지!$P$5:$P$1004,업무일지!$B$5:$B$1004,">="&DATE($B$3,9,1),업무일지!$B$5:$B$1004,"<"&DATE($B$3,9+1,1),업무일지!$D$5:$D$1004,"출장") -> 0 | F15: =SUMIFS(업무일지!$K$5:$K$1004,업무일지!$B$5:$B$1004,">="&DATE($B$3,9,1),업무일지!$B$5:$B$1004,"<"&DATE($B$3,9+1,1)) -> 0 | G15: =SUMIFS(업무일지!$R$5:$R$1004,업무일지!$B$5:$B$1004,">="&DATE($B$3,9,1),업무일지!$B$5:$B$1004,"<"&DATE($B$3,9+1,1)) -> 0 | H15: =SUMIFS(업무일지!$N$5:$N$1004,업무일지!$B$5:$B$1004,">="&DATE($B$3,9,1),업무일지!$B$5:$B$1004,"<"&DATE($B$3,9+1,1)) -> 0 | I15: =SUMIFS(업무일지!$T$5:$T$1004,업무일지!$B$5:$B$1004,">="&DATE($B$3,9,1),업무일지!$B$5:$B$1004,"<"&DATE($B$3,9+1,1)) -> 0 | J15: =IFERROR(G15/D15,0) -> 0
A16: 10월 | B16: =COUNTIFS(업무일지!$B$5:$B$1004,">="&DATE($B$3,10,1),업무일지!$B$5:$B$1004,"<"&DATE($B$3,10+1,1),업무일지!$D$5:$D$1004,"출장") -> 0 | C16: =COUNTIFS(업무일지!$B$5:$B$1004,">="&DATE($B$3,10,1),업무일지!$B$5:$B$1004,"<"&DATE($B$3,10+1,1),업무일지!$D$5:$D$1004,"분석") -> 0 | D16: =B16+C16 -> 0 | E16: =SUMIFS(업무일지!$P$5:$P$1004,업무일지!$B$5:$B$1004,">="&DATE($B$3,10,1),업무일지!$B$5:$B$1004,"<"&DATE($B$3,10+1,1),업무일지!$D$5:$D$1004,"출장") -> 0 | F16: =SUMIFS(업무일지!$K$5:$K$1004,업무일지!$B$5:$B$1004,">="&DATE($B$3,10,1),업무일지!$B$5:$B$1004,"<"&DATE($B$3,10+1,1)) -> 0 | G16: =SUMIFS(업무일지!$R$5:$R$1004,업무일지!$B$5:$B$1004,">="&DATE($B$3,10,1),업무일지!$B$5:$B$1004,"<"&DATE($B$3,10+1,1)) -> 0 | H16: =SUMIFS(업무일지!$N$5:$N$1004,업무일지!$B$5:$B$1004,">="&DATE($B$3,10,1),업무일지!$B$5:$B$1004,"<"&DATE($B$3,10+1,1)) -> 0 | I16: =SUMIFS(업무일지!$T$5:$T$1004,업무일지!$B$5:$B$1004,">="&DATE($B$3,10,1),업무일지!$B$5:$B$1004,"<"&DATE($B$3,10+1,1)) -> 0 | J16: =IFERROR(G16/D16,0) -> 0
A17: 11월 | B17: =COUNTIFS(업무일지!$B$5:$B$1004,">="&DATE($B$3,11,1),업무일지!$B$5:$B$1004,"<"&DATE($B$3,11+1,1),업무일지!$D$5:$D$1004,"출장") -> 0 | C17: =COUNTIFS(업무일지!$B$5:$B$1004,">="&DATE($B$3,11,1),업무일지!$B$5:$B$1004,"<"&DATE($B$3,11+1,1),업무일지!$D$5:$D$1004,"분석") -> 0 | D17: =B17+C17 -> 0 | E17: =SUMIFS(업무일지!$P$5:$P$1004,업무일지!$B$5:$B$1004,">="&DATE($B$3,11,1),업무일지!$B$5:$B$1004,"<"&DATE($B$3,11+1,1),업무일지!$D$5:$D$1004,"출장") -> 0 | F17: =SUMIFS(업무일지!$K$5:$K$1004,업무일지!$B$5:$B$1004,">="&DATE($B$3,11,1),업무일지!$B$5:$B$1004,"<"&DATE($B$3,11+1,1)) -> 0 | G17: =SUMIFS(업무일지!$R$5:$R$1004,업무일지!$B$5:$B$1004,">="&DATE($B$3,11,1),업무일지!$B$5:$B$1004,"<"&DATE($B$3,11+1,1)) -> 0 | H17: =SUMIFS(업무일지!$N$5:$N$1004,업무일지!$B$5:$B$1004,">="&DATE($B$3,11,1),업무일지!$B$5:$B$1004,"<"&DATE($B$3,11+1,1)) -> 0 | I17: =SUMIFS(업무일지!$T$5:$T$1004,업무일지!$B$5:$B$1004,">="&DATE($B$3,11,1),업무일지!$B$5:$B$1004,"<"&DATE($B$3,11+1,1)) -> 0 | J17: =IFERROR(G17/D17,0) -> 0
A18: 12월 | B18: =COUNTIFS(업무일지!$B$5:$B$1004,">="&DATE($B$3,12,1),업무일지!$B$5:$B$1004,"<"&DATE($B$3,12+1,1),업무일지!$D$5:$D$1004,"출장") -> 0 | C18: =COUNTIFS(업무일지!$B$5:$B$1004,">="&DATE($B$3,12,1),업무일지!$B$5:$B$1004,"<"&DATE($B$3,12+1,1),업무일지!$D$5:$D$1004,"분석") -> 0 | D18: =B18+C18 -> 0 | E18: =SUMIFS(업무일지!$P$5:$P$1004,업무일지!$B$5:$B$1004,">="&DATE($B$3,12,1),업무일지!$B$5:$B$1004,"<"&DATE($B$3,12+1,1),업무일지!$D$5:$D$1004,"출장") -> 0 | F18: =SUMIFS(업무일지!$K$5:$K$1004,업무일지!$B$5:$B$1004,">="&DATE($B$3,12,1),업무일지!$B$5:$B$1004,"<"&DATE($B$3,12+1,1)) -> 0 | G18: =SUMIFS(업무일지!$R$5:$R$1004,업무일지!$B$5:$B$1004,">="&DATE($B$3,12,1),업무일지!$B$5:$B$1004,"<"&DATE($B$3,12+1,1)) -> 0 | H18: =SUMIFS(업무일지!$N$5:$N$1004,업무일지!$B$5:$B$1004,">="&DATE($B$3,12,1),업무일지!$B$5:$B$1004,"<"&DATE($B$3,12+1,1)) -> 0 | I18: =SUMIFS(업무일지!$T$5:$T$1004,업무일지!$B$5:$B$1004,">="&DATE($B$3,12,1),업무일지!$B$5:$B$1004,"<"&DATE($B$3,12+1,1)) -> 0 | J18: =IFERROR(G18/D18,0) -> 0
A19: 합계 | B19: =SUM(B7:B18) -> 1 | C19: =SUM(C7:C18) -> 2 | D19: =SUM(D7:D18) -> 3 | E19: =SUM(E7:E18) -> 2 | F19: =SUM(F7:F18) -> 5 | G19: =SUM(G7:G18) -> 89 | H19: =SUM(H7:H18) -> 12 | I19: =SUM(I7:I18) -> 552000 | J19: =IFERROR(G19/D19,0) -> 29.666667
A22: 2. 직무구분 · 세부유형별 현황 (연간 누계)
A23: 직무구분 | B23: 세부유형 | C23: 건수 | D23: 비중 | E23: 연인원(명) | F23: 총 인시(H) | G23: 대상매체(건) | H23: 데이터량(GB) | I23: 출장비(원) | J23: 평균 소요일수
A24: 출장 | B24: 압수·수색 집행 | C24: =COUNTIFS(업무일지!$B$5:$B$1004,">="&DATE($B$3,1,1),업무일지!$B$5:$B$1004,"<"&DATE($B$3+1,1,1),업무일지!$E$5:$E$1004,$B24) -> 1 | D24: =IFERROR(C24/$C$37,0) -> 0.33333333 | E24: =SUMIFS(업무일지!$K$5:$K$1004,업무일지!$B$5:$B$1004,">="&DATE($B$3,1,1),업무일지!$B$5:$B$1004,"<"&DATE($B$3+1,1,1),업무일지!$E$5:$E$1004,$B24) -> 3 | F24: =SUMIFS(업무일지!$R$5:$R$1004,업무일지!$B$5:$B$1004,">="&DATE($B$3,1,1),업무일지!$B$5:$B$1004,"<"&DATE($B$3+1,1,1),업무일지!$E$5:$E$1004,$B24) -> 48 | G24: =SUMIFS(업무일지!$N$5:$N$1004,업무일지!$B$5:$B$1004,">="&DATE($B$3,1,1),업무일지!$B$5:$B$1004,"<"&DATE($B$3+1,1,1),업무일지!$E$5:$E$1004,$B24) -> 6 | H24: =SUMIFS(업무일지!$O$5:$O$1004,업무일지!$B$5:$B$1004,">="&DATE($B$3,1,1),업무일지!$B$5:$B$1004,"<"&DATE($B$3+1,1,1),업무일지!$E$5:$E$1004,$B24) -> 3200 | I24: =SUMIFS(업무일지!$T$5:$T$1004,업무일지!$B$5:$B$1004,">="&DATE($B$3,1,1),업무일지!$B$5:$B$1004,"<"&DATE($B$3+1,1,1),업무일지!$E$5:$E$1004,$B24) -> 552000 | J24: =IFERROR(SUMIFS(업무일지!$P$5:$P$1004,업무일지!$B$5:$B$1004,">="&DATE($B$3,1,1),업무일지!$B$5:$B$1004,"<"&DATE($B$3+1,1,1),업무일지!$E$5:$E$1004,$B24)/C24,0) -> 2
A25: 출장 | B25: 현장 증거수집 | C25: =COUNTIFS(업무일지!$B$5:$B$1004,">="&DATE($B$3,1,1),업무일지!$B$5:$B$1004,"<"&DATE($B$3+1,1,1),업무일지!$E$5:$E$1004,$B25) -> 0 | D25: =IFERROR(C25/$C$37,0) -> 0 | E25: =SUMIFS(업무일지!$K$5:$K$1004,업무일지!$B$5:$B$1004,">="&DATE($B$3,1,1),업무일지!$B$5:$B$1004,"<"&DATE($B$3+1,1,1),업무일지!$E$5:$E$1004,$B25) -> 0 | F25: =SUMIFS(업무일지!$R$5:$R$1004,업무일지!$B$5:$B$1004,">="&DATE($B$3,1,1),업무일지!$B$5:$B$1004,"<"&DATE($B$3+1,1,1),업무일지!$E$5:$E$1004,$B25) -> 0 | G25: =SUMIFS(업무일지!$N$5:$N$1004,업무일지!$B$5:$B$1004,">="&DATE($B$3,1,1),업무일지!$B$5:$B$1004,"<"&DATE($B$3+1,1,1),업무일지!$E$5:$E$1004,$B25) -> 0 | H25: =SUMIFS(업무일지!$O$5:$O$1004,업무일지!$B$5:$B$1004,">="&DATE($B$3,1,1),업무일지!$B$5:$B$1004,"<"&DATE($B$3+1,1,1),업무일지!$E$5:$E$1004,$B25) -> 0 | I25: =SUMIFS(업무일지!$T$5:$T$1004,업무일지!$B$5:$B$1004,">="&DATE($B$3,1,1),업무일지!$B$5:$B$1004,"<"&DATE($B$3+1,1,1),업무일지!$E$5:$E$1004,$B25) -> 0 | J25: =IFERROR(SUMIFS(업무일지!$P$5:$P$1004,업무일지!$B$5:$B$1004,">="&DATE($B$3,1,1),업무일지!$B$5:$B$1004,"<"&DATE($B$3+1,1,1),업무일지!$E$5:$E$1004,$B25)/C25,0) -> 0
A26: 출장 | B26: 현장 지원·입회 | C26: =COUNTIFS(업무일지!$B$5:$B$1004,">="&DATE($B$3,1,1),업무일지!$B$5:$B$1004,"<"&DATE($B$3+1,1,1),업무일지!$E$5:$E$1004,$B26) -> 0 | D26: =IFERROR(C26/$C$37,0) -> 0 | E26: =SUMIFS(업무일지!$K$5:$K$1004,업무일지!$B$5:$B$1004,">="&DATE($B$3,1,1),업무일지!$B$5:$B$1004,"<"&DATE($B$3+1,1,1),업무일지!$E$5:$E$1004,$B26) -> 0 | F26: =SUMIFS(업무일지!$R$5:$R$1004,업무일지!$B$5:$B$1004,">="&DATE($B$3,1,1),업무일지!$B$5:$B$1004,"<"&DATE($B$3+1,1,1),업무일지!$E$5:$E$1004,$B26) -> 0 | G26: =SUMIFS(업무일지!$N$5:$N$1004,업무일지!$B$5:$B$1004,">="&DATE($B$3,1,1),업무일지!$B$5:$B$1004,"<"&DATE($B$3+1,1,1),업무일지!$E$5:$E$1004,$B26) -> 0 | H26: =SUMIFS(업무일지!$O$5:$O$1004,업무일지!$B$5:$B$1004,">="&DATE($B$3,1,1),업무일지!$B$5:$B$1004,"<"&DATE($B$3+1,1,1),업무일지!$E$5:$E$1004,$B26) -> 0 | I26: =SUMIFS(업무일지!$T$5:$T$1004,업무일지!$B$5:$B$1004,">="&DATE($B$3,1,1),업무일지!$B$5:$B$1004,"<"&DATE($B$3+1,1,1),업무일지!$E$5:$E$1004,$B26) -> 0 | J26: =IFERROR(SUMIFS(업무일지!$P$5:$P$1004,업무일지!$B$5:$B$1004,">="&DATE($B$3,1,1),업무일지!$B$5:$B$1004,"<"&DATE($B$3+1,1,1),업무일지!$E$5:$E$1004,$B26)/C26,0) -> 0
A27: 출장 | B27: 회의·협의 | C27: =COUNTIFS(업무일지!$B$5:$B$1004,">="&DATE($B$3,1,1),업무일지!$B$5:$B$1004,"<"&DATE($B$3+1,1,1),업무일지!$E$5:$E$1004,$B27) -> 0 | D27: =IFERROR(C27/$C$37,0) -> 0 | E27: =SUMIFS(업무일지!$K$5:$K$1004,업무일지!$B$5:$B$1004,">="&DATE($B$3,1,1),업무일지!$B$5:$B$1004,"<"&DATE($B$3+1,1,1),업무일지!$E$5:$E$1004,$B27) -> 0 | F27: =SUMIFS(업무일지!$R$5:$R$1004,업무일지!$B$5:$B$1004,">="&DATE($B$3,1,1),업무일지!$B$5:$B$1004,"<"&DATE($B$3+1,1,1),업무일지!$E$5:$E$1004,$B27) -> 0 | G27: =SUMIFS(업무일지!$N$5:$N$1004,업무일지!$B$5:$B$1004,">="&DATE($B$3,1,1),업무일지!$B$5:$B$1004,"<"&DATE($B$3+1,1,1),업무일지!$E$5:$E$1004,$B27) -> 0 | H27: =SUMIFS(업무일지!$O$5:$O$1004,업무일지!$B$5:$B$1004,">="&DATE($B$3,1,1),업무일지!$B$5:$B$1004,"<"&DATE($B$3+1,1,1),업무일지!$E$5:$E$1004,$B27) -> 0 | I27: =SUMIFS(업무일지!$T$5:$T$1004,업무일지!$B$5:$B$1004,">="&DATE($B$3,1,1),업무일지!$B$5:$B$1004,"<"&DATE($B$3+1,1,1),업무일지!$E$5:$E$1004,$B27) -> 0 | J27: =IFERROR(SUMIFS(업무일지!$P$5:$P$1004,업무일지!$B$5:$B$1004,">="&DATE($B$3,1,1),업무일지!$B$5:$B$1004,"<"&DATE($B$3+1,1,1),업무일지!$E$5:$E$1004,$B27)/C27,0) -> 0
A28: 출장 | B28: 교육·세미나 | C28: =COUNTIFS(업무일지!$B$5:$B$1004,">="&DATE($B$3,1,1),업무일지!$B$5:$B$1004,"<"&DATE($B$3+1,1,1),업무일지!$E$5:$E$1004,$B28) -> 0 | D28: =IFERROR(C28/$C$37,0) -> 0 | E28: =SUMIFS(업무일지!$K$5:$K$1004,업무일지!$B$5:$B$1004,">="&DATE($B$3,1,1),업무일지!$B$5:$B$1004,"<"&DATE($B$3+1,1,1),업무일지!$E$5:$E$1004,$B28) -> 0 | F28: =SUMIFS(업무일지!$R$5:$R$1004,업무일지!$B$5:$B$1004,">="&DATE($B$3,1,1),업무일지!$B$5:$B$1004,"<"&DATE($B$3+1,1,1),업무일지!$E$5:$E$1004,$B28) -> 0 | G28: =SUMIFS(업무일지!$N$5:$N$1004,업무일지!$B$5:$B$1004,">="&DATE($B$3,1,1),업무일지!$B$5:$B$1004,"<"&DATE($B$3+1,1,1),업무일지!$E$5:$E$1004,$B28) -> 0 | H28: =SUMIFS(업무일지!$O$5:$O$1004,업무일지!$B$5:$B$1004,">="&DATE($B$3,1,1),업무일지!$B$5:$B$1004,"<"&DATE($B$3+1,1,1),업무일지!$E$5:$E$1004,$B28) -> 0 | I28: =SUMIFS(업무일지!$T$5:$T$1004,업무일지!$B$5:$B$1004,">="&DATE($B$3,1,1),업무일지!$B$5:$B$1004,"<"&DATE($B$3+1,1,1),업무일지!$E$5:$E$1004,$B28) -> 0 | J28: =IFERROR(SUMIFS(업무일지!$P$5:$P$1004,업무일지!$B$5:$B$1004,">="&DATE($B$3,1,1),업무일지!$B$5:$B$1004,"<"&DATE($B$3+1,1,1),업무일지!$E$5:$E$1004,$B28)/C28,0) -> 0
A29: 출장 | B29: 기타 출장 | C29: =COUNTIFS(업무일지!$B$5:$B$1004,">="&DATE($B$3,1,1),업무일지!$B$5:$B$1004,"<"&DATE($B$3+1,1,1),업무일지!$E$5:$E$1004,$B29) -> 0 | D29: =IFERROR(C29/$C$37,0) -> 0 | E29: =SUMIFS(업무일지!$K$5:$K$1004,업무일지!$B$5:$B$1004,">="&DATE($B$3,1,1),업무일지!$B$5:$B$1004,"<"&DATE($B$3+1,1,1),업무일지!$E$5:$E$1004,$B29) -> 0 | F29: =SUMIFS(업무일지!$R$5:$R$1004,업무일지!$B$5:$B$1004,">="&DATE($B$3,1,1),업무일지!$B$5:$B$1004,"<"&DATE($B$3+1,1,1),업무일지!$E$5:$E$1004,$B29) -> 0 | G29: =SUMIFS(업무일지!$N$5:$N$1004,업무일지!$B$5:$B$1004,">="&DATE($B$3,1,1),업무일지!$B$5:$B$1004,"<"&DATE($B$3+1,1,1),업무일지!$E$5:$E$1004,$B29) -> 0 | H29: =SUMIFS(업무일지!$O$5:$O$1004,업무일지!$B$5:$B$1004,">="&DATE($B$3,1,1),업무일지!$B$5:$B$1004,"<"&DATE($B$3+1,1,1),업무일지!$E$5:$E$1004,$B29) -> 0 | I29: =SUMIFS(업무일지!$T$5:$T$1004,업무일지!$B$5:$B$1004,">="&DATE($B$3,1,1),업무일지!$B$5:$B$1004,"<"&DATE($B$3+1,1,1),업무일지!$E$5:$E$1004,$B29) -> 0 | J29: =IFERROR(SUMIFS(업무일지!$P$5:$P$1004,업무일지!$B$5:$B$1004,">="&DATE($B$3,1,1),업무일지!$B$5:$B$1004,"<"&DATE($B$3+1,1,1),업무일지!$E$5:$E$1004,$B29)/C29,0) -> 0
A30: 분석 | B30: 디스크 이미지 분석 | C30: =COUNTIFS(업무일지!$B$5:$B$1004,">="&DATE($B$3,1,1),업무일지!$B$5:$B$1004,"<"&DATE($B$3+1,1,1),업무일지!$E$5:$E$1004,$B30) -> 1 | D30: =IFERROR(C30/$C$37,0) -> 0.33333333 | E30: =SUMIFS(업무일지!$K$5:$K$1004,업무일지!$B$5:$B$1004,">="&DATE($B$3,1,1),업무일지!$B$5:$B$1004,"<"&DATE($B$3+1,1,1),업무일지!$E$5:$E$1004,$B30) -> 1 | F30: =SUMIFS(업무일지!$R$5:$R$1004,업무일지!$B$5:$B$1004,">="&DATE($B$3,1,1),업무일지!$B$5:$B$1004,"<"&DATE($B$3+1,1,1),업무일지!$E$5:$E$1004,$B30) -> 34 | G30: =SUMIFS(업무일지!$N$5:$N$1004,업무일지!$B$5:$B$1004,">="&DATE($B$3,1,1),업무일지!$B$5:$B$1004,"<"&DATE($B$3+1,1,1),업무일지!$E$5:$E$1004,$B30) -> 4 | H30: =SUMIFS(업무일지!$O$5:$O$1004,업무일지!$B$5:$B$1004,">="&DATE($B$3,1,1),업무일지!$B$5:$B$1004,"<"&DATE($B$3+1,1,1),업무일지!$E$5:$E$1004,$B30) -> 2400 | I30: =SUMIFS(업무일지!$T$5:$T$1004,업무일지!$B$5:$B$1004,">="&DATE($B$3,1,1),업무일지!$B$5:$B$1004,"<"&DATE($B$3+1,1,1),업무일지!$E$5:$E$1004,$B30) -> 0 | J30: =IFERROR(SUMIFS(업무일지!$P$5:$P$1004,업무일지!$B$5:$B$1004,">="&DATE($B$3,1,1),업무일지!$B$5:$B$1004,"<"&DATE($B$3+1,1,1),업무일지!$E$5:$E$1004,$B30)/C30,0) -> 5
A31: 분석 | B31: 모바일 분석 | C31: =COUNTIFS(업무일지!$B$5:$B$1004,">="&DATE($B$3,1,1),업무일지!$B$5:$B$1004,"<"&DATE($B$3+1,1,1),업무일지!$E$5:$E$1004,$B31) -> 1 | D31: =IFERROR(C31/$C$37,0) -> 0.33333333 | E31: =SUMIFS(업무일지!$K$5:$K$1004,업무일지!$B$5:$B$1004,">="&DATE($B$3,1,1),업무일지!$B$5:$B$1004,"<"&DATE($B$3+1,1,1),업무일지!$E$5:$E$1004,$B31) -> 1 | F31: =SUMIFS(업무일지!$R$5:$R$1004,업무일지!$B$5:$B$1004,">="&DATE($B$3,1,1),업무일지!$B$5:$B$1004,"<"&DATE($B$3+1,1,1),업무일지!$E$5:$E$1004,$B31) -> 7 | G31: =SUMIFS(업무일지!$N$5:$N$1004,업무일지!$B$5:$B$1004,">="&DATE($B$3,1,1),업무일지!$B$5:$B$1004,"<"&DATE($B$3+1,1,1),업무일지!$E$5:$E$1004,$B31) -> 2 | H31: =SUMIFS(업무일지!$O$5:$O$1004,업무일지!$B$5:$B$1004,">="&DATE($B$3,1,1),업무일지!$B$5:$B$1004,"<"&DATE($B$3+1,1,1),업무일지!$E$5:$E$1004,$B31) -> 480 | I31: =SUMIFS(업무일지!$T$5:$T$1004,업무일지!$B$5:$B$1004,">="&DATE($B$3,1,1),업무일지!$B$5:$B$1004,"<"&DATE($B$3+1,1,1),업무일지!$E$5:$E$1004,$B31) -> 0 | J31: =IFERROR(SUMIFS(업무일지!$P$5:$P$1004,업무일지!$B$5:$B$1004,">="&DATE($B$3,1,1),업무일지!$B$5:$B$1004,"<"&DATE($B$3+1,1,1),업무일지!$E$5:$E$1004,$B31)/C31,0) -> 1
A32: 분석 | B32: 영상·이미지 분석 | C32: =COUNTIFS(업무일지!$B$5:$B$1004,">="&DATE($B$3,1,1),업무일지!$B$5:$B$1004,"<"&DATE($B$3+1,1,1),업무일지!$E$5:$E$1004,$B32) -> 0 | D32: =IFERROR(C32/$C$37,0) -> 0 | E32: =SUMIFS(업무일지!$K$5:$K$1004,업무일지!$B$5:$B$1004,">="&DATE($B$3,1,1),업무일지!$B$5:$B$1004,"<"&DATE($B$3+1,1,1),업무일지!$E$5:$E$1004,$B32) -> 0 | F32: =SUMIFS(업무일지!$R$5:$R$1004,업무일지!$B$5:$B$1004,">="&DATE($B$3,1,1),업무일지!$B$5:$B$1004,"<"&DATE($B$3+1,1,1),업무일지!$E$5:$E$1004,$B32) -> 0 | G32: =SUMIFS(업무일지!$N$5:$N$1004,업무일지!$B$5:$B$1004,">="&DATE($B$3,1,1),업무일지!$B$5:$B$1004,"<"&DATE($B$3+1,1,1),업무일지!$E$5:$E$1004,$B32) -> 0 | H32: =SUMIFS(업무일지!$O$5:$O$1004,업무일지!$B$5:$B$1004,">="&DATE($B$3,1,1),업무일지!$B$5:$B$1004,"<"&DATE($B$3+1,1,1),업무일지!$E$5:$E$1004,$B32) -> 0 | I32: =SUMIFS(업무일지!$T$5:$T$1004,업무일지!$B$5:$B$1004,">="&DATE($B$3,1,1),업무일지!$B$5:$B$1004,"<"&DATE($B$3+1,1,1),업무일지!$E$5:$E$1004,$B32) -> 0 | J32: =IFERROR(SUMIFS(업무일지!$P$5:$P$1004,업무일지!$B$5:$B$1004,">="&DATE($B$3,1,1),업무일지!$B$5:$B$1004,"<"&DATE($B$3+1,1,1),업무일지!$E$5:$E$1004,$B32)/C32,0) -> 0
A33: 분석 | B33: 로그·네트워크 분석 | C33: =COUNTIFS(업무일지!$B$5:$B$1004,">="&DATE($B$3,1,1),업무일지!$B$5:$B$1004,"<"&DATE($B$3+1,1,1),업무일지!$E$5:$E$1004,$B33) -> 0 | D33: =IFERROR(C33/$C$37,0) -> 0 | E33: =SUMIFS(업무일지!$K$5:$K$1004,업무일지!$B$5:$B$1004,">="&DATE($B$3,1,1),업무일지!$B$5:$B$1004,"<"&DATE($B$3+1,1,1),업무일지!$E$5:$E$1004,$B33) -> 0 | F33: =SUMIFS(업무일지!$R$5:$R$1004,업무일지!$B$5:$B$1004,">="&DATE($B$3,1,1),업무일지!$B$5:$B$1004,"<"&DATE($B$3+1,1,1),업무일지!$E$5:$E$1004,$B33) -> 0 | G33: =SUMIFS(업무일지!$N$5:$N$1004,업무일지!$B$5:$B$1004,">="&DATE($B$3,1,1),업무일지!$B$5:$B$1004,"<"&DATE($B$3+1,1,1),업무일지!$E$5:$E$1004,$B33) -> 0 | H33: =SUMIFS(업무일지!$O$5:$O$1004,업무일지!$B$5:$B$1004,">="&DATE($B$3,1,1),업무일지!$B$5:$B$1004,"<"&DATE($B$3+1,1,1),업무일지!$E$5:$E$1004,$B33) -> 0 | I33: =SUMIFS(업무일지!$T$5:$T$1004,업무일지!$B$5:$B$1004,">="&DATE($B$3,1,1),업무일지!$B$5:$B$1004,"<"&DATE($B$3+1,1,1),업무일지!$E$5:$E$1004,$B33) -> 0 | J33: =IFERROR(SUMIFS(업무일지!$P$5:$P$1004,업무일지!$B$5:$B$1004,">="&DATE($B$3,1,1),업무일지!$B$5:$B$1004,"<"&DATE($B$3+1,1,1),업무일지!$E$5:$E$1004,$B33)/C33,0) -> 0
A34: 분석 | B34: 악성코드 분석 | C34: =COUNTIFS(업무일지!$B$5:$B$1004,">="&DATE($B$3,1,1),업무일지!$B$5:$B$1004,"<"&DATE($B$3+1,1,1),업무일지!$E$5:$E$1004,$B34) -> 0 | D34: =IFERROR(C34/$C$37,0) -> 0 | E34: =SUMIFS(업무일지!$K$5:$K$1004,업무일지!$B$5:$B$1004,">="&DATE($B$3,1,1),업무일지!$B$5:$B$1004,"<"&DATE($B$3+1,1,1),업무일지!$E$5:$E$1004,$B34) -> 0 | F34: =SUMIFS(업무일지!$R$5:$R$1004,업무일지!$B$5:$B$1004,">="&DATE($B$3,1,1),업무일지!$B$5:$B$1004,"<"&DATE($B$3+1,1,1),업무일지!$E$5:$E$1004,$B34) -> 0 | G34: =SUMIFS(업무일지!$N$5:$N$1004,업무일지!$B$5:$B$1004,">="&DATE($B$3,1,1),업무일지!$B$5:$B$1004,"<"&DATE($B$3+1,1,1),업무일지!$E$5:$E$1004,$B34) -> 0 | H34: =SUMIFS(업무일지!$O$5:$O$1004,업무일지!$B$5:$B$1004,">="&DATE($B$3,1,1),업무일지!$B$5:$B$1004,"<"&DATE($B$3+1,1,1),업무일지!$E$5:$E$1004,$B34) -> 0 | I34: =SUMIFS(업무일지!$T$5:$T$1004,업무일지!$B$5:$B$1004,">="&DATE($B$3,1,1),업무일지!$B$5:$B$1004,"<"&DATE($B$3+1,1,1),업무일지!$E$5:$E$1004,$B34) -> 0 | J34: =IFERROR(SUMIFS(업무일지!$P$5:$P$1004,업무일지!$B$5:$B$1004,">="&DATE($B$3,1,1),업무일지!$B$5:$B$1004,"<"&DATE($B$3+1,1,1),업무일지!$E$5:$E$1004,$B34)/C34,0) -> 0
A35: 분석 | B35: 보고서 작성·검증 | C35: =COUNTIFS(업무일지!$B$5:$B$1004,">="&DATE($B$3,1,1),업무일지!$B$5:$B$1004,"<"&DATE($B$3+1,1,1),업무일지!$E$5:$E$1004,$B35) -> 0 | D35: =IFERROR(C35/$C$37,0) -> 0 | E35: =SUMIFS(업무일지!$K$5:$K$1004,업무일지!$B$5:$B$1004,">="&DATE($B$3,1,1),업무일지!$B$5:$B$1004,"<"&DATE($B$3+1,1,1),업무일지!$E$5:$E$1004,$B35) -> 0 | F35: =SUMIFS(업무일지!$R$5:$R$1004,업무일지!$B$5:$B$1004,">="&DATE($B$3,1,1),업무일지!$B$5:$B$1004,"<"&DATE($B$3+1,1,1),업무일지!$E$5:$E$1004,$B35) -> 0 | G35: =SUMIFS(업무일지!$N$5:$N$1004,업무일지!$B$5:$B$1004,">="&DATE($B$3,1,1),업무일지!$B$5:$B$1004,"<"&DATE($B$3+1,1,1),업무일지!$E$5:$E$1004,$B35) -> 0 | H35: =SUMIFS(업무일지!$O$5:$O$1004,업무일지!$B$5:$B$1004,">="&DATE($B$3,1,1),업무일지!$B$5:$B$1004,"<"&DATE($B$3+1,1,1),업무일지!$E$5:$E$1004,$B35) -> 0 | I35: =SUMIFS(업무일지!$T$5:$T$1004,업무일지!$B$5:$B$1004,">="&DATE($B$3,1,1),업무일지!$B$5:$B$1004,"<"&DATE($B$3+1,1,1),업무일지!$E$5:$E$1004,$B35) -> 0 | J35: =IFERROR(SUMIFS(업무일지!$P$5:$P$1004,업무일지!$B$5:$B$1004,">="&DATE($B$3,1,1),업무일지!$B$5:$B$1004,"<"&DATE($B$3+1,1,1),업무일지!$E$5:$E$1004,$B35)/C35,0) -> 0
A36: 분석 | B36: 기타 분석 | C36: =COUNTIFS(업무일지!$B$5:$B$1004,">="&DATE($B$3,1,1),업무일지!$B$5:$B$1004,"<"&DATE($B$3+1,1,1),업무일지!$E$5:$E$1004,$B36) -> 0 | D36: =IFERROR(C36/$C$37,0) -> 0 | E36: =SUMIFS(업무일지!$K$5:$K$1004,업무일지!$B$5:$B$1004,">="&DATE($B$3,1,1),업무일지!$B$5:$B$1004,"<"&DATE($B$3+1,1,1),업무일지!$E$5:$E$1004,$B36) -> 0 | F36: =SUMIFS(업무일지!$R$5:$R$1004,업무일지!$B$5:$B$1004,">="&DATE($B$3,1,1),업무일지!$B$5:$B$1004,"<"&DATE($B$3+1,1,1),업무일지!$E$5:$E$1004,$B36) -> 0 | G36: =SUMIFS(업무일지!$N$5:$N$1004,업무일지!$B$5:$B$1004,">="&DATE($B$3,1,1),업무일지!$B$5:$B$1004,"<"&DATE($B$3+1,1,1),업무일지!$E$5:$E$1004,$B36) -> 0 | H36: =SUMIFS(업무일지!$O$5:$O$1004,업무일지!$B$5:$B$1004,">="&DATE($B$3,1,1),업무일지!$B$5:$B$1004,"<"&DATE($B$3+1,1,1),업무일지!$E$5:$E$1004,$B36) -> 0 | I36: =SUMIFS(업무일지!$T$5:$T$1004,업무일지!$B$5:$B$1004,">="&DATE($B$3,1,1),업무일지!$B$5:$B$1004,"<"&DATE($B$3+1,1,1),업무일지!$E$5:$E$1004,$B36) -> 0 | J36: =IFERROR(SUMIFS(업무일지!$P$5:$P$1004,업무일지!$B$5:$B$1004,">="&DATE($B$3,1,1),업무일지!$B$5:$B$1004,"<"&DATE($B$3+1,1,1),업무일지!$E$5:$E$1004,$B36)/C36,0) -> 0
A37: 합계 | C37: =SUM(C24:C36) -> 3 | D37: =IFERROR(C37/$C$37,0) -> 1 | E37: =SUM(E24:E36) -> 5 | F37: =SUM(F24:F36) -> 89 | G37: =SUM(G24:G36) -> 12 | H37: =SUM(H24:H36) -> 6080 | I37: =SUM(I24:I36) -> 552000
A40: 3. 팀별 현황 (연간 누계) ※ 주담당 기준
A41: 소속팀 | B41: 출장 건수 | C41: 분석 건수 | D41: 전체 건수 | E41: 출장 소요일수 | F41: 연인원(명) | G41: 총 인시(H) | H41: 대상매체(건) | I41: 출장비(원) | J41: 진행중
A42: 포렌식1팀 | B42: =COUNTIFS(업무일지!$B$5:$B$1004,">="&DATE($B$3,1,1),업무일지!$B$5:$B$1004,"<"&DATE($B$3+1,1,1),업무일지!$L$5:$L$1004,$A42,업무일지!$D$5:$D$1004,"출장") -> 1 | C42: =COUNTIFS(업무일지!$B$5:$B$1004,">="&DATE($B$3,1,1),업무일지!$B$5:$B$1004,"<"&DATE($B$3+1,1,1),업무일지!$L$5:$L$1004,$A42,업무일지!$D$5:$D$1004,"분석") -> 1 | D42: =B42+C42 -> 2 | E42: =SUMIFS(업무일지!$P$5:$P$1004,업무일지!$B$5:$B$1004,">="&DATE($B$3,1,1),업무일지!$B$5:$B$1004,"<"&DATE($B$3+1,1,1),업무일지!$L$5:$L$1004,$A42,업무일지!$D$5:$D$1004,"출장") -> 2 | F42: =SUMIFS(업무일지!$K$5:$K$1004,업무일지!$B$5:$B$1004,">="&DATE($B$3,1,1),업무일지!$B$5:$B$1004,"<"&DATE($B$3+1,1,1),업무일지!$L$5:$L$1004,$A42) -> 4 | G42: =SUMIFS(업무일지!$R$5:$R$1004,업무일지!$B$5:$B$1004,">="&DATE($B$3,1,1),업무일지!$B$5:$B$1004,"<"&DATE($B$3+1,1,1),업무일지!$L$5:$L$1004,$A42) -> 82 | H42: =SUMIFS(업무일지!$N$5:$N$1004,업무일지!$B$5:$B$1004,">="&DATE($B$3,1,1),업무일지!$B$5:$B$1004,"<"&DATE($B$3+1,1,1),업무일지!$L$5:$L$1004,$A42) -> 10 | I42: =SUMIFS(업무일지!$T$5:$T$1004,업무일지!$B$5:$B$1004,">="&DATE($B$3,1,1),업무일지!$B$5:$B$1004,"<"&DATE($B$3+1,1,1),업무일지!$L$5:$L$1004,$A42) -> 552000 | J42: =COUNTIFS(업무일지!$B$5:$B$1004,">="&DATE($B$3,1,1),업무일지!$B$5:$B$1004,"<"&DATE($B$3+1,1,1),업무일지!$L$5:$L$1004,$A42,업무일지!$S$5:$S$1004,"진행중") -> 0
A43: 포렌식2팀 | B43: =COUNTIFS(업무일지!$B$5:$B$1004,">="&DATE($B$3,1,1),업무일지!$B$5:$B$1004,"<"&DATE($B$3+1,1,1),업무일지!$L$5:$L$1004,$A43,업무일지!$D$5:$D$1004,"출장") -> 0 | C43: =COUNTIFS(업무일지!$B$5:$B$1004,">="&DATE($B$3,1,1),업무일지!$B$5:$B$1004,"<"&DATE($B$3+1,1,1),업무일지!$L$5:$L$1004,$A43,업무일지!$D$5:$D$1004,"분석") -> 1 | D43: =B43+C43 -> 1 | E43: =SUMIFS(업무일지!$P$5:$P$1004,업무일지!$B$5:$B$1004,">="&DATE($B$3,1,1),업무일지!$B$5:$B$1004,"<"&DATE($B$3+1,1,1),업무일지!$L$5:$L$1004,$A43,업무일지!$D$5:$D$1004,"출장") -> 0 | F43: =SUMIFS(업무일지!$K$5:$K$1004,업무일지!$B$5:$B$1004,">="&DATE($B$3,1,1),업무일지!$B$5:$B$1004,"<"&DATE($B$3+1,1,1),업무일지!$L$5:$L$1004,$A43) -> 1 | G43: =SUMIFS(업무일지!$R$5:$R$1004,업무일지!$B$5:$B$1004,">="&DATE($B$3,1,1),업무일지!$B$5:$B$1004,"<"&DATE($B$3+1,1,1),업무일지!$L$5:$L$1004,$A43) -> 7 | H43: =SUMIFS(업무일지!$N$5:$N$1004,업무일지!$B$5:$B$1004,">="&DATE($B$3,1,1),업무일지!$B$5:$B$1004,"<"&DATE($B$3+1,1,1),업무일지!$L$5:$L$1004,$A43) -> 2 | I43: =SUMIFS(업무일지!$T$5:$T$1004,업무일지!$B$5:$B$1004,">="&DATE($B$3,1,1),업무일지!$B$5:$B$1004,"<"&DATE($B$3+1,1,1),업무일지!$L$5:$L$1004,$A43) -> 0 | J43: =COUNTIFS(업무일지!$B$5:$B$1004,">="&DATE($B$3,1,1),업무일지!$B$5:$B$1004,"<"&DATE($B$3+1,1,1),업무일지!$L$5:$L$1004,$A43,업무일지!$S$5:$S$1004,"진행중") -> 1
A44: 침해대응팀 | B44: =COUNTIFS(업무일지!$B$5:$B$1004,">="&DATE($B$3,1,1),업무일지!$B$5:$B$1004,"<"&DATE($B$3+1,1,1),업무일지!$L$5:$L$1004,$A44,업무일지!$D$5:$D$1004,"출장") -> 0 | C44: =COUNTIFS(업무일지!$B$5:$B$1004,">="&DATE($B$3,1,1),업무일지!$B$5:$B$1004,"<"&DATE($B$3+1,1,1),업무일지!$L$5:$L$1004,$A44,업무일지!$D$5:$D$1004,"분석") -> 0 | D44: =B44+C44 -> 0 | E44: =SUMIFS(업무일지!$P$5:$P$1004,업무일지!$B$5:$B$1004,">="&DATE($B$3,1,1),업무일지!$B$5:$B$1004,"<"&DATE($B$3+1,1,1),업무일지!$L$5:$L$1004,$A44,업무일지!$D$5:$D$1004,"출장") -> 0 | F44: =SUMIFS(업무일지!$K$5:$K$1004,업무일지!$B$5:$B$1004,">="&DATE($B$3,1,1),업무일지!$B$5:$B$1004,"<"&DATE($B$3+1,1,1),업무일지!$L$5:$L$1004,$A44) -> 0 | G44: =SUMIFS(업무일지!$R$5:$R$1004,업무일지!$B$5:$B$1004,">="&DATE($B$3,1,1),업무일지!$B$5:$B$1004,"<"&DATE($B$3+1,1,1),업무일지!$L$5:$L$1004,$A44) -> 0 | H44: =SUMIFS(업무일지!$N$5:$N$1004,업무일지!$B$5:$B$1004,">="&DATE($B$3,1,1),업무일지!$B$5:$B$1004,"<"&DATE($B$3+1,1,1),업무일지!$L$5:$L$1004,$A44) -> 0 | I44: =SUMIFS(업무일지!$T$5:$T$1004,업무일지!$B$5:$B$1004,">="&DATE($B$3,1,1),업무일지!$B$5:$B$1004,"<"&DATE($B$3+1,1,1),업무일지!$L$5:$L$1004,$A44) -> 0 | J44: =COUNTIFS(업무일지!$B$5:$B$1004,">="&DATE($B$3,1,1),업무일지!$B$5:$B$1004,"<"&DATE($B$3+1,1,1),업무일지!$L$5:$L$1004,$A44,업무일지!$S$5:$S$1004,"진행중") -> 0
A45: 합계 | B45: =SUM(B42:B44) -> 1 | C45: =SUM(C42:C44) -> 2 | D45: =SUM(D42:D44) -> 3 | E45: =SUM(E42:E44) -> 2 | F45: =SUM(F42:F44) -> 5 | G45: =SUM(G42:G44) -> 89 | H45: =SUM(H42:H44) -> 12 | I45: =SUM(I42:I44) -> 552000 | J45: =SUM(J42:J44) -> 1
A48: 4. 진행상태 · 요청처별 현황 (연간 누계)
A49: 진행상태 | B49: 출장 | C49: 분석 | D49: 합계 | F49: 요청·의뢰처 | G49: 출장 | H49: 분석 | I49: 합계 | J49: 총 인시(H)
A50: 진행중 | B50: =COUNTIFS(업무일지!$B$5:$B$1004,">="&DATE($B$3,1,1),업무일지!$B$5:$B$1004,"<"&DATE($B$3+1,1,1),업무일지!$S$5:$S$1004,$A50,업무일지!$D$5:$D$1004,"출장") -> 0 | C50: =COUNTIFS(업무일지!$B$5:$B$1004,">="&DATE($B$3,1,1),업무일지!$B$5:$B$1004,"<"&DATE($B$3+1,1,1),업무일지!$S$5:$S$1004,$A50,업무일지!$D$5:$D$1004,"분석") -> 1 | D50: =B50+C50 -> 1 | F50: 본청 수사과 | G50: =COUNTIFS(업무일지!$B$5:$B$1004,">="&DATE($B$3,1,1),업무일지!$B$5:$B$1004,"<"&DATE($B$3+1,1,1),업무일지!$H$5:$H$1004,$F50,업무일지!$D$5:$D$1004,"출장") -> 1 | H50: =COUNTIFS(업무일지!$B$5:$B$1004,">="&DATE($B$3,1,1),업무일지!$B$5:$B$1004,"<"&DATE($B$3+1,1,1),업무일지!$H$5:$H$1004,$F50,업무일지!$D$5:$D$1004,"분석") -> 1 | I50: =G50+H50 -> 2 | J50: =SUMIFS(업무일지!$R$5:$R$1004,업무일지!$B$5:$B$1004,">="&DATE($B$3,1,1),업무일지!$B$5:$B$1004,"<"&DATE($B$3+1,1,1),업무일지!$H$5:$H$1004,$F50) -> 82
A51: 완료 | B51: =COUNTIFS(업무일지!$B$5:$B$1004,">="&DATE($B$3,1,1),업무일지!$B$5:$B$1004,"<"&DATE($B$3+1,1,1),업무일지!$S$5:$S$1004,$A51,업무일지!$D$5:$D$1004,"출장") -> 1 | C51: =COUNTIFS(업무일지!$B$5:$B$1004,">="&DATE($B$3,1,1),업무일지!$B$5:$B$1004,"<"&DATE($B$3+1,1,1),업무일지!$S$5:$S$1004,$A51,업무일지!$D$5:$D$1004,"분석") -> 1 | D51: =B51+C51 -> 2 | F51: 지방청 사이버수사대 | G51: =COUNTIFS(업무일지!$B$5:$B$1004,">="&DATE($B$3,1,1),업무일지!$B$5:$B$1004,"<"&DATE($B$3+1,1,1),업무일지!$H$5:$H$1004,$F51,업무일지!$D$5:$D$1004,"출장") -> 0 | H51: =COUNTIFS(업무일지!$B$5:$B$1004,">="&DATE($B$3,1,1),업무일지!$B$5:$B$1004,"<"&DATE($B$3+1,1,1),업무일지!$H$5:$H$1004,$F51,업무일지!$D$5:$D$1004,"분석") -> 1 | I51: =G51+H51 -> 1 | J51: =SUMIFS(업무일지!$R$5:$R$1004,업무일지!$B$5:$B$1004,">="&DATE($B$3,1,1),업무일지!$B$5:$B$1004,"<"&DATE($B$3+1,1,1),업무일지!$H$5:$H$1004,$F51) -> 7
A52: 보류 | B52: =COUNTIFS(업무일지!$B$5:$B$1004,">="&DATE($B$3,1,1),업무일지!$B$5:$B$1004,"<"&DATE($B$3+1,1,1),업무일지!$S$5:$S$1004,$A52,업무일지!$D$5:$D$1004,"출장") -> 0 | C52: =COUNTIFS(업무일지!$B$5:$B$1004,">="&DATE($B$3,1,1),업무일지!$B$5:$B$1004,"<"&DATE($B$3+1,1,1),업무일지!$S$5:$S$1004,$A52,업무일지!$D$5:$D$1004,"분석") -> 0 | D52: =B52+C52 -> 0 | F52: 감사실 | G52: =COUNTIFS(업무일지!$B$5:$B$1004,">="&DATE($B$3,1,1),업무일지!$B$5:$B$1004,"<"&DATE($B$3+1,1,1),업무일지!$H$5:$H$1004,$F52,업무일지!$D$5:$D$1004,"출장") -> 0 | H52: =COUNTIFS(업무일지!$B$5:$B$1004,">="&DATE($B$3,1,1),업무일지!$B$5:$B$1004,"<"&DATE($B$3+1,1,1),업무일지!$H$5:$H$1004,$F52,업무일지!$D$5:$D$1004,"분석") -> 0 | I52: =G52+H52 -> 0 | J52: =SUMIFS(업무일지!$R$5:$R$1004,업무일지!$B$5:$B$1004,">="&DATE($B$3,1,1),업무일지!$B$5:$B$1004,"<"&DATE($B$3+1,1,1),업무일지!$H$5:$H$1004,$F52) -> 0
F53: 외부 의뢰기관 | G53: =COUNTIFS(업무일지!$B$5:$B$1004,">="&DATE($B$3,1,1),업무일지!$B$5:$B$1004,"<"&DATE($B$3+1,1,1),업무일지!$H$5:$H$1004,$F53,업무일지!$D$5:$D$1004,"출장") -> 0 | H53: =COUNTIFS(업무일지!$B$5:$B$1004,">="&DATE($B$3,1,1),업무일지!$B$5:$B$1004,"<"&DATE($B$3+1,1,1),업무일지!$H$5:$H$1004,$F53,업무일지!$D$5:$D$1004,"분석") -> 0 | I53: =G53+H53 -> 0 | J53: =SUMIFS(업무일지!$R$5:$R$1004,업무일지!$B$5:$B$1004,">="&DATE($B$3,1,1),업무일지!$B$5:$B$1004,"<"&DATE($B$3+1,1,1),업무일지!$H$5:$H$1004,$F53) -> 0
F54: 자체 인지 | G54: =COUNTIFS(업무일지!$B$5:$B$1004,">="&DATE($B$3,1,1),업무일지!$B$5:$B$1004,"<"&DATE($B$3+1,1,1),업무일지!$H$5:$H$1004,$F54,업무일지!$D$5:$D$1004,"출장") -> 0 | H54: =COUNTIFS(업무일지!$B$5:$B$1004,">="&DATE($B$3,1,1),업무일지!$B$5:$B$1004,"<"&DATE($B$3+1,1,1),업무일지!$H$5:$H$1004,$F54,업무일지!$D$5:$D$1004,"분석") -> 0 | I54: =G54+H54 -> 0 | J54: =SUMIFS(업무일지!$R$5:$R$1004,업무일지!$B$5:$B$1004,">="&DATE($B$3,1,1),업무일지!$B$5:$B$1004,"<"&DATE($B$3+1,1,1),업무일지!$H$5:$H$1004,$F54) -> 0

Sheet 사건별 현황
A1: 사건별 현황 · 사건번호 기준 통합
A2: ※ A열에 사건번호만 입력하면 나머지는 자동입니다. (연도 구분 없이 전체 기간 누계 — 해를 넘긴 사건도 한 줄) ※ 투입인원 = 주담당·동행자를 합쳐 중복 제거한 실인원.
A4: 1. 사건별 종합
A5: 사건번호 | B5: 사건명 · 업무명 | C5: 요청·의뢰처 | D5: 주담당자 | E5: 투입인원(명) | F5: 출장 건수 | G5: 분석 건수 | H5: 전체 건수 | I5: 출장 소요일수 | J5: 총 인시(H) | K5: 대상매체(건) | L5: 데이터량(GB) | M5: 출장비(원) | N5: 최초 착수일 | O5: 최종 종료일 | P5: 처리기간(일) | Q5: 진행상태
A6: 2026-형제-1024 | B6: =IFERROR(INDEX(업무일지!$F$5:$F$1004,MATCH($A6,업무일지!$G$5:$G$1004,0)),"") -> ○○ 기술유출 사건 압수수색 | C6: =IFERROR(INDEX(업무일지!$H$5:$H$1004,MATCH($A6,업무일지!$G$5:$G$1004,0)),"") -> 본청 수사과 | D6: =IFERROR(INDEX(업무일지!$I$5:$I$1004,MATCH($A6,업무일지!$G$5:$G$1004,0)),"") -> 김디지 | E6: =IF($A6="","",SUMPRODUCT((코드설정!$C$5:$C$24<>"")*((COUNTIFS(업무일지!$G$5:$G$1004,$A6,업무일지!$I$5:$I$1004,코드설정!$C$5:$C$24)+COUNTIFS(업무일지!$G$5:$G$1004,$A6,업무일지!$J$5:$J$1004,"*"&코드설정!$C$5:$C$24&"*"))>0))) -> 3 | F6: =IF($A6="","",COUNTIFS(업무일지!$G$5:$G$1004,$A6,업무일지!$D$5:$D$1004,"출장")) -> 1 | G6: =IF($A6="","",COUNTIFS(업무일지!$G$5:$G$1004,$A6,업무일지!$D$5:$D$1004,"분석")) -> 1 | H6: =IF($A6="","",F6+G6) -> 2 | I6: =IF($A6="","",SUMIFS(업무일지!$P$5:$P$1004,업무일지!$G$5:$G$1004,$A6,업무일지!$D$5:$D$1004,"출장")) -> 2 | J6: =IF($A6="","",SUMIFS(업무일지!$R$5:$R$1004,업무일지!$G$5:$G$1004,$A6)) -> 82 | K6: =IF($A6="","",SUMIFS(업무일지!$N$5:$N$1004,업무일지!$G$5:$G$1004,$A6)) -> 10 | L6: =IF($A6="","",SUMIFS(업무일지!$O$5:$O$1004,업무일지!$G$5:$G$1004,$A6)) -> 5600 | M6: =IF($A6="","",SUMIFS(업무일지!$T$5:$T$1004,업무일지!$G$5:$G$1004,$A6)) -> 552000 | N6: =IF($A6="","",IFERROR(_xlfn.MINIFS(업무일지!$B$5:$B$1004,업무일지!$G$5:$G$1004,$A6),"")) -> 46085 | O6: =IF($A6="","",IFERROR(_xlfn.MAXIFS(업무일지!$C$5:$C$1004,업무일지!$G$5:$G$1004,$A6),"")) -> 46094 | P6: =IF($A6="","",IF(OR(N6="",O6="",O6=0),"",O6-N6+1)) -> 10 | Q6: =IF($A6="","",IF(H6=0,"미기록",IF(COUNTIFS(업무일지!$G$5:$G$1004,$A6,업무일지!$S$5:$S$1004,"진행중")>0,"진행중",IF(COUNTIFS(업무일지!$G$5:$G$1004,$A6,업무일지!$S$5:$S$1004,"보류")>0,"보류","완료")))) -> 완료
A7: 2026-형제-1131 | B7: =IFERROR(INDEX(업무일지!$F$5:$F$1004,MATCH($A7,업무일지!$G$5:$G$1004,0)),"") -> △△ 사건 휴대폰 추출·분석 | C7: =IFERROR(INDEX(업무일지!$H$5:$H$1004,MATCH($A7,업무일지!$G$5:$G$1004,0)),"") -> 지방청 사이버수사대 | D7: =IFERROR(INDEX(업무일지!$I$5:$I$1004,MATCH($A7,업무일지!$G$5:$G$1004,0)),"") -> 박증거 | E7: =IF($A7="","",SUMPRODUCT((코드설정!$C$5:$C$24<>"")*((COUNTIFS(업무일지!$G$5:$G$1004,$A7,업무일지!$I$5:$I$1004,코드설정!$C$5:$C$24)+COUNTIFS(업무일지!$G$5:$G$1004,$A7,업무일지!$J$5:$J$1004,"*"&코드설정!$C$5:$C$24&"*"))>0))) -> 1 | F7: =IF($A7="","",COUNTIFS(업무일지!$G$5:$G$1004,$A7,업무일지!$D$5:$D$1004,"출장")) -> 0 | G7: =IF($A7="","",COUNTIFS(업무일지!$G$5:$G$1004,$A7,업무일지!$D$5:$D$1004,"분석")) -> 1 | H7: =IF($A7="","",F7+G7) -> 1 | I7: =IF($A7="","",SUMIFS(업무일지!$P$5:$P$1004,업무일지!$G$5:$G$1004,$A7,업무일지!$D$5:$D$1004,"출장")) -> 0 | J7: =IF($A7="","",SUMIFS(업무일지!$R$5:$R$1004,업무일지!$G$5:$G$1004,$A7)) -> 7 | K7: =IF($A7="","",SUMIFS(업무일지!$N$5:$N$1004,업무일지!$G$5:$G$1004,$A7)) -> 2 | L7: =IF($A7="","",SUMIFS(업무일지!$O$5:$O$1004,업무일지!$G$5:$G$1004,$A7)) -> 480 | M7: =IF($A7="","",SUMIFS(업무일지!$T$5:$T$1004,업무일지!$G$5:$G$1004,$A7)) -> 0 | N7: =IF($A7="","",IFERROR(_xlfn.MINIFS(업무일지!$B$5:$B$1004,업무일지!$G$5:$G$1004,$A7),"")) -> 46098 | O7: =IF($A7="","",IFERROR(_xlfn.MAXIFS(업무일지!$C$5:$C$1004,업무일지!$G$5:$G$1004,$A7),"")) -> 46098 | P7: =IF($A7="","",IF(OR(N7="",O7="",O7=0),"",O7-N7+1)) -> 1 | Q7: =IF($A7="","",IF(H7=0,"미기록",IF(COUNTIFS(업무일지!$G$5:$G$1004,$A7,업무일지!$S$5:$S$1004,"진행중")>0,"진행중",IF(COUNTIFS(업무일지!$G$5:$G$1004,$A7,업무일지!$S$5:$S$1004,"보류")>0,"보류","완료")))) -> 진행중
B8: =IFERROR(INDEX(업무일지!$F$5:$F$1004,MATCH($A8,업무일지!$G$5:$G$1004,0)),"") | C8: =IFERROR(INDEX(업무일지!$H$5:$H$1004,MATCH($A8,업무일지!$G$5:$G$1004,0)),"") | D8: =IFERROR(INDEX(업무일지!$I$5:$I$1004,MATCH($A8,업무일지!$G$5:$G$1004,0)),"") | E8: =IF($A8="","",SUMPRODUCT((코드설정!$C$5:$C$24<>"")*((COUNTIFS(업무일지!$G$5:$G$1004,$A8,업무일지!$I$5:$I$1004,코드설정!$C$5:$C$24)+COUNTIFS(업무일지!$G$5:$G$1004,$A8,업무일지!$J$5:$J$1004,"*"&코드설정!$C$5:$C$24&"*"))>0))) | F8: =IF($A8="","",COUNTIFS(업무일지!$G$5:$G$1004,$A8,업무일지!$D$5:$D$1004,"출장")) | G8: =IF($A8="","",COUNTIFS(업무일지!$G$5:$G$1004,$A8,업무일지!$D$5:$D$1004,"분석")) | H8: =IF($A8="","",F8+G8) | I8: =IF($A8="","",SUMIFS(업무일지!$P$5:$P$1004,업무일지!$G$5:$G$1004,$A8,업무일지!$D$5:$D$1004,"출장")) | J8: =IF($A8="","",SUMIFS(업무일지!$R$5:$R$1004,업무일지!$G$5:$G$1004,$A8)) | K8: =IF($A8="","",SUMIFS(업무일지!$N$5:$N$1004,업무일지!$G$5:$G$1004,$A8)) | L8: =IF($A8="","",SUMIFS(업무일지!$O$5:$O$1004,업무일지!$G$5:$G$1004,$A8)) | M8: =IF($A8="","",SUMIFS(업무일지!$T$5:$T$1004,업무일지!$G$5:$G$1004,$A8)) | N8: =IF($A8="","",IFERROR(_xlfn.MINIFS(업무일지!$B$5:$B$1004,업무일지!$G$5:$G$1004,$A8),"")) | O8: =IF($A8="","",IFERROR(_xlfn.MAXIFS(업무일지!$C$5:$C$1004,업무일지!$G$5:$G$1004,$A8),"")) | P8: =IF($A8="","",IF(OR(N8="",O8="",O8=0),"",O8-N8+1)) | Q8: =IF($A8="","",IF(H8=0,"미기록",IF(COUNTIFS(업무일지!$G$5:$G$1004,$A8,업무일지!$S$5:$S$1004,"진행중")>0,"진행중",IF(COUNTIFS(업무일지!$G$5:$G$1004,$A8,업무일지!$S$5:$S$1004,"보류")>0,"보류","완료"))))
B9: =IFERROR(INDEX(업무일지!$F$5:$F$1004,MATCH($A9,업무일지!$G$5:$G$1004,0)),"") | C9: =IFERROR(INDEX(업무일지!$H$5:$H$1004,MATCH($A9,업무일지!$G$5:$G$1004,0)),"") | D9: =IFERROR(INDEX(업무일지!$I$5:$I$1004,MATCH($A9,업무일지!$G$5:$G$1004,0)),"") | E9: =IF($A9="","",SUMPRODUCT((코드설정!$C$5:$C$24<>"")*((COUNTIFS(업무일지!$G$5:$G$1004,$A9,업무일지!$I$5:$I$1004,코드설정!$C$5:$C$24)+COUNTIFS(업무일지!$G$5:$G$1004,$A9,업무일지!$J$5:$J$1004,"*"&코드설정!$C$5:$C$24&"*"))>0))) | F9: =IF($A9="","",COUNTIFS(업무일지!$G$5:$G$1004,$A9,업무일지!$D$5:$D$1004,"출장")) | G9: =IF($A9="","",COUNTIFS(업무일지!$G$5:$G$1004,$A9,업무일지!$D$5:$D$1004,"분석")) | H9: =IF($A9="","",F9+G9) | I9: =IF($A9="","",SUMIFS(업무일지!$P$5:$P$1004,업무일지!$G$5:$G$1004,$A9,업무일지!$D$5:$D$1004,"출장")) | J9: =IF($A9="","",SUMIFS(업무일지!$R$5:$R$1004,업무일지!$G$5:$G$1004,$A9)) | K9: =IF($A9="","",SUMIFS(업무일지!$N$5:$N$1004,업무일지!$G$5:$G$1004,$A9)) | L9: =IF($A9="","",SUMIFS(업무일지!$O$5:$O$1004,업무일지!$G$5:$G$1004,$A9)) | M9: =IF($A9="","",SUMIFS(업무일지!$T$5:$T$1004,업무일지!$G$5:$G$1004,$A9)) | N9: =IF($A9="","",IFERROR(_xlfn.MINIFS(업무일지!$B$5:$B$1004,업무일지!$G$5:$G$1004,$A9),"")) | O9: =IF($A9="","",IFERROR(_xlfn.MAXIFS(업무일지!$C$5:$C$1004,업무일지!$G$5:$G$1004,$A9),"")) | P9: =IF($A9="","",IF(OR(N9="",O9="",O9=0),"",O9-N9+1)) | Q9: =IF($A9="","",IF(H9=0,"미기록",IF(COUNTIFS(업무일지!$G$5:$G$1004,$A9,업무일지!$S$5:$S$1004,"진행중")>0,"진행중",IF(COUNTIFS(업무일지!$G$5:$G$1004,$A9,업무일지!$S$5:$S$1004,"보류")>0,"보류","완료"))))
B10: =IFERROR(INDEX(업무일지!$F$5:$F$1004,MATCH($A10,업무일지!$G$5:$G$1004,0)),"") | C10: =IFERROR(INDEX(업무일지!$H$5:$H$1004,MATCH($A10,업무일지!$G$5:$G$1004,0)),"") | D10: =IFERROR(INDEX(업무일지!$I$5:$I$1004,MATCH($A10,업무일지!$G$5:$G$1004,0)),"") | E10: =IF($A10="","",SUMPRODUCT((코드설정!$C$5:$C$24<>"")*((COUNTIFS(업무일지!$G$5:$G$1004,$A10,업무일지!$I$5:$I$1004,코드설정!$C$5:$C$24)+COUNTIFS(업무일지!$G$5:$G$1004,$A10,업무일지!$J$5:$J$1004,"*"&코드설정!$C$5:$C$24&"*"))>0))) | F10: =IF($A10="","",COUNTIFS(업무일지!$G$5:$G$1004,$A10,업무일지!$D$5:$D$1004,"출장")) | G10: =IF($A10="","",COUNTIFS(업무일지!$G$5:$G$1004,$A10,업무일지!$D$5:$D$1004,"분석")) | H10: =IF($A10="","",F10+G10) | I10: =IF($A10="","",SUMIFS(업무일지!$P$5:$P$1004,업무일지!$G$5:$G$1004,$A10,업무일지!$D$5:$D$1004,"출장")) | J10: =IF($A10="","",SUMIFS(업무일지!$R$5:$R$1004,업무일지!$G$5:$G$1004,$A10)) | K10: =IF($A10="","",SUMIFS(업무일지!$N$5:$N$1004,업무일지!$G$5:$G$1004,$A10)) | L10: =IF($A10="","",SUMIFS(업무일지!$O$5:$O$1004,업무일지!$G$5:$G$1004,$A10)) | M10: =IF($A10="","",SUMIFS(업무일지!$T$5:$T$1004,업무일지!$G$5:$G$1004,$A10)) | N10: =IF($A10="","",IFERROR(_xlfn.MINIFS(업무일지!$B$5:$B$1004,업무일지!$G$5:$G$1004,$A10),"")) | O10: =IF($A10="","",IFERROR(_xlfn.MAXIFS(업무일지!$C$5:$C$1004,업무일지!$G$5:$G$1004,$A10),"")) | P10: =IF($A10="","",IF(OR(N10="",O10="",O10=0),"",O10-N10+1)) | Q10: =IF($A10="","",IF(H10=0,"미기록",IF(COUNTIFS(업무일지!$G$5:$G$1004,$A10,업무일지!$S$5:$S$1004,"진행중")>0,"진행중",IF(COUNTIFS(업무일지!$G$5:$G$1004,$A10,업무일지!$S$5:$S$1004,"보류")>0,"보류","완료"))))
B11: =IFERROR(INDEX(업무일지!$F$5:$F$1004,MATCH($A11,업무일지!$G$5:$G$1004,0)),"") | C11: =IFERROR(INDEX(업무일지!$H$5:$H$1004,MATCH($A11,업무일지!$G$5:$G$1004,0)),"") | D11: =IFERROR(INDEX(업무일지!$I$5:$I$1004,MATCH($A11,업무일지!$G$5:$G$1004,0)),"") | E11: =IF($A11="","",SUMPRODUCT((코드설정!$C$5:$C$24<>"")*((COUNTIFS(업무일지!$G$5:$G$1004,$A11,업무일지!$I$5:$I$1004,코드설정!$C$5:$C$24)+COUNTIFS(업무일지!$G$5:$G$1004,$A11,업무일지!$J$5:$J$1004,"*"&코드설정!$C$5:$C$24&"*"))>0))) | F11: =IF($A11="","",COUNTIFS(업무일지!$G$5:$G$1004,$A11,업무일지!$D$5:$D$1004,"출장")) | G11: =IF($A11="","",COUNTIFS(업무일지!$G$5:$G$1004,$A11,업무일지!$D$5:$D$1004,"분석")) | H11: =IF($A11="","",F11+G11) | I11: =IF($A11="","",SUMIFS(업무일지!$P$5:$P$1004,업무일지!$G$5:$G$1004,$A11,업무일지!$D$5:$D$1004,"출장")) | J11: =IF($A11="","",SUMIFS(업무일지!$R$5:$R$1004,업무일지!$G$5:$G$1004,$A11)) | K11: =IF($A11="","",SUMIFS(업무일지!$N$5:$N$1004,업무일지!$G$5:$G$1004,$A11)) | L11: =IF($A11="","",SUMIFS(업무일지!$O$5:$O$1004,업무일지!$G$5:$G$1004,$A11)) | M11: =IF($A11="","",SUMIFS(업무일지!$T$5:$T$1004,업무일지!$G$5:$G$1004,$A11)) | N11: =IF($A11="","",IFERROR(_xlfn.MINIFS(업무일지!$B$5:$B$1004,업무일지!$G$5:$G$1004,$A11),"")) | O11: =IF($A11="","",IFERROR(_xlfn.MAXIFS(업무일지!$C$5:$C$1004,업무일지!$G$5:$G$1004,$A11),"")) | P11: =IF($A11="","",IF(OR(N11="",O11="",O11=0),"",O11-N11+1)) | Q11: =IF($A11="","",IF(H11=0,"미기록",IF(COUNTIFS(업무일지!$G$5:$G$1004,$A11,업무일지!$S$5:$S$1004,"진행중")>0,"진행중",IF(COUNTIFS(업무일지!$G$5:$G$1004,$A11,업무일지!$S$5:$S$1004,"보류")>0,"보류","완료"))))
B12: =IFERROR(INDEX(업무일지!$F$5:$F$1004,MATCH($A12,업무일지!$G$5:$G$1004,0)),"") | C12: =IFERROR(INDEX(업무일지!$H$5:$H$1004,MATCH($A12,업무일지!$G$5:$G$1004,0)),"") | D12: =IFERROR(INDEX(업무일지!$I$5:$I$1004,MATCH($A12,업무일지!$G$5:$G$1004,0)),"") | E12: =IF($A12="","",SUMPRODUCT((코드설정!$C$5:$C$24<>"")*((COUNTIFS(업무일지!$G$5:$G$1004,$A12,업무일지!$I$5:$I$1004,코드설정!$C$5:$C$24)+COUNTIFS(업무일지!$G$5:$G$1004,$A12,업무일지!$J$5:$J$1004,"*"&코드설정!$C$5:$C$24&"*"))>0))) | F12: =IF($A12="","",COUNTIFS(업무일지!$G$5:$G$1004,$A12,업무일지!$D$5:$D$1004,"출장")) | G12: =IF($A12="","",COUNTIFS(업무일지!$G$5:$G$1004,$A12,업무일지!$D$5:$D$1004,"분석")) | H12: =IF($A12="","",F12+G12) | I12: =IF($A12="","",SUMIFS(업무일지!$P$5:$P$1004,업무일지!$G$5:$G$1004,$A12,업무일지!$D$5:$D$1004,"출장")) | J12: =IF($A12="","",SUMIFS(업무일지!$R$5:$R$1004,업무일지!$G$5:$G$1004,$A12)) | K12: =IF($A12="","",SUMIFS(업무일지!$N$5:$N$1004,업무일지!$G$5:$G$1004,$A12)) | L12: =IF($A12="","",SUMIFS(업무일지!$O$5:$O$1004,업무일지!$G$5:$G$1004,$A12)) | M12: =IF($A12="","",SUMIFS(업무일지!$T$5:$T$1004,업무일지!$G$5:$G$1004,$A12)) | N12: =IF($A12="","",IFERROR(_xlfn.MINIFS(업무일지!$B$5:$B$1004,업무일지!$G$5:$G$1004,$A12),"")) | O12: =IF($A12="","",IFERROR(_xlfn.MAXIFS(업무일지!$C$5:$C$1004,업무일지!$G$5:$G$1004,$A12),"")) | P12: =IF($A12="","",IF(OR(N12="",O12="",O12=0),"",O12-N12+1)) | Q12: =IF($A12="","",IF(H12=0,"미기록",IF(COUNTIFS(업무일지!$G$5:$G$1004,$A12,업무일지!$S$5:$S$1004,"진행중")>0,"진행중",IF(COUNTIFS(업무일지!$G$5:$G$1004,$A12,업무일지!$S$5:$S$1004,"보류")>0,"보류","완료"))))
B13: =IFERROR(INDEX(업무일지!$F$5:$F$1004,MATCH($A13,업무일지!$G$5:$G$1004,0)),"") | C13: =IFERROR(INDEX(업무일지!$H$5:$H$1004,MATCH($A13,업무일지!$G$5:$G$1004,0)),"") | D13: =IFERROR(INDEX(업무일지!$I$5:$I$1004,MATCH($A13,업무일지!$G$5:$G$1004,0)),"") | E13: =IF($A13="","",SUMPRODUCT((코드설정!$C$5:$C$24<>"")*((COUNTIFS(업무일지!$G$5:$G$1004,$A13,업무일지!$I$5:$I$1004,코드설정!$C$5:$C$24)+COUNTIFS(업무일지!$G$5:$G$1004,$A13,업무일지!$J$5:$J$1004,"*"&코드설정!$C$5:$C$24&"*"))>0))) | F13: =IF($A13="","",COUNTIFS(업무일지!$G$5:$G$1004,$A13,업무일지!$D$5:$D$1004,"출장")) | G13: =IF($A13="","",COUNTIFS(업무일지!$G$5:$G$1004,$A13,업무일지!$D$5:$D$1004,"분석")) | H13: =IF($A13="","",F13+G13) | I13: =IF($A13="","",SUMIFS(업무일지!$P$5:$P$1004,업무일지!$G$5:$G$1004,$A13,업무일지!$D$5:$D$1004,"출장")) | J13: =IF($A13="","",SUMIFS(업무일지!$R$5:$R$1004,업무일지!$G$5:$G$1004,$A13)) | K13: =IF($A13="","",SUMIFS(업무일지!$N$5:$N$1004,업무일지!$G$5:$G$1004,$A13)) | L13: =IF($A13="","",SUMIFS(업무일지!$O$5:$O$1004,업무일지!$G$5:$G$1004,$A13)) | M13: =IF($A13="","",SUMIFS(업무일지!$T$5:$T$1004,업무일지!$G$5:$G$1004,$A13)) | N13: =IF($A13="","",IFERROR(_xlfn.MINIFS(업무일지!$B$5:$B$1004,업무일지!$G$5:$G$1004,$A13),"")) | O13: =IF($A13="","",IFERROR(_xlfn.MAXIFS(업무일지!$C$5:$C$1004,업무일지!$G$5:$G$1004,$A13),"")) | P13: =IF($A13="","",IF(OR(N13="",O13="",O13=0),"",O13-N13+1)) | Q13: =IF($A13="","",IF(H13=0,"미기록",IF(COUNTIFS(업무일지!$G$5:$G$1004,$A13,업무일지!$S$5:$S$1004,"진행중")>0,"진행중",IF(COUNTIFS(업무일지!$G$5:$G$1004,$A13,업무일지!$S$5:$S$1004,"보류")>0,"보류","완료"))))
B14: =IFERROR(INDEX(업무일지!$F$5:$F$1004,MATCH($A14,업무일지!$G$5:$G$1004,0)),"") | C14: =IFERROR(INDEX(업무일지!$H$5:$H$1004,MATCH($A14,업무일지!$G$5:$G$1004,0)),"") | D14: =IFERROR(INDEX(업무일지!$I$5:$I$1004,MATCH($A14,업무일지!$G$5:$G$1004,0)),"") | E14: =IF($A14="","",SUMPRODUCT((코드설정!$C$5:$C$24<>"")*((COUNTIFS(업무일지!$G$5:$G$1004,$A14,업무일지!$I$5:$I$1004,코드설정!$C$5:$C$24)+COUNTIFS(업무일지!$G$5:$G$1004,$A14,업무일지!$J$5:$J$1004,"*"&코드설정!$C$5:$C$24&"*"))>0))) | F14: =IF($A14="","",COUNTIFS(업무일지!$G$5:$G$1004,$A14,업무일지!$D$5:$D$1004,"출장")) | G14: =IF($A14="","",COUNTIFS(업무일지!$G$5:$G$1004,$A14,업무일지!$D$5:$D$1004,"분석")) | H14: =IF($A14="","",F14+G14) | I14: =IF($A14="","",SUMIFS(업무일지!$P$5:$P$1004,업무일지!$G$5:$G$1004,$A14,업무일지!$D$5:$D$1004,"출장")) | J14: =IF($A14="","",SUMIFS(업무일지!$R$5:$R$1004,업무일지!$G$5:$G$1004,$A14)) | K14: =IF($A14="","",SUMIFS(업무일지!$N$5:$N$1004,업무일지!$G$5:$G$1004,$A14)) | L14: =IF($A14="","",SUMIFS(업무일지!$O$5:$O$1004,업무일지!$G$5:$G$1004,$A14)) | M14: =IF($A14="","",SUMIFS(업무일지!$T$5:$T$1004,업무일지!$G$5:$G$1004,$A14)) | N14: =IF($A14="","",IFERROR(_xlfn.MINIFS(업무일지!$B$5:$B$1004,업무일지!$G$5:$G$1004,$A14),"")) | O14: =IF($A14="","",IFERROR(_xlfn.MAXIFS(업무일지!$C$5:$C$1004,업무일지!$G$5:$G$1004,$A14),"")) | P14: =IF($A14="","",IF(OR(N14="",O14="",O14=0),"",O14-N14+1)) | Q14: =IF($A14="","",IF(H14=0,"미기록",IF(COUNTIFS(업무일지!$G$5:$G$1004,$A14,업무일지!$S$5:$S$1004,"진행중")>0,"진행중",IF(COUNTIFS(업무일지!$G$5:$G$1004,$A14,업무일지!$S$5:$S$1004,"보류")>0,"보류","완료"))))
B15: =IFERROR(INDEX(업무일지!$F$5:$F$1004,MATCH($A15,업무일지!$G$5:$G$1004,0)),"") | C15: =IFERROR(INDEX(업무일지!$H$5:$H$1004,MATCH($A15,업무일지!$G$5:$G$1004,0)),"") | D15: =IFERROR(INDEX(업무일지!$I$5:$I$1004,MATCH($A15,업무일지!$G$5:$G$1004,0)),"") | E15: =IF($A15="","",SUMPRODUCT((코드설정!$C$5:$C$24<>"")*((COUNTIFS(업무일지!$G$5:$G$1004,$A15,업무일지!$I$5:$I$1004,코드설정!$C$5:$C$24)+COUNTIFS(업무일지!$G$5:$G$1004,$A15,업무일지!$J$5:$J$1004,"*"&코드설정!$C$5:$C$24&"*"))>0))) | F15: =IF($A15="","",COUNTIFS(업무일지!$G$5:$G$1004,$A15,업무일지!$D$5:$D$1004,"출장")) | G15: =IF($A15="","",COUNTIFS(업무일지!$G$5:$G$1004,$A15,업무일지!$D$5:$D$1004,"분석")) | H15: =IF($A15="","",F15+G15) | I15: =IF($A15="","",SUMIFS(업무일지!$P$5:$P$1004,업무일지!$G$5:$G$1004,$A15,업무일지!$D$5:$D$1004,"출장")) | J15: =IF($A15="","",SUMIFS(업무일지!$R$5:$R$1004,업무일지!$G$5:$G$1004,$A15)) | K15: =IF($A15="","",SUMIFS(업무일지!$N$5:$N$1004,업무일지!$G$5:$G$1004,$A15)) | L15: =IF($A15="","",SUMIFS(업무일지!$O$5:$O$1004,업무일지!$G$5:$G$1004,$A15)) | M15: =IF($A15="","",SUMIFS(업무일지!$T$5:$T$1004,업무일지!$G$5:$G$1004,$A15)) | N15: =IF($A15="","",IFERROR(_xlfn.MINIFS(업무일지!$B$5:$B$1004,업무일지!$G$5:$G$1004,$A15),"")) | O15: =IF($A15="","",IFERROR(_xlfn.MAXIFS(업무일지!$C$5:$C$1004,업무일지!$G$5:$G$1004,$A15),"")) | P15: =IF($A15="","",IF(OR(N15="",O15="",O15=0),"",O15-N15+1)) | Q15: =IF($A15="","",IF(H15=0,"미기록",IF(COUNTIFS(업무일지!$G$5:$G$1004,$A15,업무일지!$S$5:$S$1004,"진행중")>0,"진행중",IF(COUNTIFS(업무일지!$G$5:$G$1004,$A15,업무일지!$S$5:$S$1004,"보류")>0,"보류","완료"))))
B16: =IFERROR(INDEX(업무일지!$F$5:$F$1004,MATCH($A16,업무일지!$G$5:$G$1004,0)),"") | C16: =IFERROR(INDEX(업무일지!$H$5:$H$1004,MATCH($A16,업무일지!$G$5:$G$1004,0)),"") | D16: =IFERROR(INDEX(업무일지!$I$5:$I$1004,MATCH($A16,업무일지!$G$5:$G$1004,0)),"") | E16: =IF($A16="","",SUMPRODUCT((코드설정!$C$5:$C$24<>"")*((COUNTIFS(업무일지!$G$5:$G$1004,$A16,업무일지!$I$5:$I$1004,코드설정!$C$5:$C$24)+COUNTIFS(업무일지!$G$5:$G$1004,$A16,업무일지!$J$5:$J$1004,"*"&코드설정!$C$5:$C$24&"*"))>0))) | F16: =IF($A16="","",COUNTIFS(업무일지!$G$5:$G$1004,$A16,업무일지!$D$5:$D$1004,"출장")) | G16: =IF($A16="","",COUNTIFS(업무일지!$G$5:$G$1004,$A16,업무일지!$D$5:$D$1004,"분석")) | H16: =IF($A16="","",F16+G16) | I16: =IF($A16="","",SUMIFS(업무일지!$P$5:$P$1004,업무일지!$G$5:$G$1004,$A16,업무일지!$D$5:$D$1004,"출장")) | J16: =IF($A16="","",SUMIFS(업무일지!$R$5:$R$1004,업무일지!$G$5:$G$1004,$A16)) | K16: =IF($A16="","",SUMIFS(업무일지!$N$5:$N$1004,업무일지!$G$5:$G$1004,$A16)) | L16: =IF($A16="","",SUMIFS(업무일지!$O$5:$O$1004,업무일지!$G$5:$G$1004,$A16)) | M16: =IF($A16="","",SUMIFS(업무일지!$T$5:$T$1004,업무일지!$G$5:$G$1004,$A16)) | N16: =IF($A16="","",IFERROR(_xlfn.MINIFS(업무일지!$B$5:$B$1004,업무일지!$G$5:$G$1004,$A16),"")) | O16: =IF($A16="","",IFERROR(_xlfn.MAXIFS(업무일지!$C$5:$C$1004,업무일지!$G$5:$G$1004,$A16),"")) | P16: =IF($A16="","",IF(OR(N16="",O16="",O16=0),"",O16-N16+1)) | Q16: =IF($A16="","",IF(H16=0,"미기록",IF(COUNTIFS(업무일지!$G$5:$G$1004,$A16,업무일지!$S$5:$S$1004,"진행중")>0,"진행중",IF(COUNTIFS(업무일지!$G$5:$G$1004,$A16,업무일지!$S$5:$S$1004,"보류")>0,"보류","완료"))))
B17: =IFERROR(INDEX(업무일지!$F$5:$F$1004,MATCH($A17,업무일지!$G$5:$G$1004,0)),"") | C17: =IFERROR(INDEX(업무일지!$H$5:$H$1004,MATCH($A17,업무일지!$G$5:$G$1004,0)),"") | D17: =IFERROR(INDEX(업무일지!$I$5:$I$1004,MATCH($A17,업무일지!$G$5:$G$1004,0)),"") | E17: =IF($A17="","",SUMPRODUCT((코드설정!$C$5:$C$24<>"")*((COUNTIFS(업무일지!$G$5:$G$1004,$A17,업무일지!$I$5:$I$1004,코드설정!$C$5:$C$24)+COUNTIFS(업무일지!$G$5:$G$1004,$A17,업무일지!$J$5:$J$1004,"*"&코드설정!$C$5:$C$24&"*"))>0))) | F17: =IF($A17="","",COUNTIFS(업무일지!$G$5:$G$1004,$A17,업무일지!$D$5:$D$1004,"출장")) | G17: =IF($A17="","",COUNTIFS(업무일지!$G$5:$G$1004,$A17,업무일지!$D$5:$D$1004,"분석")) | H17: =IF($A17="","",F17+G17) | I17: =IF($A17="","",SUMIFS(업무일지!$P$5:$P$1004,업무일지!$G$5:$G$1004,$A17,업무일지!$D$5:$D$1004,"출장")) | J17: =IF($A17="","",SUMIFS(업무일지!$R$5:$R$1004,업무일지!$G$5:$G$1004,$A17)) | K17: =IF($A17="","",SUMIFS(업무일지!$N$5:$N$1004,업무일지!$G$5:$G$1004,$A17)) | L17: =IF($A17="","",SUMIFS(업무일지!$O$5:$O$1004,업무일지!$G$5:$G$1004,$A17)) | M17: =IF($A17="","",SUMIFS(업무일지!$T$5:$T$1004,업무일지!$G$5:$G$1004,$A17)) | N17: =IF($A17="","",IFERROR(_xlfn.MINIFS(업무일지!$B$5:$B$1004,업무일지!$G$5:$G$1004,$A17),"")) | O17: =IF($A17="","",IFERROR(_xlfn.MAXIFS(업무일지!$C$5:$C$1004,업무일지!$G$5:$G$1004,$A17),"")) | P17: =IF($A17="","",IF(OR(N17="",O17="",O17=0),"",O17-N17+1)) | Q17: =IF($A17="","",IF(H17=0,"미기록",IF(COUNTIFS(업무일지!$G$5:$G$1004,$A17,업무일지!$S$5:$S$1004,"진행중")>0,"진행중",IF(COUNTIFS(업무일지!$G$5:$G$1004,$A17,업무일지!$S$5:$S$1004,"보류")>0,"보류","완료"))))
B18: =IFERROR(INDEX(업무일지!$F$5:$F$1004,MATCH($A18,업무일지!$G$5:$G$1004,0)),"") | C18: =IFERROR(INDEX(업무일지!$H$5:$H$1004,MATCH($A18,업무일지!$G$5:$G$1004,0)),"") | D18: =IFERROR(INDEX(업무일지!$I$5:$I$1004,MATCH($A18,업무일지!$G$5:$G$1004,0)),"") | E18: =IF($A18="","",SUMPRODUCT((코드설정!$C$5:$C$24<>"")*((COUNTIFS(업무일지!$G$5:$G$1004,$A18,업무일지!$I$5:$I$1004,코드설정!$C$5:$C$24)+COUNTIFS(업무일지!$G$5:$G$1004,$A18,업무일지!$J$5:$J$1004,"*"&코드설정!$C$5:$C$24&"*"))>0))) | F18: =IF($A18="","",COUNTIFS(업무일지!$G$5:$G$1004,$A18,업무일지!$D$5:$D$1004,"출장")) | G18: =IF($A18="","",COUNTIFS(업무일지!$G$5:$G$1004,$A18,업무일지!$D$5:$D$1004,"분석")) | H18: =IF($A18="","",F18+G18) | I18: =IF($A18="","",SUMIFS(업무일지!$P$5:$P$1004,업무일지!$G$5:$G$1004,$A18,업무일지!$D$5:$D$1004,"출장")) | J18: =IF($A18="","",SUMIFS(업무일지!$R$5:$R$1004,업무일지!$G$5:$G$1004,$A18)) | K18: =IF($A18="","",SUMIFS(업무일지!$N$5:$N$1004,업무일지!$G$5:$G$1004,$A18)) | L18: =IF($A18="","",SUMIFS(업무일지!$O$5:$O$1004,업무일지!$G$5:$G$1004,$A18)) | M18: =IF($A18="","",SUMIFS(업무일지!$T$5:$T$1004,업무일지!$G$5:$G$1004,$A18)) | N18: =IF($A18="","",IFERROR(_xlfn.MINIFS(업무일지!$B$5:$B$1004,업무일지!$G$5:$G$1004,$A18),"")) | O18: =IF($A18="","",IFERROR(_xlfn.MAXIFS(업무일지!$C$5:$C$1004,업무일지!$G$5:$G$1004,$A18),"")) | P18: =IF($A18="","",IF(OR(N18="",O18="",O18=0),"",O18-N18+1)) | Q18: =IF($A18="","",IF(H18=0,"미기록",IF(COUNTIFS(업무일지!$G$5:$G$1004,$A18,업무일지!$S$5:$S$1004,"진행중")>0,"진행중",IF(COUNTIFS(업무일지!$G$5:$G$1004,$A18,업무일지!$S$5:$S$1004,"보류")>0,"보류","완료"))))
B19: =IFERROR(INDEX(업무일지!$F$5:$F$1004,MATCH($A19,업무일지!$G$5:$G$1004,0)),"") | C19: =IFERROR(INDEX(업무일지!$H$5:$H$1004,MATCH($A19,업무일지!$G$5:$G$1004,0)),"") | D19: =IFERROR(INDEX(업무일지!$I$5:$I$1004,MATCH($A19,업무일지!$G$5:$G$1004,0)),"") | E19: =IF($A19="","",SUMPRODUCT((코드설정!$C$5:$C$24<>"")*((COUNTIFS(업무일지!$G$5:$G$1004,$A19,업무일지!$I$5:$I$1004,코드설정!$C$5:$C$24)+COUNTIFS(업무일지!$G$5:$G$1004,$A19,업무일지!$J$5:$J$1004,"*"&코드설정!$C$5:$C$24&"*"))>0))) | F19: =IF($A19="","",COUNTIFS(업무일지!$G$5:$G$1004,$A19,업무일지!$D$5:$D$1004,"출장")) | G19: =IF($A19="","",COUNTIFS(업무일지!$G$5:$G$1004,$A19,업무일지!$D$5:$D$1004,"분석")) | H19: =IF($A19="","",F19+G19) | I19: =IF($A19="","",SUMIFS(업무일지!$P$5:$P$1004,업무일지!$G$5:$G$1004,$A19,업무일지!$D$5:$D$1004,"출장")) | J19: =IF($A19="","",SUMIFS(업무일지!$R$5:$R$1004,업무일지!$G$5:$G$1004,$A19)) | K19: =IF($A19="","",SUMIFS(업무일지!$N$5:$N$1004,업무일지!$G$5:$G$1004,$A19)) | L19: =IF($A19="","",SUMIFS(업무일지!$O$5:$O$1004,업무일지!$G$5:$G$1004,$A19)) | M19: =IF($A19="","",SUMIFS(업무일지!$T$5:$T$1004,업무일지!$G$5:$G$1004,$A19)) | N19: =IF($A19="","",IFERROR(_xlfn.MINIFS(업무일지!$B$5:$B$1004,업무일지!$G$5:$G$1004,$A19),"")) | O19: =IF($A19="","",IFERROR(_xlfn.MAXIFS(업무일지!$C$5:$C$1004,업무일지!$G$5:$G$1004,$A19),"")) | P19: =IF($A19="","",IF(OR(N19="",O19="",O19=0),"",O19-N19+1)) | Q19: =IF($A19="","",IF(H19=0,"미기록",IF(COUNTIFS(업무일지!$G$5:$G$1004,$A19,업무일지!$S$5:$S$1004,"진행중")>0,"진행중",IF(COUNTIFS(업무일지!$G$5:$G$1004,$A19,업무일지!$S$5:$S$1004,"보류")>0,"보류","완료"))))
... B65: =IFERROR(INDEX(업무일지!$F$5:$F$1004,MATCH($A65,업무일지!$G$5:$G$1004,0)),"") | C65: =IFERROR(INDEX(업무일지!$H$5:$H$1004,MATCH($A65,업무일지!$G$5:$G$1004,0)),"") | D65: =IFERROR(INDEX(업무일지!$I$5:$I$1004,MATCH($A65,업무일지!$G$5:$G$1004,0)),"") | E65: =IF($A65="","",SUMPRODUCT((코드설정!$C$5:$C$24<>"")*((COUNTIFS(업무일지!$G$5:$G$1004,$A65,업무일지!$I$5:$I$1004,코드설정!$C$5:$C$24)+COUNTIFS(업무일지!$G$5:$G$1004,$A65,업무일지!$J$5:$J$1004,"*"&코드설정!$C$5:$C$24&"*"))>0))) | F65: =IF($A65="","",COUNTIFS(업무일지!$G$5:$G$1004,$A65,업무일지!$D$5:$D$1004,"출장")) | G65: =IF($A65="","",COUNTIFS(업무일지!$G$5:$G$1004,$A65,업무일지!$D$5:$D$1004,"분석")) | H65: =IF($A65="","",F65+G65) | I65: =IF($A65="","",SUMIFS(업무일지!$P$5:$P$1004,업무일지!$G$5:$G$1004,$A65,업무일지!$D$5:$D$1004,"출장")) | J65: =IF($A65="","",SUMIFS(업무일지!$R$5:$R$1004,업무일지!$G$5:$G$1004,$A65)) | K65: =IF($A65="","",SUMIFS(업무일지!$N$5:$N$1004,업무일지!$G$5:$G$1004,$A65)) | L65: =IF($A65="","",SUMIFS(업무일지!$O$5:$O$1004,업무일지!$G$5:$G$1004,$A65)) | M65: =IF($A65="","",SUMIFS(업무일지!$T$5:$T$1004,업무일지!$G$5:$G$1004,$A65)) | N65: =IF($A65="","",IFERROR(_xlfn.MINIFS(업무일지!$B$5:$B$1004,업무일지!$G$5:$G$1004,$A65),"")) | O65: =IF($A65="","",IFERROR(_xlfn.MAXIFS(업무일지!$C$5:$C$1004,업무일지!$G$5:$G$1004,$A65),"")) | P65: =IF($A65="","",IF(OR(N65="",O65="",O65=0),"",O65-N65+1)) | Q65: =IF($A65="","",IF(H65=0,"미기록",IF(COUNTIFS(업무일지!$G$5:$G$1004,$A65,업무일지!$S$5:$S$1004,"진행중")>0,"진행중",IF(COUNTIFS(업무일지!$G$5:$G$1004,$A65,업무일지!$S$5:$S$1004,"보류")>0,"보류","완료"))))
A66: 합계 | E66: =COUNTA(A6:A65)&" 건 사건" -> 2 건 사건 | F66: =SUM(F6:F65) -> 1 | G66: =SUM(G6:G65) -> 2 | H66: =SUM(H6:H65) -> 3 | I66: =SUM(I6:I65) -> 2 | J66: =SUM(J6:J65) -> 89 | K66: =SUM(K6:K65) -> 12 | L66: =SUM(L6:L65) -> 6080 | M66: =SUM(M6:M65) -> 552000
A69: 2. 사건 상세 조회 | C69: 사건번호 선택 → | D69: 2026-형제-1024 | F69: =IFERROR(INDEX(B6:B65,MATCH($D$69,A6:A65,0)),"") -> ○○ 기술유출 사건 압수수색
A70: 담당자 | B70: 주담당 건 | C70: 동행 건 | D70: 총 참여건 | E70: 본인 투입시간(H) | G70: 세부유형 | H70: 건수 | I70: 총 인시(H)
A71: =IF(코드설정!$C5="","",코드설정!$C5) -> 김디지 | B71: =IF($A71="","",COUNTIFS(업무일지!$G$5:$G$1004,$D$69,업무일지!$I$5:$I$1004,$A71)) -> 2 | C71: =IF($A71="","",COUNTIFS(업무일지!$G$5:$G$1004,$D$69,업무일지!$J$5:$J$1004,"*"&$A71&"*")) -> 0 | D71: =IF($A71="","",B71+C71) -> 2 | E71: =IF($A71="","",SUMIFS(업무일지!$Q$5:$Q$1004,업무일지!$G$5:$G$1004,$D$69,업무일지!$I$5:$I$1004,$A71)+SUMIFS(업무일지!$Q$5:$Q$1004,업무일지!$G$5:$G$1004,$D$69,업무일지!$J$5:$J$1004,"*"&$A71&"*")) -> 50 | G71: 압수·수색 집행 | H71: =COUNTIFS(업무일지!$G$5:$G$1004,$D$69,업무일지!$E$5:$E$1004,$G71) -> 1 | I71: =SUMIFS(업무일지!$R$5:$R$1004,업무일지!$G$5:$G$1004,$D$69,업무일지!$E$5:$E$1004,$G71) -> 48
A72: =IF(코드설정!$C6="","",코드설정!$C6) -> 이수사 | B72: =IF($A72="","",COUNTIFS(업무일지!$G$5:$G$1004,$D$69,업무일지!$I$5:$I$1004,$A72)) -> 0 | C72: =IF($A72="","",COUNTIFS(업무일지!$G$5:$G$1004,$D$69,업무일지!$J$5:$J$1004,"*"&$A72&"*")) -> 1 | D72: =IF($A72="","",B72+C72) -> 1 | E72: =IF($A72="","",SUMIFS(업무일지!$Q$5:$Q$1004,업무일지!$G$5:$G$1004,$D$69,업무일지!$I$5:$I$1004,$A72)+SUMIFS(업무일지!$Q$5:$Q$1004,업무일지!$G$5:$G$1004,$D$69,업무일지!$J$5:$J$1004,"*"&$A72&"*")) -> 16 | G72: 현장 증거수집 | H72: =COUNTIFS(업무일지!$G$5:$G$1004,$D$69,업무일지!$E$5:$E$1004,$G72) -> 0 | I72: =SUMIFS(업무일지!$R$5:$R$1004,업무일지!$G$5:$G$1004,$D$69,업무일지!$E$5:$E$1004,$G72) -> 0
A73: =IF(코드설정!$C7="","",코드설정!$C7) -> 박증거 | B73: =IF($A73="","",COUNTIFS(업무일지!$G$5:$G$1004,$D$69,업무일지!$I$5:$I$1004,$A73)) -> 0 | C73: =IF($A73="","",COUNTIFS(업무일지!$G$5:$G$1004,$D$69,업무일지!$J$5:$J$1004,"*"&$A73&"*")) -> 1 | D73: =IF($A73="","",B73+C73) -> 1 | E73: =IF($A73="","",SUMIFS(업무일지!$Q$5:$Q$1004,업무일지!$G$5:$G$1004,$D$69,업무일지!$I$5:$I$1004,$A73)+SUMIFS(업무일지!$Q$5:$Q$1004,업무일지!$G$5:$G$1004,$D$69,업무일지!$J$5:$J$1004,"*"&$A73&"*")) -> 16 | G73: 현장 지원·입회 | H73: =COUNTIFS(업무일지!$G$5:$G$1004,$D$69,업무일지!$E$5:$E$1004,$G73) -> 0 | I73: =SUMIFS(업무일지!$R$5:$R$1004,업무일지!$G$5:$G$1004,$D$69,업무일지!$E$5:$E$1004,$G73) -> 0
A74: =IF(코드설정!$C8="","",코드설정!$C8) -> 최분석 | B74: =IF($A74="","",COUNTIFS(업무일지!$G$5:$G$1004,$D$69,업무일지!$I$5:$I$1004,$A74)) -> 0 | C74: =IF($A74="","",COUNTIFS(업무일지!$G$5:$G$1004,$D$69,업무일지!$J$5:$J$1004,"*"&$A74&"*")) -> 0 | D74: =IF($A74="","",B74+C74) -> 0 | E74: =IF($A74="","",SUMIFS(업무일지!$Q$5:$Q$1004,업무일지!$G$5:$G$1004,$D$69,업무일지!$I$5:$I$1004,$A74)+SUMIFS(업무일지!$Q$5:$Q$1004,업무일지!$G$5:$G$1004,$D$69,업무일지!$J$5:$J$1004,"*"&$A74&"*")) -> 0 | G74: 회의·협의 | H74: =COUNTIFS(업무일지!$G$5:$G$1004,$D$69,업무일지!$E$5:$E$1004,$G74) -> 0 | I74: =SUMIFS(업무일지!$R$5:$R$1004,업무일지!$G$5:$G$1004,$D$69,업무일지!$E$5:$E$1004,$G74) -> 0
A75: =IF(코드설정!$C9="","",코드설정!$C9) -> 정현장 | B75: =IF($A75="","",COUNTIFS(업무일지!$G$5:$G$1004,$D$69,업무일지!$I$5:$I$1004,$A75)) -> 0 | C75: =IF($A75="","",COUNTIFS(업무일지!$G$5:$G$1004,$D$69,업무일지!$J$5:$J$1004,"*"&$A75&"*")) -> 0 | D75: =IF($A75="","",B75+C75) -> 0 | E75: =IF($A75="","",SUMIFS(업무일지!$Q$5:$Q$1004,업무일지!$G$5:$G$1004,$D$69,업무일지!$I$5:$I$1004,$A75)+SUMIFS(업무일지!$Q$5:$Q$1004,업무일지!$G$5:$G$1004,$D$69,업무일지!$J$5:$J$1004,"*"&$A75&"*")) -> 0 | G75: 교육·세미나 | H75: =COUNTIFS(업무일지!$G$5:$G$1004,$D$69,업무일지!$E$5:$E$1004,$G75) -> 0 | I75: =SUMIFS(업무일지!$R$5:$R$1004,업무일지!$G$5:$G$1004,$D$69,업무일지!$E$5:$E$1004,$G75) -> 0
A76: =IF(코드설정!$C10="","",코드설정!$C10) | B76: =IF($A76="","",COUNTIFS(업무일지!$G$5:$G$1004,$D$69,업무일지!$I$5:$I$1004,$A76)) | C76: =IF($A76="","",COUNTIFS(업무일지!$G$5:$G$1004,$D$69,업무일지!$J$5:$J$1004,"*"&$A76&"*")) | D76: =IF($A76="","",B76+C76) | E76: =IF($A76="","",SUMIFS(업무일지!$Q$5:$Q$1004,업무일지!$G$5:$G$1004,$D$69,업무일지!$I$5:$I$1004,$A76)+SUMIFS(업무일지!$Q$5:$Q$1004,업무일지!$G$5:$G$1004,$D$69,업무일지!$J$5:$J$1004,"*"&$A76&"*")) | G76: 기타 출장 | H76: =COUNTIFS(업무일지!$G$5:$G$1004,$D$69,업무일지!$E$5:$E$1004,$G76) -> 0 | I76: =SUMIFS(업무일지!$R$5:$R$1004,업무일지!$G$5:$G$1004,$D$69,업무일지!$E$5:$E$1004,$G76) -> 0
A77: =IF(코드설정!$C11="","",코드설정!$C11) | B77: =IF($A77="","",COUNTIFS(업무일지!$G$5:$G$1004,$D$69,업무일지!$I$5:$I$1004,$A77)) | C77: =IF($A77="","",COUNTIFS(업무일지!$G$5:$G$1004,$D$69,업무일지!$J$5:$J$1004,"*"&$A77&"*")) | D77: =IF($A77="","",B77+C77) | E77: =IF($A77="","",SUMIFS(업무일지!$Q$5:$Q$1004,업무일지!$G$5:$G$1004,$D$69,업무일지!$I$5:$I$1004,$A77)+SUMIFS(업무일지!$Q$5:$Q$1004,업무일지!$G$5:$G$1004,$D$69,업무일지!$J$5:$J$1004,"*"&$A77&"*")) | G77: 디스크 이미지 분석 | H77: =COUNTIFS(업무일지!$G$5:$G$1004,$D$69,업무일지!$E$5:$E$1004,$G77) -> 1 | I77: =SUMIFS(업무일지!$R$5:$R$1004,업무일지!$G$5:$G$1004,$D$69,업무일지!$E$5:$E$1004,$G77) -> 34
A78: =IF(코드설정!$C12="","",코드설정!$C12) | B78: =IF($A78="","",COUNTIFS(업무일지!$G$5:$G$1004,$D$69,업무일지!$I$5:$I$1004,$A78)) | C78: =IF($A78="","",COUNTIFS(업무일지!$G$5:$G$1004,$D$69,업무일지!$J$5:$J$1004,"*"&$A78&"*")) | D78: =IF($A78="","",B78+C78) | E78: =IF($A78="","",SUMIFS(업무일지!$Q$5:$Q$1004,업무일지!$G$5:$G$1004,$D$69,업무일지!$I$5:$I$1004,$A78)+SUMIFS(업무일지!$Q$5:$Q$1004,업무일지!$G$5:$G$1004,$D$69,업무일지!$J$5:$J$1004,"*"&$A78&"*")) | G78: 모바일 분석 | H78: =COUNTIFS(업무일지!$G$5:$G$1004,$D$69,업무일지!$E$5:$E$1004,$G78) -> 0 | I78: =SUMIFS(업무일지!$R$5:$R$1004,업무일지!$G$5:$G$1004,$D$69,업무일지!$E$5:$E$1004,$G78) -> 0
A79: =IF(코드설정!$C13="","",코드설정!$C13) | B79: =IF($A79="","",COUNTIFS(업무일지!$G$5:$G$1004,$D$69,업무일지!$I$5:$I$1004,$A79)) | C79: =IF($A79="","",COUNTIFS(업무일지!$G$5:$G$1004,$D$69,업무일지!$J$5:$J$1004,"*"&$A79&"*")) | D79: =IF($A79="","",B79+C79) | E79: =IF($A79="","",SUMIFS(업무일지!$Q$5:$Q$1004,업무일지!$G$5:$G$1004,$D$69,업무일지!$I$5:$I$1004,$A79)+SUMIFS(업무일지!$Q$5:$Q$1004,업무일지!$G$5:$G$1004,$D$69,업무일지!$J$5:$J$1004,"*"&$A79&"*")) | G79: 영상·이미지 분석 | H79: =COUNTIFS(업무일지!$G$5:$G$1004,$D$69,업무일지!$E$5:$E$1004,$G79) -> 0 | I79: =SUMIFS(업무일지!$R$5:$R$1004,업무일지!$G$5:$G$1004,$D$69,업무일지!$E$5:$E$1004,$G79) -> 0
A80: =IF(코드설정!$C14="","",코드설정!$C14) | B80: =IF($A80="","",COUNTIFS(업무일지!$G$5:$G$1004,$D$69,업무일지!$I$5:$I$1004,$A80)) | C80: =IF($A80="","",COUNTIFS(업무일지!$G$5:$G$1004,$D$69,업무일지!$J$5:$J$1004,"*"&$A80&"*")) | D80: =IF($A80="","",B80+C80) | E80: =IF($A80="","",SUMIFS(업무일지!$Q$5:$Q$1004,업무일지!$G$5:$G$1004,$D$69,업무일지!$I$5:$I$1004,$A80)+SUMIFS(업무일지!$Q$5:$Q$1004,업무일지!$G$5:$G$1004,$D$69,업무일지!$J$5:$J$1004,"*"&$A80&"*")) | G80: 로그·네트워크 분석 | H80: =COUNTIFS(업무일지!$G$5:$G$1004,$D$69,업무일지!$E$5:$E$1004,$G80) -> 0 | I80: =SUMIFS(업무일지!$R$5:$R$1004,업무일지!$G$5:$G$1004,$D$69,업무일지!$E$5:$E$1004,$G80) -> 0
A81: =IF(코드설정!$C15="","",코드설정!$C15) | B81: =IF($A81="","",COUNTIFS(업무일지!$G$5:$G$1004,$D$69,업무일지!$I$5:$I$1004,$A81)) | C81: =IF($A81="","",COUNTIFS(업무일지!$G$5:$G$1004,$D$69,업무일지!$J$5:$J$1004,"*"&$A81&"*")) | D81: =IF($A81="","",B81+C81) | E81: =IF($A81="","",SUMIFS(업무일지!$Q$5:$Q$1004,업무일지!$G$5:$G$1004,$D$69,업무일지!$I$5:$I$1004,$A81)+SUMIFS(업무일지!$Q$5:$Q$1004,업무일지!$G$5:$G$1004,$D$69,업무일지!$J$5:$J$1004,"*"&$A81&"*")) | G81: 악성코드 분석 | H81: =COUNTIFS(업무일지!$G$5:$G$1004,$D$69,업무일지!$E$5:$E$1004,$G81) -> 0 | I81: =SUMIFS(업무일지!$R$5:$R$1004,업무일지!$G$5:$G$1004,$D$69,업무일지!$E$5:$E$1004,$G81) -> 0
A82: =IF(코드설정!$C16="","",코드설정!$C16) | B82: =IF($A82="","",COUNTIFS(업무일지!$G$5:$G$1004,$D$69,업무일지!$I$5:$I$1004,$A82)) | C82: =IF($A82="","",COUNTIFS(업무일지!$G$5:$G$1004,$D$69,업무일지!$J$5:$J$1004,"*"&$A82&"*")) | D82: =IF($A82="","",B82+C82) | E82: =IF($A82="","",SUMIFS(업무일지!$Q$5:$Q$1004,업무일지!$G$5:$G$1004,$D$69,업무일지!$I$5:$I$1004,$A82)+SUMIFS(업무일지!$Q$5:$Q$1004,업무일지!$G$5:$G$1004,$D$69,업무일지!$J$5:$J$1004,"*"&$A82&"*")) | G82: 보고서 작성·검증 | H82: =COUNTIFS(업무일지!$G$5:$G$1004,$D$69,업무일지!$E$5:$E$1004,$G82) -> 0 | I82: =SUMIFS(업무일지!$R$5:$R$1004,업무일지!$G$5:$G$1004,$D$69,업무일지!$E$5:$E$1004,$G82) -> 0
A83: =IF(코드설정!$C17="","",코드설정!$C17) | B83: =IF($A83="","",COUNTIFS(업무일지!$G$5:$G$1004,$D$69,업무일지!$I$5:$I$1004,$A83)) | C83: =IF($A83="","",COUNTIFS(업무일지!$G$5:$G$1004,$D$69,업무일지!$J$5:$J$1004,"*"&$A83&"*")) | D83: =IF($A83="","",B83+C83) | E83: =IF($A83="","",SUMIFS(업무일지!$Q$5:$Q$1004,업무일지!$G$5:$G$1004,$D$69,업무일지!$I$5:$I$1004,$A83)+SUMIFS(업무일지!$Q$5:$Q$1004,업무일지!$G$5:$G$1004,$D$69,업무일지!$J$5:$J$1004,"*"&$A83&"*")) | G83: 기타 분석 | H83: =COUNTIFS(업무일지!$G$5:$G$1004,$D$69,업무일지!$E$5:$E$1004,$G83) -> 0 | I83: =SUMIFS(업무일지!$R$5:$R$1004,업무일지!$G$5:$G$1004,$D$69,업무일지!$E$5:$E$1004,$G83) -> 0
A84: =IF(코드설정!$C18="","",코드설정!$C18) | B84: =IF($A84="","",COUNTIFS(업무일지!$G$5:$G$1004,$D$69,업무일지!$I$5:$I$1004,$A84)) | C84: =IF($A84="","",COUNTIFS(업무일지!$G$5:$G$1004,$D$69,업무일지!$J$5:$J$1004,"*"&$A84&"*")) | D84: =IF($A84="","",B84+C84) | E84: =IF($A84="","",SUMIFS(업무일지!$Q$5:$Q$1004,업무일지!$G$5:$G$1004,$D$69,업무일지!$I$5:$I$1004,$A84)+SUMIFS(업무일지!$Q$5:$Q$1004,업무일지!$G$5:$G$1004,$D$69,업무일지!$J$5:$J$1004,"*"&$A84&"*"))
A85: =IF(코드설정!$C19="","",코드설정!$C19) | B85: =IF($A85="","",COUNTIFS(업무일지!$G$5:$G$1004,$D$69,업무일지!$I$5:$I$1004,$A85)) | C85: =IF($A85="","",COUNTIFS(업무일지!$G$5:$G$1004,$D$69,업무일지!$J$5:$J$1004,"*"&$A85&"*")) | D85: =IF($A85="","",B85+C85) | E85: =IF($A85="","",SUMIFS(업무일지!$Q$5:$Q$1004,업무일지!$G$5:$G$1004,$D$69,업무일지!$I$5:$I$1004,$A85)+SUMIFS(업무일지!$Q$5:$Q$1004,업무일지!$G$5:$G$1004,$D$69,업무일지!$J$5:$J$1004,"*"&$A85&"*"))
A86: =IF(코드설정!$C20="","",코드설정!$C20) | B86: =IF($A86="","",COUNTIFS(업무일지!$G$5:$G$1004,$D$69,업무일지!$I$5:$I$1004,$A86)) | C86: =IF($A86="","",COUNTIFS(업무일지!$G$5:$G$1004,$D$69,업무일지!$J$5:$J$1004,"*"&$A86&"*")) | D86: =IF($A86="","",B86+C86) | E86: =IF($A86="","",SUMIFS(업무일지!$Q$5:$Q$1004,업무일지!$G$5:$G$1004,$D$69,업무일지!$I$5:$I$1004,$A86)+SUMIFS(업무일지!$Q$5:$Q$1004,업무일지!$G$5:$G$1004,$D$69,업무일지!$J$5:$J$1004,"*"&$A86&"*"))
A87: =IF(코드설정!$C21="","",코드설정!$C21) | B87: =IF($A87="","",COUNTIFS(업무일지!$G$5:$G$1004,$D$69,업무일지!$I$5:$I$1004,$A87)) | C87: =IF($A87="","",COUNTIFS(업무일지!$G$5:$G$1004,$D$69,업무일지!$J$5:$J$1004,"*"&$A87&"*")) | D87: =IF($A87="","",B87+C87) | E87: =IF($A87="","",SUMIFS(업무일지!$Q$5:$Q$1004,업무일지!$G$5:$G$1004,$D$69,업무일지!$I$5:$I$1004,$A87)+SUMIFS(업무일지!$Q$5:$Q$1004,업무일지!$G$5:$G$1004,$D$69,업무일지!$J$5:$J$1004,"*"&$A87&"*"))
A88: =IF(코드설정!$C22="","",코드설정!$C22) | B88: =IF($A88="","",COUNTIFS(업무일지!$G$5:$G$1004,$D$69,업무일지!$I$5:$I$1004,$A88)) | C88: =IF($A88="","",COUNTIFS(업무일지!$G$5:$G$1004,$D$69,업무일지!$J$5:$J$1004,"*"&$A88&"*")) | D88: =IF($A88="","",B88+C88) | E88: =IF($A88="","",SUMIFS(업무일지!$Q$5:$Q$1004,업무일지!$G$5:$G$1004,$D$69,업무일지!$I$5:$I$1004,$A88)+SUMIFS(업무일지!$Q$5:$Q$1004,업무일지!$G$5:$G$1004,$D$69,업무일지!$J$5:$J$1004,"*"&$A88&"*"))
A89: =IF(코드설정!$C23="","",코드설정!$C23) | B89: =IF($A89="","",COUNTIFS(업무일지!$G$5:$G$1004,$D$69,업무일지!$I$5:$I$1004,$A89)) | C89: =IF($A89="","",COUNTIFS(업무일지!$G$5:$G$1004,$D$69,업무일지!$J$5:$J$1004,"*"&$A89&"*")) | D89: =IF($A89="","",B89+C89) | E89: =IF($A89="","",SUMIFS(업무일지!$Q$5:$Q$1004,업무일지!$G$5:$G$1004,$D$69,업무일지!$I$5:$I$1004,$A89)+SUMIFS(업무일지!$Q$5:$Q$1004,업무일지!$G$5:$G$1004,$D$69,업무일지!$J$5:$J$1004,"*"&$A89&"*"))
A90: =IF(코드설정!$C24="","",코드설정!$C24) | B90: =IF($A90="","",COUNTIFS(업무일지!$G$5:$G$1004,$D$69,업무일지!$I$5:$I$1004,$A90)) | C90: =IF($A90="","",COUNTIFS(업무일지!$G$5:$G$1004,$D$69,업무일지!$J$5:$J$1004,"*"&$A90&"*")) | D90: =IF($A90="","",B90+C90) | E90: =IF($A90="","",SUMIFS(업무일지!$Q$5:$Q$1004,업무일지!$G$5:$G$1004,$D$69,업무일지!$I$5:$I$1004,$A90)+SUMIFS(업무일지!$Q$5:$Q$1004,업무일지!$G$5:$G$1004,$D$69,업무일지!$J$5:$J$1004,"*"&$A90&"*"))

Sheet 개인별 현황
A1: 개인별 현황 · 출장 / 분석
A2: ※ 담당자 명단은 [코드설정]에서 추가하면 자동 반영됩니다. ※ 동행 건 = 남이 주담당인 출장에 함께 나간 건. ※ 대상매체·출장비는 중복 방지를 위해 주담당 건만 합산합니다.
A3: 기준연도 | B3: ='부서 전체현황'!$B$3 -> 2026 | C3: ← [부서 전체현황]의 기준연도와 연동
A5: 1. 담당자별 종합 (연간 누계)
A6: 담당자 | B6: 소속팀 | C6: 출장(주담당) | D6: 출장(동행) | E6: 분석 | F6: 총 참여건수 | G6: 출장 소요일수 | H6: 본인 투입시간(H) | I6: 대상매체(건) | J6: 출장비(원) | K6: 진행중 건
A7: =IF(코드설정!$C5="","",코드설정!$C5) -> 김디지 | B7: =IF($A7="","",코드설정!$D5) -> 포렌식1팀 | C7: =IF($A7="","",COUNTIFS(업무일지!$B$5:$B$1004,">="&DATE($B$3,1,1),업무일지!$B$5:$B$1004,"<"&DATE($B$3+1,1,1),업무일지!$I$5:$I$1004,$A7,업무일지!$D$5:$D$1004,"출장")) -> 1 | D7: =IF($A7="","",COUNTIFS(업무일지!$B$5:$B$1004,">="&DATE($B$3,1,1),업무일지!$B$5:$B$1004,"<"&DATE($B$3+1,1,1),업무일지!$J$5:$J$1004,"*"&$A7&"*",업무일지!$D$5:$D$1004,"출장")) -> 0 | E7: =IF($A7="","",COUNTIFS(업무일지!$B$5:$B$1004,">="&DATE($B$3,1,1),업무일지!$B$5:$B$1004,"<"&DATE($B$3+1,1,1),업무일지!$I$5:$I$1004,$A7,업무일지!$D$5:$D$1004,"분석")) -> 1 | F7: =IF($A7="","",C7+D7+E7) -> 2 | G7: =IF($A7="","",SUMIFS(업무일지!$P$5:$P$1004,업무일지!$B$5:$B$1004,">="&DATE($B$3,1,1),업무일지!$B$5:$B$1004,"<"&DATE($B$3+1,1,1),업무일지!$I$5:$I$1004,$A7,업무일지!$D$5:$D$1004,"출장")+SUMIFS(업무일지!$P$5:$P$1004,업무일지!$B$5:$B$1004,">="&DATE($B$3,1,1),업무일지!$B$5:$B$1004,"<"&DATE($B$3+1,1,1),업무일지!$J$5:$J$1004,"*"&$A7&"*",업무일지!$D$5:$D$1004,"출장")) -> 2 | H7: =IF($A7="","",SUMIFS(업무일지!$Q$5:$Q$1004,업무일지!$B$5:$B$1004,">="&DATE($B$3,1,1),업무일지!$B$5:$B$1004,"<"&DATE($B$3+1,1,1),업무일지!$I$5:$I$1004,$A7)+SUMIFS(업무일지!$Q$5:$Q$1004,업무일지!$B$5:$B$1004,">="&DATE($B$3,1,1),업무일지!$B$5:$B$1004,"<"&DATE($B$3+1,1,1),업무일지!$J$5:$J$1004,"*"&$A7&"*")) -> 50 | I7: =IF($A7="","",SUMIFS(업무일지!$N$5:$N$1004,업무일지!$B$5:$B$1004,">="&DATE($B$3,1,1),업무일지!$B$5:$B$1004,"<"&DATE($B$3+1,1,1),업무일지!$I$5:$I$1004,$A7)) -> 10 | J7: =IF($A7="","",SUMIFS(업무일지!$T$5:$T$1004,업무일지!$B$5:$B$1004,">="&DATE($B$3,1,1),업무일지!$B$5:$B$1004,"<"&DATE($B$3+1,1,1),업무일지!$I$5:$I$1004,$A7)) -> 552000 | K7: =IF($A7="","",COUNTIFS(업무일지!$B$5:$B$1004,">="&DATE($B$3,1,1),업무일지!$B$5:$B$1004,"<"&DATE($B$3+1,1,1),업무일지!$I$5:$I$1004,$A7,업무일지!$S$5:$S$1004,"진행중")) -> 0
A8: =IF(코드설정!$C6="","",코드설정!$C6) -> 이수사 | B8: =IF($A8="","",코드설정!$D6) -> 포렌식1팀 | C8: =IF($A8="","",COUNTIFS(업무일지!$B$5:$B$1004,">="&DATE($B$3,1,1),업무일지!$B$5:$B$1004,"<"&DATE($B$3+1,1,1),업무일지!$I$5:$I$1004,$A8,업무일지!$D$5:$D$1004,"출장")) -> 0 | D8: =IF($A8="","",COUNTIFS(업무일지!$B$5:$B$1004,">="&DATE($B$3,1,1),업무일지!$B$5:$B$1004,"<"&DATE($B$3+1,1,1),업무일지!$J$5:$J$1004,"*"&$A8&"*",업무일지!$D$5:$D$1004,"출장")) -> 1 | E8: =IF($A8="","",COUNTIFS(업무일지!$B$5:$B$1004,">="&DATE($B$3,1,1),업무일지!$B$5:$B$1004,"<"&DATE($B$3+1,1,1),업무일지!$I$5:$I$1004,$A8,업무일지!$D$5:$D$1004,"분석")) -> 0 | F8: =IF($A8="","",C8+D8+E8) -> 1 | G8: =IF($A8="","",SUMIFS(업무일지!$P$5:$P$1004,업무일지!$B$5:$B$1004,">="&DATE($B$3,1,1),업무일지!$B$5:$B$1004,"<"&DATE($B$3+1,1,1),업무일지!$I$5:$I$1004,$A8,업무일지!$D$5:$D$1004,"출장")+SUMIFS(업무일지!$P$5:$P$1004,업무일지!$B$5:$B$1004,">="&DATE($B$3,1,1),업무일지!$B$5:$B$1004,"<"&DATE($B$3+1,1,1),업무일지!$J$5:$J$1004,"*"&$A8&"*",업무일지!$D$5:$D$1004,"출장")) -> 2 | H8: =IF($A8="","",SUMIFS(업무일지!$Q$5:$Q$1004,업무일지!$B$5:$B$1004,">="&DATE($B$3,1,1),업무일지!$B$5:$B$1004,"<"&DATE($B$3+1,1,1),업무일지!$I$5:$I$1004,$A8)+SUMIFS(업무일지!$Q$5:$Q$1004,업무일지!$B$5:$B$1004,">="&DATE($B$3,1,1),업무일지!$B$5:$B$1004,"<"&DATE($B$3+1,1,1),업무일지!$J$5:$J$1004,"*"&$A8&"*")) -> 16 | I8: =IF($A8="","",SUMIFS(업무일지!$N$5:$N$1004,업무일지!$B$5:$B$1004,">="&DATE($B$3,1,1),업무일지!$B$5:$B$1004,"<"&DATE($B$3+1,1,1),업무일지!$I$5:$I$1004,$A8)) -> 0 | J8: =IF($A8="","",SUMIFS(업무일지!$T$5:$T$1004,업무일지!$B$5:$B$1004,">="&DATE($B$3,1,1),업무일지!$B$5:$B$1004,"<"&DATE($B$3+1,1,1),업무일지!$I$5:$I$1004,$A8)) -> 0 | K8: =IF($A8="","",COUNTIFS(업무일지!$B$5:$B$1004,">="&DATE($B$3,1,1),업무일지!$B$5:$B$1004,"<"&DATE($B$3+1,1,1),업무일지!$I$5:$I$1004,$A8,업무일지!$S$5:$S$1004,"진행중")) -> 0
A9: =IF(코드설정!$C7="","",코드설정!$C7) -> 박증거 | B9: =IF($A9="","",코드설정!$D7) -> 포렌식2팀 | C9: =IF($A9="","",COUNTIFS(업무일지!$B$5:$B$1004,">="&DATE($B$3,1,1),업무일지!$B$5:$B$1004,"<"&DATE($B$3+1,1,1),업무일지!$I$5:$I$1004,$A9,업무일지!$D$5:$D$1004,"출장")) -> 0 | D9: =IF($A9="","",COUNTIFS(업무일지!$B$5:$B$1004,">="&DATE($B$3,1,1),업무일지!$B$5:$B$1004,"<"&DATE($B$3+1,1,1),업무일지!$J$5:$J$1004,"*"&$A9&"*",업무일지!$D$5:$D$1004,"출장")) -> 1 | E9: =IF($A9="","",COUNTIFS(업무일지!$B$5:$B$1004,">="&DATE($B$3,1,1),업무일지!$B$5:$B$1004,"<"&DATE($B$3+1,1,1),업무일지!$I$5:$I$1004,$A9,업무일지!$D$5:$D$1004,"분석")) -> 1 | F9: =IF($A9="","",C9+D9+E9) -> 2 | G9: =IF($A9="","",SUMIFS(업무일지!$P$5:$P$1004,업무일지!$B$5:$B$1004,">="&DATE($B$3,1,1),업무일지!$B$5:$B$1004,"<"&DATE($B$3+1,1,1),업무일지!$I$5:$I$1004,$A9,업무일지!$D$5:$D$1004,"출장")+SUMIFS(업무일지!$P$5:$P$1004,업무일지!$B$5:$B$1004,">="&DATE($B$3,1,1),업무일지!$B$5:$B$1004,"<"&DATE($B$3+1,1,1),업무일지!$J$5:$J$1004,"*"&$A9&"*",업무일지!$D$5:$D$1004,"출장")) -> 2 | H9: =IF($A9="","",SUMIFS(업무일지!$Q$5:$Q$1004,업무일지!$B$5:$B$1004,">="&DATE($B$3,1,1),업무일지!$B$5:$B$1004,"<"&DATE($B$3+1,1,1),업무일지!$I$5:$I$1004,$A9)+SUMIFS(업무일지!$Q$5:$Q$1004,업무일지!$B$5:$B$1004,">="&DATE($B$3,1,1),업무일지!$B$5:$B$1004,"<"&DATE($B$3+1,1,1),업무일지!$J$5:$J$1004,"*"&$A9&"*")) -> 23 | I9: =IF($A9="","",SUMIFS(업무일지!$N$5:$N$1004,업무일지!$B$5:$B$1004,">="&DATE($B$3,1,1),업무일지!$B$5:$B$1004,"<"&DATE($B$3+1,1,1),업무일지!$I$5:$I$1004,$A9)) -> 2 | J9: =IF($A9="","",SUMIFS(업무일지!$T$5:$T$1004,업무일지!$B$5:$B$1004,">="&DATE($B$3,1,1),업무일지!$B$5:$B$1004,"<"&DATE($B$3+1,1,1),업무일지!$I$5:$I$1004,$A9)) -> 0 | K9: =IF($A9="","",COUNTIFS(업무일지!$B$5:$B$1004,">="&DATE($B$3,1,1),업무일지!$B$5:$B$1004,"<"&DATE($B$3+1,1,1),업무일지!$I$5:$I$1004,$A9,업무일지!$S$5:$S$1004,"진행중")) -> 1
A10: =IF(코드설정!$C8="","",코드설정!$C8) -> 최분석 | B10: =IF($A10="","",코드설정!$D8) -> 포렌식2팀 | C10: =IF($A10="","",COUNTIFS(업무일지!$B$5:$B$1004,">="&DATE($B$3,1,1),업무일지!$B$5:$B$1004,"<"&DATE($B$3+1,1,1),업무일지!$I$5:$I$1004,$A10,업무일지!$D$5:$D$1004,"출장")) -> 0 | D10: =IF($A10="","",COUNTIFS(업무일지!$B$5:$B$1004,">="&DATE($B$3,1,1),업무일지!$B$5:$B$1004,"<"&DATE($B$3+1,1,1),업무일지!$J$5:$J$1004,"*"&$A10&"*",업무일지!$D$5:$D$1004,"출장")) -> 0 | E10: =IF($A10="","",COUNTIFS(업무일지!$B$5:$B$1004,">="&DATE($B$3,1,1),업무일지!$B$5:$B$1004,"<"&DATE($B$3+1,1,1),업무일지!$I$5:$I$1004,$A10,업무일지!$D$5:$D$1004,"분석")) -> 0 | F10: =IF($A10="","",C10+D10+E10) -> 0 | G10: =IF($A10="","",SUMIFS(업무일지!$P$5:$P$1004,업무일지!$B$5:$B$1004,">="&DATE($B$3,1,1),업무일지!$B$5:$B$1004,"<"&DATE($B$3+1,1,1),업무일지!$I$5:$I$1004,$A10,업무일지!$D$5:$D$1004,"출장")+SUMIFS(업무일지!$P$5:$P$1004,업무일지!$B$5:$B$1004,">="&DATE($B$3,1,1),업무일지!$B$5:$B$1004,"<"&DATE($B$3+1,1,1),업무일지!$J$5:$J$1004,"*"&$A10&"*",업무일지!$D$5:$D$1004,"출장")) -> 0 | H10: =IF($A10="","",SUMIFS(업무일지!$Q$5:$Q$1004,업무일지!$B$5:$B$1004,">="&DATE($B$3,1,1),업무일지!$B$5:$B$1004,"<"&DATE($B$3+1,1,1),업무일지!$I$5:$I$1004,$A10)+SUMIFS(업무일지!$Q$5:$Q$1004,업무일지!$B$5:$B$1004,">="&DATE($B$3,1,1),업무일지!$B$5:$B$1004,"<"&DATE($B$3+1,1,1),업무일지!$J$5:$J$1004,"*"&$A10&"*")) -> 0 | I10: =IF($A10="","",SUMIFS(업무일지!$N$5:$N$1004,업무일지!$B$5:$B$1004,">="&DATE($B$3,1,1),업무일지!$B$5:$B$1004,"<"&DATE($B$3+1,1,1),업무일지!$I$5:$I$1004,$A10)) -> 0 | J10: =IF($A10="","",SUMIFS(업무일지!$T$5:$T$1004,업무일지!$B$5:$B$1004,">="&DATE($B$3,1,1),업무일지!$B$5:$B$1004,"<"&DATE($B$3+1,1,1),업무일지!$I$5:$I$1004,$A10)) -> 0 | K10: =IF($A10="","",COUNTIFS(업무일지!$B$5:$B$1004,">="&DATE($B$3,1,1),업무일지!$B$5:$B$1004,"<"&DATE($B$3+1,1,1),업무일지!$I$5:$I$1004,$A10,업무일지!$S$5:$S$1004,"진행중")) -> 0
A11: =IF(코드설정!$C9="","",코드설정!$C9) -> 정현장 | B11: =IF($A11="","",코드설정!$D9) -> 침해대응팀 | C11: =IF($A11="","",COUNTIFS(업무일지!$B$5:$B$1004,">="&DATE($B$3,1,1),업무일지!$B$5:$B$1004,"<"&DATE($B$3+1,1,1),업무일지!$I$5:$I$1004,$A11,업무일지!$D$5:$D$1004,"출장")) -> 0 | D11: =IF($A11="","",COUNTIFS(업무일지!$B$5:$B$1004,">="&DATE($B$3,1,1),업무일지!$B$5:$B$1004,"<"&DATE($B$3+1,1,1),업무일지!$J$5:$J$1004,"*"&$A11&"*",업무일지!$D$5:$D$1004,"출장")) -> 0 | E11: =IF($A11="","",COUNTIFS(업무일지!$B$5:$B$1004,">="&DATE($B$3,1,1),업무일지!$B$5:$B$1004,"<"&DATE($B$3+1,1,1),업무일지!$I$5:$I$1004,$A11,업무일지!$D$5:$D$1004,"분석")) -> 0 | F11: =IF($A11="","",C11+D11+E11) -> 0 | G11: =IF($A11="","",SUMIFS(업무일지!$P$5:$P$1004,업무일지!$B$5:$B$1004,">="&DATE($B$3,1,1),업무일지!$B$5:$B$1004,"<"&DATE($B$3+1,1,1),업무일지!$I$5:$I$1004,$A11,업무일지!$D$5:$D$1004,"출장")+SUMIFS(업무일지!$P$5:$P$1004,업무일지!$B$5:$B$1004,">="&DATE($B$3,1,1),업무일지!$B$5:$B$1004,"<"&DATE($B$3+1,1,1),업무일지!$J$5:$J$1004,"*"&$A11&"*",업무일지!$D$5:$D$1004,"출장")) -> 0 | H11: =IF($A11="","",SUMIFS(업무일지!$Q$5:$Q$1004,업무일지!$B$5:$B$1004,">="&DATE($B$3,1,1),업무일지!$B$5:$B$1004,"<"&DATE($B$3+1,1,1),업무일지!$I$5:$I$1004,$A11)+SUMIFS(업무일지!$Q$5:$Q$1004,업무일지!$B$5:$B$1004,">="&DATE($B$3,1,1),업무일지!$B$5:$B$1004,"<"&DATE($B$3+1,1,1),업무일지!$J$5:$J$1004,"*"&$A11&"*")) -> 0 | I11: =IF($A11="","",SUMIFS(업무일지!$N$5:$N$1004,업무일지!$B$5:$B$1004,">="&DATE($B$3,1,1),업무일지!$B$5:$B$1004,"<"&DATE($B$3+1,1,1),업무일지!$I$5:$I$1004,$A11)) -> 0 | J11: =IF($A11="","",SUMIFS(업무일지!$T$5:$T$1004,업무일지!$B$5:$B$1004,">="&DATE($B$3,1,1),업무일지!$B$5:$B$1004,"<"&DATE($B$3+1,1,1),업무일지!$I$5:$I$1004,$A11)) -> 0 | K11: =IF($A11="","",COUNTIFS(업무일지!$B$5:$B$1004,">="&DATE($B$3,1,1),업무일지!$B$5:$B$1004,"<"&DATE($B$3+1,1,1),업무일지!$I$5:$I$1004,$A11,업무일지!$S$5:$S$1004,"진행중")) -> 0
A12: =IF(코드설정!$C10="","",코드설정!$C10) | B12: =IF($A12="","",코드설정!$D10) | C12: =IF($A12="","",COUNTIFS(업무일지!$B$5:$B$1004,">="&DATE($B$3,1,1),업무일지!$B$5:$B$1004,"<"&DATE($B$3+1,1,1),업무일지!$I$5:$I$1004,$A12,업무일지!$D$5:$D$1004,"출장")) | D12: =IF($A12="","",COUNTIFS(업무일지!$B$5:$B$1004,">="&DATE($B$3,1,1),업무일지!$B$5:$B$1004,"<"&DATE($B$3+1,1,1),업무일지!$J$5:$J$1004,"*"&$A12&"*",업무일지!$D$5:$D$1004,"출장")) | E12: =IF($A12="","",COUNTIFS(업무일지!$B$5:$B$1004,">="&DATE($B$3,1,1),업무일지!$B$5:$B$1004,"<"&DATE($B$3+1,1,1),업무일지!$I$5:$I$1004,$A12,업무일지!$D$5:$D$1004,"분석")) | F12: =IF($A12="","",C12+D12+E12) | G12: =IF($A12="","",SUMIFS(업무일지!$P$5:$P$1004,업무일지!$B$5:$B$1004,">="&DATE($B$3,1,1),업무일지!$B$5:$B$1004,"<"&DATE($B$3+1,1,1),업무일지!$I$5:$I$1004,$A12,업무일지!$D$5:$D$1004,"출장")+SUMIFS(업무일지!$P$5:$P$1004,업무일지!$B$5:$B$1004,">="&DATE($B$3,1,1),업무일지!$B$5:$B$1004,"<"&DATE($B$3+1,1,1),업무일지!$J$5:$J$1004,"*"&$A12&"*",업무일지!$D$5:$D$1004,"출장")) | H12: =IF($A12="","",SUMIFS(업무일지!$Q$5:$Q$1004,업무일지!$B$5:$B$1004,">="&DATE($B$3,1,1),업무일지!$B$5:$B$1004,"<"&DATE($B$3+1,1,1),업무일지!$I$5:$I$1004,$A12)+SUMIFS(업무일지!$Q$5:$Q$1004,업무일지!$B$5:$B$1004,">="&DATE($B$3,1,1),업무일지!$B$5:$B$1004,"<"&DATE($B$3+1,1,1),업무일지!$J$5:$J$1004,"*"&$A12&"*")) | I12: =IF($A12="","",SUMIFS(업무일지!$N$5:$N$1004,업무일지!$B$5:$B$1004,">="&DATE($B$3,1,1),업무일지!$B$5:$B$1004,"<"&DATE($B$3+1,1,1),업무일지!$I$5:$I$1004,$A12)) | J12: =IF($A12="","",SUMIFS(업무일지!$T$5:$T$1004,업무일지!$B$5:$B$1004,">="&DATE($B$3,1,1),업무일지!$B$5:$B$1004,"<"&DATE($B$3+1,1,1),업무일지!$I$5:$I$1004,$A12)) | K12: =IF($A12="","",COUNTIFS(업무일지!$B$5:$B$1004,">="&DATE($B$3,1,1),업무일지!$B$5:$B$1004,"<"&DATE($B$3+1,1,1),업무일지!$I$5:$I$1004,$A12,업무일지!$S$5:$S$1004,"진행중"))
A13: =IF(코드설정!$C11="","",코드설정!$C11) | B13: =IF($A13="","",코드설정!$D11) | C13: =IF($A13="","",COUNTIFS(업무일지!$B$5:$B$1004,">="&DATE($B$3,1,1),업무일지!$B$5:$B$1004,"<"&DATE($B$3+1,1,1),업무일지!$I$5:$I$1004,$A13,업무일지!$D$5:$D$1004,"출장")) | D13: =IF($A13="","",COUNTIFS(업무일지!$B$5:$B$1004,">="&DATE($B$3,1,1),업무일지!$B$5:$B$1004,"<"&DATE($B$3+1,1,1),업무일지!$J$5:$J$1004,"*"&$A13&"*",업무일지!$D$5:$D$1004,"출장")) | E13: =IF($A13="","",COUNTIFS(업무일지!$B$5:$B$1004,">="&DATE($B$3,1,1),업무일지!$B$5:$B$1004,"<"&DATE($B$3+1,1,1),업무일지!$I$5:$I$1004,$A13,업무일지!$D$5:$D$1004,"분석")) | F13: =IF($A13="","",C13+D13+E13) | G13: =IF($A13="","",SUMIFS(업무일지!$P$5:$P$1004,업무일지!$B$5:$B$1004,">="&DATE($B$3,1,1),업무일지!$B$5:$B$1004,"<"&DATE($B$3+1,1,1),업무일지!$I$5:$I$1004,$A13,업무일지!$D$5:$D$1004,"출장")+SUMIFS(업무일지!$P$5:$P$1004,업무일지!$B$5:$B$1004,">="&DATE($B$3,1,1),업무일지!$B$5:$B$1004,"<"&DATE($B$3+1,1,1),업무일지!$J$5:$J$1004,"*"&$A13&"*",업무일지!$D$5:$D$1004,"출장")) | H13: =IF($A13="","",SUMIFS(업무일지!$Q$5:$Q$1004,업무일지!$B$5:$B$1004,">="&DATE($B$3,1,1),업무일지!$B$5:$B$1004,"<"&DATE($B$3+1,1,1),업무일지!$I$5:$I$1004,$A13)+SUMIFS(업무일지!$Q$5:$Q$1004,업무일지!$B$5:$B$1004,">="&DATE($B$3,1,1),업무일지!$B$5:$B$1004,"<"&DATE($B$3+1,1,1),업무일지!$J$5:$J$1004,"*"&$A13&"*")) | I13: =IF($A13="","",SUMIFS(업무일지!$N$5:$N$1004,업무일지!$B$5:$B$1004,">="&DATE($B$3,1,1),업무일지!$B$5:$B$1004,"<"&DATE($B$3+1,1,1),업무일지!$I$5:$I$1004,$A13)) | J13: =IF($A13="","",SUMIFS(업무일지!$T$5:$T$1004,업무일지!$B$5:$B$1004,">="&DATE($B$3,1,1),업무일지!$B$5:$B$1004,"<"&DATE($B$3+1,1,1),업무일지!$I$5:$I$1004,$A13)) | K13: =IF($A13="","",COUNTIFS(업무일지!$B$5:$B$1004,">="&DATE($B$3,1,1),업무일지!$B$5:$B$1004,"<"&DATE($B$3+1,1,1),업무일지!$I$5:$I$1004,$A13,업무일지!$S$5:$S$1004,"진행중"))
A14: =IF(코드설정!$C12="","",코드설정!$C12) | B14: =IF($A14="","",코드설정!$D12) | C14: =IF($A14="","",COUNTIFS(업무일지!$B$5:$B$1004,">="&DATE($B$3,1,1),업무일지!$B$5:$B$1004,"<"&DATE($B$3+1,1,1),업무일지!$I$5:$I$1004,$A14,업무일지!$D$5:$D$1004,"출장")) | D14: =IF($A14="","",COUNTIFS(업무일지!$B$5:$B$1004,">="&DATE($B$3,1,1),업무일지!$B$5:$B$1004,"<"&DATE($B$3+1,1,1),업무일지!$J$5:$J$1004,"*"&$A14&"*",업무일지!$D$5:$D$1004,"출장")) | E14: =IF($A14="","",COUNTIFS(업무일지!$B$5:$B$1004,">="&DATE($B$3,1,1),업무일지!$B$5:$B$1004,"<"&DATE($B$3+1,1,1),업무일지!$I$5:$I$1004,$A14,업무일지!$D$5:$D$1004,"분석")) | F14: =IF($A14="","",C14+D14+E14) | G14: =IF($A14="","",SUMIFS(업무일지!$P$5:$P$1004,업무일지!$B$5:$B$1004,">="&DATE($B$3,1,1),업무일지!$B$5:$B$1004,"<"&DATE($B$3+1,1,1),업무일지!$I$5:$I$1004,$A14,업무일지!$D$5:$D$1004,"출장")+SUMIFS(업무일지!$P$5:$P$1004,업무일지!$B$5:$B$1004,">="&DATE($B$3,1,1),업무일지!$B$5:$B$1004,"<"&DATE($B$3+1,1,1),업무일지!$J$5:$J$1004,"*"&$A14&"*",업무일지!$D$5:$D$1004,"출장")) | H14: =IF($A14="","",SUMIFS(업무일지!$Q$5:$Q$1004,업무일지!$B$5:$B$1004,">="&DATE($B$3,1,1),업무일지!$B$5:$B$1004,"<"&DATE($B$3+1,1,1),업무일지!$I$5:$I$1004,$A14)+SUMIFS(업무일지!$Q$5:$Q$1004,업무일지!$B$5:$B$1004,">="&DATE($B$3,1,1),업무일지!$B$5:$B$1004,"<"&DATE($B$3+1,1,1),업무일지!$J$5:$J$1004,"*"&$A14&"*")) | I14: =IF($A14="","",SUMIFS(업무일지!$N$5:$N$1004,업무일지!$B$5:$B$1004,">="&DATE($B$3,1,1),업무일지!$B$5:$B$1004,"<"&DATE($B$3+1,1,1),업무일지!$I$5:$I$1004,$A14)) | J14: =IF($A14="","",SUMIFS(업무일지!$T$5:$T$1004,업무일지!$B$5:$B$1004,">="&DATE($B$3,1,1),업무일지!$B$5:$B$1004,"<"&DATE($B$3+1,1,1),업무일지!$I$5:$I$1004,$A14)) | K14: =IF($A14="","",COUNTIFS(업무일지!$B$5:$B$1004,">="&DATE($B$3,1,1),업무일지!$B$5:$B$1004,"<"&DATE($B$3+1,1,1),업무일지!$I$5:$I$1004,$A14,업무일지!$S$5:$S$1004,"진행중"))
A15: =IF(코드설정!$C13="","",코드설정!$C13) | B15: =IF($A15="","",코드설정!$D13) | C15: =IF($A15="","",COUNTIFS(업무일지!$B$5:$B$1004,">="&DATE($B$3,1,1),업무일지!$B$5:$B$1004,"<"&DATE($B$3+1,1,1),업무일지!$I$5:$I$1004,$A15,업무일지!$D$5:$D$1004,"출장")) | D15: =IF($A15="","",COUNTIFS(업무일지!$B$5:$B$1004,">="&DATE($B$3,1,1),업무일지!$B$5:$B$1004,"<"&DATE($B$3+1,1,1),업무일지!$J$5:$J$1004,"*"&$A15&"*",업무일지!$D$5:$D$1004,"출장")) | E15: =IF($A15="","",COUNTIFS(업무일지!$B$5:$B$1004,">="&DATE($B$3,1,1),업무일지!$B$5:$B$1004,"<"&DATE($B$3+1,1,1),업무일지!$I$5:$I$1004,$A15,업무일지!$D$5:$D$1004,"분석")) | F15: =IF($A15="","",C15+D15+E15) | G15: =IF($A15="","",SUMIFS(업무일지!$P$5:$P$1004,업무일지!$B$5:$B$1004,">="&DATE($B$3,1,1),업무일지!$B$5:$B$1004,"<"&DATE($B$3+1,1,1),업무일지!$I$5:$I$1004,$A15,업무일지!$D$5:$D$1004,"출장")+SUMIFS(업무일지!$P$5:$P$1004,업무일지!$B$5:$B$1004,">="&DATE($B$3,1,1),업무일지!$B$5:$B$1004,"<"&DATE($B$3+1,1,1),업무일지!$J$5:$J$1004,"*"&$A15&"*",업무일지!$D$5:$D$1004,"출장")) | H15: =IF($A15="","",SUMIFS(업무일지!$Q$5:$Q$1004,업무일지!$B$5:$B$1004,">="&DATE($B$3,1,1),업무일지!$B$5:$B$1004,"<"&DATE($B$3+1,1,1),업무일지!$I$5:$I$1004,$A15)+SUMIFS(업무일지!$Q$5:$Q$1004,업무일지!$B$5:$B$1004,">="&DATE($B$3,1,1),업무일지!$B$5:$B$1004,"<"&DATE($B$3+1,1,1),업무일지!$J$5:$J$1004,"*"&$A15&"*")) | I15: =IF($A15="","",SUMIFS(업무일지!$N$5:$N$1004,업무일지!$B$5:$B$1004,">="&DATE($B$3,1,1),업무일지!$B$5:$B$1004,"<"&DATE($B$3+1,1,1),업무일지!$I$5:$I$1004,$A15)) | J15: =IF($A15="","",SUMIFS(업무일지!$T$5:$T$1004,업무일지!$B$5:$B$1004,">="&DATE($B$3,1,1),업무일지!$B$5:$B$1004,"<"&DATE($B$3+1,1,1),업무일지!$I$5:$I$1004,$A15)) | K15: =IF($A15="","",COUNTIFS(업무일지!$B$5:$B$1004,">="&DATE($B$3,1,1),업무일지!$B$5:$B$1004,"<"&DATE($B$3+1,1,1),업무일지!$I$5:$I$1004,$A15,업무일지!$S$5:$S$1004,"진행중"))
A16: =IF(코드설정!$C14="","",코드설정!$C14) | B16: =IF($A16="","",코드설정!$D14) | C16: =IF($A16="","",COUNTIFS(업무일지!$B$5:$B$1004,">="&DATE($B$3,1,1),업무일지!$B$5:$B$1004,"<"&DATE($B$3+1,1,1),업무일지!$I$5:$I$1004,$A16,업무일지!$D$5:$D$1004,"출장")) | D16: =IF($A16="","",COUNTIFS(업무일지!$B$5:$B$1004,">="&DATE($B$3,1,1),업무일지!$B$5:$B$1004,"<"&DATE($B$3+1,1,1),업무일지!$J$5:$J$1004,"*"&$A16&"*",업무일지!$D$5:$D$1004,"출장")) | E16: =IF($A16="","",COUNTIFS(업무일지!$B$5:$B$1004,">="&DATE($B$3,1,1),업무일지!$B$5:$B$1004,"<"&DATE($B$3+1,1,1),업무일지!$I$5:$I$1004,$A16,업무일지!$D$5:$D$1004,"분석")) | F16: =IF($A16="","",C16+D16+E16) | G16: =IF($A16="","",SUMIFS(업무일지!$P$5:$P$1004,업무일지!$B$5:$B$1004,">="&DATE($B$3,1,1),업무일지!$B$5:$B$1004,"<"&DATE($B$3+1,1,1),업무일지!$I$5:$I$1004,$A16,업무일지!$D$5:$D$1004,"출장")+SUMIFS(업무일지!$P$5:$P$1004,업무일지!$B$5:$B$1004,">="&DATE($B$3,1,1),업무일지!$B$5:$B$1004,"<"&DATE($B$3+1,1,1),업무일지!$J$5:$J$1004,"*"&$A16&"*",업무일지!$D$5:$D$1004,"출장")) | H16: =IF($A16="","",SUMIFS(업무일지!$Q$5:$Q$1004,업무일지!$B$5:$B$1004,">="&DATE($B$3,1,1),업무일지!$B$5:$B$1004,"<"&DATE($B$3+1,1,1),업무일지!$I$5:$I$1004,$A16)+SUMIFS(업무일지!$Q$5:$Q$1004,업무일지!$B$5:$B$1004,">="&DATE($B$3,1,1),업무일지!$B$5:$B$1004,"<"&DATE($B$3+1,1,1),업무일지!$J$5:$J$1004,"*"&$A16&"*")) | I16: =IF($A16="","",SUMIFS(업무일지!$N$5:$N$1004,업무일지!$B$5:$B$1004,">="&DATE($B$3,1,1),업무일지!$B$5:$B$1004,"<"&DATE($B$3+1,1,1),업무일지!$I$5:$I$1004,$A16)) | J16: =IF($A16="","",SUMIFS(업무일지!$T$5:$T$1004,업무일지!$B$5:$B$1004,">="&DATE($B$3,1,1),업무일지!$B$5:$B$1004,"<"&DATE($B$3+1,1,1),업무일지!$I$5:$I$1004,$A16)) | K16: =IF($A16="","",COUNTIFS(업무일지!$B$5:$B$1004,">="&DATE($B$3,1,1),업무일지!$B$5:$B$1004,"<"&DATE($B$3+1,1,1),업무일지!$I$5:$I$1004,$A16,업무일지!$S$5:$S$1004,"진행중"))
A17: =IF(코드설정!$C15="","",코드설정!$C15) | B17: =IF($A17="","",코드설정!$D15) | C17: =IF($A17="","",COUNTIFS(업무일지!$B$5:$B$1004,">="&DATE($B$3,1,1),업무일지!$B$5:$B$1004,"<"&DATE($B$3+1,1,1),업무일지!$I$5:$I$1004,$A17,업무일지!$D$5:$D$1004,"출장")) | D17: =IF($A17="","",COUNTIFS(업무일지!$B$5:$B$1004,">="&DATE($B$3,1,1),업무일지!$B$5:$B$1004,"<"&DATE($B$3+1,1,1),업무일지!$J$5:$J$1004,"*"&$A17&"*",업무일지!$D$5:$D$1004,"출장")) | E17: =IF($A17="","",COUNTIFS(업무일지!$B$5:$B$1004,">="&DATE($B$3,1,1),업무일지!$B$5:$B$1004,"<"&DATE($B$3+1,1,1),업무일지!$I$5:$I$1004,$A17,업무일지!$D$5:$D$1004,"분석")) | F17: =IF($A17="","",C17+D17+E17) | G17: =IF($A17="","",SUMIFS(업무일지!$P$5:$P$1004,업무일지!$B$5:$B$1004,">="&DATE($B$3,1,1),업무일지!$B$5:$B$1004,"<"&DATE($B$3+1,1,1),업무일지!$I$5:$I$1004,$A17,업무일지!$D$5:$D$1004,"출장")+SUMIFS(업무일지!$P$5:$P$1004,업무일지!$B$5:$B$1004,">="&DATE($B$3,1,1),업무일지!$B$5:$B$1004,"<"&DATE($B$3+1,1,1),업무일지!$J$5:$J$1004,"*"&$A17&"*",업무일지!$D$5:$D$1004,"출장")) | H17: =IF($A17="","",SUMIFS(업무일지!$Q$5:$Q$1004,업무일지!$B$5:$B$1004,">="&DATE($B$3,1,1),업무일지!$B$5:$B$1004,"<"&DATE($B$3+1,1,1),업무일지!$I$5:$I$1004,$A17)+SUMIFS(업무일지!$Q$5:$Q$1004,업무일지!$B$5:$B$1004,">="&DATE($B$3,1,1),업무일지!$B$5:$B$1004,"<"&DATE($B$3+1,1,1),업무일지!$J$5:$J$1004,"*"&$A17&"*")) | I17: =IF($A17="","",SUMIFS(업무일지!$N$5:$N$1004,업무일지!$B$5:$B$1004,">="&DATE($B$3,1,1),업무일지!$B$5:$B$1004,"<"&DATE($B$3+1,1,1),업무일지!$I$5:$I$1004,$A17)) | J17: =IF($A17="","",SUMIFS(업무일지!$T$5:$T$1004,업무일지!$B$5:$B$1004,">="&DATE($B$3,1,1),업무일지!$B$5:$B$1004,"<"&DATE($B$3+1,1,1),업무일지!$I$5:$I$1004,$A17)) | K17: =IF($A17="","",COUNTIFS(업무일지!$B$5:$B$1004,">="&DATE($B$3,1,1),업무일지!$B$5:$B$1004,"<"&DATE($B$3+1,1,1),업무일지!$I$5:$I$1004,$A17,업무일지!$S$5:$S$1004,"진행중"))
A18: =IF(코드설정!$C16="","",코드설정!$C16) | B18: =IF($A18="","",코드설정!$D16) | C18: =IF($A18="","",COUNTIFS(업무일지!$B$5:$B$1004,">="&DATE($B$3,1,1),업무일지!$B$5:$B$1004,"<"&DATE($B$3+1,1,1),업무일지!$I$5:$I$1004,$A18,업무일지!$D$5:$D$1004,"출장")) | D18: =IF($A18="","",COUNTIFS(업무일지!$B$5:$B$1004,">="&DATE($B$3,1,1),업무일지!$B$5:$B$1004,"<"&DATE($B$3+1,1,1),업무일지!$J$5:$J$1004,"*"&$A18&"*",업무일지!$D$5:$D$1004,"출장")) | E18: =IF($A18="","",COUNTIFS(업무일지!$B$5:$B$1004,">="&DATE($B$3,1,1),업무일지!$B$5:$B$1004,"<"&DATE($B$3+1,1,1),업무일지!$I$5:$I$1004,$A18,업무일지!$D$5:$D$1004,"분석")) | F18: =IF($A18="","",C18+D18+E18) | G18: =IF($A18="","",SUMIFS(업무일지!$P$5:$P$1004,업무일지!$B$5:$B$1004,">="&DATE($B$3,1,1),업무일지!$B$5:$B$1004,"<"&DATE($B$3+1,1,1),업무일지!$I$5:$I$1004,$A18,업무일지!$D$5:$D$1004,"출장")+SUMIFS(업무일지!$P$5:$P$1004,업무일지!$B$5:$B$1004,">="&DATE($B$3,1,1),업무일지!$B$5:$B$1004,"<"&DATE($B$3+1,1,1),업무일지!$J$5:$J$1004,"*"&$A18&"*",업무일지!$D$5:$D$1004,"출장")) | H18: =IF($A18="","",SUMIFS(업무일지!$Q$5:$Q$1004,업무일지!$B$5:$B$1004,">="&DATE($B$3,1,1),업무일지!$B$5:$B$1004,"<"&DATE($B$3+1,1,1),업무일지!$I$5:$I$1004,$A18)+SUMIFS(업무일지!$Q$5:$Q$1004,업무일지!$B$5:$B$1004,">="&DATE($B$3,1,1),업무일지!$B$5:$B$1004,"<"&DATE($B$3+1,1,1),업무일지!$J$5:$J$1004,"*"&$A18&"*")) | I18: =IF($A18="","",SUMIFS(업무일지!$N$5:$N$1004,업무일지!$B$5:$B$1004,">="&DATE($B$3,1,1),업무일지!$B$5:$B$1004,"<"&DATE($B$3+1,1,1),업무일지!$I$5:$I$1004,$A18)) | J18: =IF($A18="","",SUMIFS(업무일지!$T$5:$T$1004,업무일지!$B$5:$B$1004,">="&DATE($B$3,1,1),업무일지!$B$5:$B$1004,"<"&DATE($B$3+1,1,1),업무일지!$I$5:$I$1004,$A18)) | K18: =IF($A18="","",COUNTIFS(업무일지!$B$5:$B$1004,">="&DATE($B$3,1,1),업무일지!$B$5:$B$1004,"<"&DATE($B$3+1,1,1),업무일지!$I$5:$I$1004,$A18,업무일지!$S$5:$S$1004,"진행중"))
... A26: =IF(코드설정!$C24="","",코드설정!$C24) | B26: =IF($A26="","",코드설정!$D24) | C26: =IF($A26="","",COUNTIFS(업무일지!$B$5:$B$1004,">="&DATE($B$3,1,1),업무일지!$B$5:$B$1004,"<"&DATE($B$3+1,1,1),업무일지!$I$5:$I$1004,$A26,업무일지!$D$5:$D$1004,"출장")) | D26: =IF($A26="","",COUNTIFS(업무일지!$B$5:$B$1004,">="&DATE($B$3,1,1),업무일지!$B$5:$B$1004,"<"&DATE($B$3+1,1,1),업무일지!$J$5:$J$1004,"*"&$A26&"*",업무일지!$D$5:$D$1004,"출장")) | E26: =IF($A26="","",COUNTIFS(업무일지!$B$5:$B$1004,">="&DATE($B$3,1,1),업무일지!$B$5:$B$1004,"<"&DATE($B$3+1,1,1),업무일지!$I$5:$I$1004,$A26,업무일지!$D$5:$D$1004,"분석")) | F26: =IF($A26="","",C26+D26+E26) | G26: =IF($A26="","",SUMIFS(업무일지!$P$5:$P$1004,업무일지!$B$5:$B$1004,">="&DATE($B$3,1,1),업무일지!$B$5:$B$1004,"<"&DATE($B$3+1,1,1),업무일지!$I$5:$I$1004,$A26,업무일지!$D$5:$D$1004,"출장")+SUMIFS(업무일지!$P$5:$P$1004,업무일지!$B$5:$B$1004,">="&DATE($B$3,1,1),업무일지!$B$5:$B$1004,"<"&DATE($B$3+1,1,1),업무일지!$J$5:$J$1004,"*"&$A26&"*",업무일지!$D$5:$D$1004,"출장")) | H26: =IF($A26="","",SUMIFS(업무일지!$Q$5:$Q$1004,업무일지!$B$5:$B$1004,">="&DATE($B$3,1,1),업무일지!$B$5:$B$1004,"<"&DATE($B$3+1,1,1),업무일지!$I$5:$I$1004,$A26)+SUMIFS(업무일지!$Q$5:$Q$1004,업무일지!$B$5:$B$1004,">="&DATE($B$3,1,1),업무일지!$B$5:$B$1004,"<"&DATE($B$3+1,1,1),업무일지!$J$5:$J$1004,"*"&$A26&"*")) | I26: =IF($A26="","",SUMIFS(업무일지!$N$5:$N$1004,업무일지!$B$5:$B$1004,">="&DATE($B$3,1,1),업무일지!$B$5:$B$1004,"<"&DATE($B$3+1,1,1),업무일지!$I$5:$I$1004,$A26)) | J26: =IF($A26="","",SUMIFS(업무일지!$T$5:$T$1004,업무일지!$B$5:$B$1004,">="&DATE($B$3,1,1),업무일지!$B$5:$B$1004,"<"&DATE($B$3+1,1,1),업무일지!$I$5:$I$1004,$A26)) | K26: =IF($A26="","",COUNTIFS(업무일지!$B$5:$B$1004,">="&DATE($B$3,1,1),업무일지!$B$5:$B$1004,"<"&DATE($B$3+1,1,1),업무일지!$I$5:$I$1004,$A26,업무일지!$S$5:$S$1004,"진행중"))
A27: 합계 | C27: =SUM(C7:C26) -> 1 | D27: =SUM(D7:D26) -> 2 | E27: =SUM(E7:E26) -> 2 | F27: =SUM(F7:F26) -> 5 | G27: =SUM(G7:G26) -> 6 | H27: =SUM(H7:H26) -> 89 | I27: =SUM(I7:I26) -> 12 | J27: =SUM(J7:J26) -> 552000 | K27: =SUM(K7:K26) -> 1
A30: 2. 담당자 × 월별 참여건수 (주담당 + 동행) | D30: 직무구분 → | E30: 전체
A31: 담당자 | B31: 1월 | C31: 2월 | D31: 3월 | E31: 4월 | F31: 5월 | G31: 6월 | H31: 7월 | I31: 8월 | J31: 9월 | K31: 10월 | L31: 11월 | M31: 12월 | N31: 합계
A32: =IF($A7="","",$A7) -> 김디지 | B32: =IF($A32="","",COUNTIFS(업무일지!$B$5:$B$1004,">="&DATE($B$3,1,1),업무일지!$B$5:$B$1004,"<"&DATE($B$3,1+1,1),업무일지!$I$5:$I$1004,$A32,업무일지!$D$5:$D$1004,IF($E$30="전체","*",$E$30))+COUNTIFS(업무일지!$B$5:$B$1004,">="&DATE($B$3,1,1),업무일지!$B$5:$B$1004,"<"&DATE($B$3,1+1,1),업무일지!$J$5:$J$1004,"*"&$A32&"*",업무일지!$D$5:$D$1004,IF($E$30="전체","*",$E$30))) -> 0 | C32: =IF($A32="","",COUNTIFS(업무일지!$B$5:$B$1004,">="&DATE($B$3,2,1),업무일지!$B$5:$B$1004,"<"&DATE($B$3,2+1,1),업무일지!$I$5:$I$1004,$A32,업무일지!$D$5:$D$1004,IF($E$30="전체","*",$E$30))+COUNTIFS(업무일지!$B$5:$B$1004,">="&DATE($B$3,2,1),업무일지!$B$5:$B$1004,"<"&DATE($B$3,2+1,1),업무일지!$J$5:$J$1004,"*"&$A32&"*",업무일지!$D$5:$D$1004,IF($E$30="전체","*",$E$30))) -> 0 | D32: =IF($A32="","",COUNTIFS(업무일지!$B$5:$B$1004,">="&DATE($B$3,3,1),업무일지!$B$5:$B$1004,"<"&DATE($B$3,3+1,1),업무일지!$I$5:$I$1004,$A32,업무일지!$D$5:$D$1004,IF($E$30="전체","*",$E$30))+COUNTIFS(업무일지!$B$5:$B$1004,">="&DATE($B$3,3,1),업무일지!$B$5:$B$1004,"<"&DATE($B$3,3+1,1),업무일지!$J$5:$J$1004,"*"&$A32&"*",업무일지!$D$5:$D$1004,IF($E$30="전체","*",$E$30))) -> 2 | E32: =IF($A32="","",COUNTIFS(업무일지!$B$5:$B$1004,">="&DATE($B$3,4,1),업무일지!$B$5:$B$1004,"<"&DATE($B$3,4+1,1),업무일지!$I$5:$I$1004,$A32,업무일지!$D$5:$D$1004,IF($E$30="전체","*",$E$30))+COUNTIFS(업무일지!$B$5:$B$1004,">="&DATE($B$3,4,1),업무일지!$B$5:$B$1004,"<"&DATE($B$3,4+1,1),업무일지!$J$5:$J$1004,"*"&$A32&"*",업무일지!$D$5:$D$1004,IF($E$30="전체","*",$E$30))) -> 0 | F32: =IF($A32="","",COUNTIFS(업무일지!$B$5:$B$1004,">="&DATE($B$3,5,1),업무일지!$B$5:$B$1004,"<"&DATE($B$3,5+1,1),업무일지!$I$5:$I$1004,$A32,업무일지!$D$5:$D$1004,IF($E$30="전체","*",$E$30))+COUNTIFS(업무일지!$B$5:$B$1004,">="&DATE($B$3,5,1),업무일지!$B$5:$B$1004,"<"&DATE($B$3,5+1,1),업무일지!$J$5:$J$1004,"*"&$A32&"*",업무일지!$D$5:$D$1004,IF($E$30="전체","*",$E$30))) -> 0 | G32: =IF($A32="","",COUNTIFS(업무일지!$B$5:$B$1004,">="&DATE($B$3,6,1),업무일지!$B$5:$B$1004,"<"&DATE($B$3,6+1,1),업무일지!$I$5:$I$1004,$A32,업무일지!$D$5:$D$1004,IF($E$30="전체","*",$E$30))+COUNTIFS(업무일지!$B$5:$B$1004,">="&DATE($B$3,6,1),업무일지!$B$5:$B$1004,"<"&DATE($B$3,6+1,1),업무일지!$J$5:$J$1004,"*"&$A32&"*",업무일지!$D$5:$D$1004,IF($E$30="전체","*",$E$30))) -> 0 | H32: =IF($A32="","",COUNTIFS(업무일지!$B$5:$B$1004,">="&DATE($B$3,7,1),업무일지!$B$5:$B$1004,"<"&DATE($B$3,7+1,1),업무일지!$I$5:$I$1004,$A32,업무일지!$D$5:$D$1004,IF($E$30="전체","*",$E$30))+COUNTIFS(업무일지!$B$5:$B$1004,">="&DATE($B$3,7,1),업무일지!$B$5:$B$1004,"<"&DATE($B$3,7+1,1),업무일지!$J$5:$J$1004,"*"&$A32&"*",업무일지!$D$5:$D$1004,IF($E$30="전체","*",$E$30))) -> 0 | I32: =IF($A32="","",COUNTIFS(업무일지!$B$5:$B$1004,">="&DATE($B$3,8,1),업무일지!$B$5:$B$1004,"<"&DATE($B$3,8+1,1),업무일지!$I$5:$I$1004,$A32,업무일지!$D$5:$D$1004,IF($E$30="전체","*",$E$30))+COUNTIFS(업무일지!$B$5:$B$1004,">="&DATE($B$3,8,1),업무일지!$B$5:$B$1004,"<"&DATE($B$3,8+1,1),업무일지!$J$5:$J$1004,"*"&$A32&"*",업무일지!$D$5:$D$1004,IF($E$30="전체","*",$E$30))) -> 0 | J32: =IF($A32="","",COUNTIFS(업무일지!$B$5:$B$1004,">="&DATE($B$3,9,1),업무일지!$B$5:$B$1004,"<"&DATE($B$3,9+1,1),업무일지!$I$5:$I$1004,$A32,업무일지!$D$5:$D$1004,IF($E$30="전체","*",$E$30))+COUNTIFS(업무일지!$B$5:$B$1004,">="&DATE($B$3,9,1),업무일지!$B$5:$B$1004,"<"&DATE($B$3,9+1,1),업무일지!$J$5:$J$1004,"*"&$A32&"*",업무일지!$D$5:$D$1004,IF($E$30="전체","*",$E$30))) -> 0 | K32: =IF($A32="","",COUNTIFS(업무일지!$B$5:$B$1004,">="&DATE($B$3,10,1),업무일지!$B$5:$B$1004,"<"&DATE($B$3,10+1,1),업무일지!$I$5:$I$1004,$A32,업무일지!$D$5:$D$1004,IF($E$30="전체","*",$E$30))+COUNTIFS(업무일지!$B$5:$B$1004,">="&DATE($B$3,10,1),업무일지!$B$5:$B$1004,"<"&DATE($B$3,10+1,1),업무일지!$J$5:$J$1004,"*"&$A32&"*",업무일지!$D$5:$D$1004,IF($E$30="전체","*",$E$30))) -> 0 | L32: =IF($A32="","",COUNTIFS(업무일지!$B$5:$B$1004,">="&DATE($B$3,11,1),업무일지!$B$5:$B$1004,"<"&DATE($B$3,11+1,1),업무일지!$I$5:$I$1004,$A32,업무일지!$D$5:$D$1004,IF($E$30="전체","*",$E$30))+COUNTIFS(업무일지!$B$5:$B$1004,">="&DATE($B$3,11,1),업무일지!$B$5:$B$1004,"<"&DATE($B$3,11+1,1),업무일지!$J$5:$J$1004,"*"&$A32&"*",업무일지!$D$5:$D$1004,IF($E$30="전체","*",$E$30))) -> 0 | M32: =IF($A32="","",COUNTIFS(업무일지!$B$5:$B$1004,">="&DATE($B$3,12,1),업무일지!$B$5:$B$1004,"<"&DATE($B$3,12+1,1),업무일지!$I$5:$I$1004,$A32,업무일지!$D$5:$D$1004,IF($E$30="전체","*",$E$30))+COUNTIFS(업무일지!$B$5:$B$1004,">="&DATE($B$3,12,1),업무일지!$B$5:$B$1004,"<"&DATE($B$3,12+1,1),업무일지!$J$5:$J$1004,"*"&$A32&"*",업무일지!$D$5:$D$1004,IF($E$30="전체","*",$E$30))) -> 0 | N32: =IF($A32="","",SUM(B32:M32)) -> 2
A33: =IF($A8="","",$A8) -> 이수사 | B33: =IF($A33="","",COUNTIFS(업무일지!$B$5:$B$1004,">="&DATE($B$3,1,1),업무일지!$B$5:$B$1004,"<"&DATE($B$3,1+1,1),업무일지!$I$5:$I$1004,$A33,업무일지!$D$5:$D$1004,IF($E$30="전체","*",$E$30))+COUNTIFS(업무일지!$B$5:$B$1004,">="&DATE($B$3,1,1),업무일지!$B$5:$B$1004,"<"&DATE($B$3,1+1,1),업무일지!$J$5:$J$1004,"*"&$A33&"*",업무일지!$D$5:$D$1004,IF($E$30="전체","*",$E$30))) -> 0 | C33: =IF($A33="","",COUNTIFS(업무일지!$B$5:$B$1004,">="&DATE($B$3,2,1),업무일지!$B$5:$B$1004,"<"&DATE($B$3,2+1,1),업무일지!$I$5:$I$1004,$A33,업무일지!$D$5:$D$1004,IF($E$30="전체","*",$E$30))+COUNTIFS(업무일지!$B$5:$B$1004,">="&DATE($B$3,2,1),업무일지!$B$5:$B$1004,"<"&DATE($B$3,2+1,1),업무일지!$J$5:$J$1004,"*"&$A33&"*",업무일지!$D$5:$D$1004,IF($E$30="전체","*",$E$30))) -> 0 | D33: =IF($A33="","",COUNTIFS(업무일지!$B$5:$B$1004,">="&DATE($B$3,3,1),업무일지!$B$5:$B$1004,"<"&DATE($B$3,3+1,1),업무일지!$I$5:$I$1004,$A33,업무일지!$D$5:$D$1004,IF($E$30="전체","*",$E$30))+COUNTIFS(업무일지!$B$5:$B$1004,">="&DATE($B$3,3,1),업무일지!$B$5:$B$1004,"<"&DATE($B$3,3+1,1),업무일지!$J$5:$J$1004,"*"&$A33&"*",업무일지!$D$5:$D$1004,IF($E$30="전체","*",$E$30))) -> 1 | E33: =IF($A33="","",COUNTIFS(업무일지!$B$5:$B$1004,">="&DATE($B$3,4,1),업무일지!$B$5:$B$1004,"<"&DATE($B$3,4+1,1),업무일지!$I$5:$I$1004,$A33,업무일지!$D$5:$D$1004,IF($E$30="전체","*",$E$30))+COUNTIFS(업무일지!$B$5:$B$1004,">="&DATE($B$3,4,1),업무일지!$B$5:$B$1004,"<"&DATE($B$3,4+1,1),업무일지!$J$5:$J$1004,"*"&$A33&"*",업무일지!$D$5:$D$1004,IF($E$30="전체","*",$E$30))) -> 0 | F33: =IF($A33="","",COUNTIFS(업무일지!$B$5:$B$1004,">="&DATE($B$3,5,1),업무일지!$B$5:$B$1004,"<"&DATE($B$3,5+1,1),업무일지!$I$5:$I$1004,$A33,업무일지!$D$5:$D$1004,IF($E$30="전체","*",$E$30))+COUNTIFS(업무일지!$B$5:$B$1004,">="&DATE($B$3,5,1),업무일지!$B$5:$B$1004,"<"&DATE($B$3,5+1,1),업무일지!$J$5:$J$1004,"*"&$A33&"*",업무일지!$D$5:$D$1004,IF($E$30="전체","*",$E$30))) -> 0 | G33: =IF($A33="","",COUNTIFS(업무일지!$B$5:$B$1004,">="&DATE($B$3,6,1),업무일지!$B$5:$B$1004,"<"&DATE($B$3,6+1,1),업무일지!$I$5:$I$1004,$A33,업무일지!$D$5:$D$1004,IF($E$30="전체","*",$E$30))+COUNTIFS(업무일지!$B$5:$B$1004,">="&DATE($B$3,6,1),업무일지!$B$5:$B$1004,"<"&DATE($B$3,6+1,1),업무일지!$J$5:$J$1004,"*"&$A33&"*",업무일지!$D$5:$D$1004,IF($E$30="전체","*",$E$30))) -> 0 | H33: =IF($A33="","",COUNTIFS(업무일지!$B$5:$B$1004,">="&DATE($B$3,7,1),업무일지!$B$5:$B$1004,"<"&DATE($B$3,7+1,1),업무일지!$I$5:$I$1004,$A33,업무일지!$D$5:$D$1004,IF($E$30="전체","*",$E$30))+COUNTIFS(업무일지!$B$5:$B$1004,">="&DATE($B$3,7,1),업무일지!$B$5:$B$1004,"<"&DATE($B$3,7+1,1),업무일지!$J$5:$J$1004,"*"&$A33&"*",업무일지!$D$5:$D$1004,IF($E$30="전체","*",$E$30))) -> 0 | I33: =IF($A33="","",COUNTIFS(업무일지!$B$5:$B$1004,">="&DATE($B$3,8,1),업무일지!$B$5:$B$1004,"<"&DATE($B$3,8+1,1),업무일지!$I$5:$I$1004,$A33,업무일지!$D$5:$D$1004,IF($E$30="전체","*",$E$30))+COUNTIFS(업무일지!$B$5:$B$1004,">="&DATE($B$3,8,1),업무일지!$B$5:$B$1004,"<"&DATE($B$3,8+1,1),업무일지!$J$5:$J$1004,"*"&$A33&"*",업무일지!$D$5:$D$1004,IF($E$30="전체","*",$E$30))) -> 0 | J33: =IF($A33="","",COUNTIFS(업무일지!$B$5:$B$1004,">="&DATE($B$3,9,1),업무일지!$B$5:$B$1004,"<"&DATE($B$3,9+1,1),업무일지!$I$5:$I$1004,$A33,업무일지!$D$5:$D$1004,IF($E$30="전체","*",$E$30))+COUNTIFS(업무일지!$B$5:$B$1004,">="&DATE($B$3,9,1),업무일지!$B$5:$B$1004,"<"&DATE($B$3,9+1,1),업무일지!$J$5:$J$1004,"*"&$A33&"*",업무일지!$D$5:$D$1004,IF($E$30="전체","*",$E$30))) -> 0 | K33: =IF($A33="","",COUNTIFS(업무일지!$B$5:$B$1004,">="&DATE($B$3,10,1),업무일지!$B$5:$B$1004,"<"&DATE($B$3,10+1,1),업무일지!$I$5:$I$1004,$A33,업무일지!$D$5:$D$1004,IF($E$30="전체","*",$E$30))+COUNTIFS(업무일지!$B$5:$B$1004,">="&DATE($B$3,10,1),업무일지!$B$5:$B$1004,"<"&DATE($B$3,10+1,1),업무일지!$J$5:$J$1004,"*"&$A33&"*",업무일지!$D$5:$D$1004,IF($E$30="전체","*",$E$30))) -> 0 | L33: =IF($A33="","",COUNTIFS(업무일지!$B$5:$B$1004,">="&DATE($B$3,11,1),업무일지!$B$5:$B$1004,"<"&DATE($B$3,11+1,1),업무일지!$I$5:$I$1004,$A33,업무일지!$D$5:$D$1004,IF($E$30="전체","*",$E$30))+COUNTIFS(업무일지!$B$5:$B$1004,">="&DATE($B$3,11,1),업무일지!$B$5:$B$1004,"<"&DATE($B$3,11+1,1),업무일지!$J$5:$J$1004,"*"&$A33&"*",업무일지!$D$5:$D$1004,IF($E$30="전체","*",$E$30))) -> 0 | M33: =IF($A33="","",COUNTIFS(업무일지!$B$5:$B$1004,">="&DATE($B$3,12,1),업무일지!$B$5:$B$1004,"<"&DATE($B$3,12+1,1),업무일지!$I$5:$I$1004,$A33,업무일지!$D$5:$D$1004,IF($E$30="전체","*",$E$30))+COUNTIFS(업무일지!$B$5:$B$1004,">="&DATE($B$3,12,1),업무일지!$B$5:$B$1004,"<"&DATE($B$3,12+1,1),업무일지!$J$5:$J$1004,"*"&$A33&"*",업무일지!$D$5:$D$1004,IF($E$30="전체","*",$E$30))) -> 0 | N33: =IF($A33="","",SUM(B33:M33)) -> 1
A34: =IF($A9="","",$A9) -> 박증거 | B34: =IF($A34="","",COUNTIFS(업무일지!$B$5:$B$1004,">="&DATE($B$3,1,1),업무일지!$B$5:$B$1004,"<"&DATE($B$3,1+1,1),업무일지!$I$5:$I$1004,$A34,업무일지!$D$5:$D$1004,IF($E$30="전체","*",$E$30))+COUNTIFS(업무일지!$B$5:$B$1004,">="&DATE($B$3,1,1),업무일지!$B$5:$B$1004,"<"&DATE($B$3,1+1,1),업무일지!$J$5:$J$1004,"*"&$A34&"*",업무일지!$D$5:$D$1004,IF($E$30="전체","*",$E$30))) -> 0 | C34: =IF($A34="","",COUNTIFS(업무일지!$B$5:$B$1004,">="&DATE($B$3,2,1),업무일지!$B$5:$B$1004,"<"&DATE($B$3,2+1,1),업무일지!$I$5:$I$1004,$A34,업무일지!$D$5:$D$1004,IF($E$30="전체","*",$E$30))+COUNTIFS(업무일지!$B$5:$B$1004,">="&DATE($B$3,2,1),업무일지!$B$5:$B$1004,"<"&DATE($B$3,2+1,1),업무일지!$J$5:$J$1004,"*"&$A34&"*",업무일지!$D$5:$D$1004,IF($E$30="전체","*",$E$30))) -> 0 | D34: =IF($A34="","",COUNTIFS(업무일지!$B$5:$B$1004,">="&DATE($B$3,3,1),업무일지!$B$5:$B$1004,"<"&DATE($B$3,3+1,1),업무일지!$I$5:$I$1004,$A34,업무일지!$D$5:$D$1004,IF($E$30="전체","*",$E$30))+COUNTIFS(업무일지!$B$5:$B$1004,">="&DATE($B$3,3,1),업무일지!$B$5:$B$1004,"<"&DATE($B$3,3+1,1),업무일지!$J$5:$J$1004,"*"&$A34&"*",업무일지!$D$5:$D$1004,IF($E$30="전체","*",$E$30))) -> 2 | E34: =IF($A34="","",COUNTIFS(업무일지!$B$5:$B$1004,">="&DATE($B$3,4,1),업무일지!$B$5:$B$1004,"<"&DATE($B$3,4+1,1),업무일지!$I$5:$I$1004,$A34,업무일지!$D$5:$D$1004,IF($E$30="전체","*",$E$30))+COUNTIFS(업무일지!$B$5:$B$1004,">="&DATE($B$3,4,1),업무일지!$B$5:$B$1004,"<"&DATE($B$3,4+1,1),업무일지!$J$5:$J$1004,"*"&$A34&"*",업무일지!$D$5:$D$1004,IF($E$30="전체","*",$E$30))) -> 0 | F34: =IF($A34="","",COUNTIFS(업무일지!$B$5:$B$1004,">="&DATE($B$3,5,1),업무일지!$B$5:$B$1004,"<"&DATE($B$3,5+1,1),업무일지!$I$5:$I$1004,$A34,업무일지!$D$5:$D$1004,IF($E$30="전체","*",$E$30))+COUNTIFS(업무일지!$B$5:$B$1004,">="&DATE($B$3,5,1),업무일지!$B$5:$B$1004,"<"&DATE($B$3,5+1,1),업무일지!$J$5:$J$1004,"*"&$A34&"*",업무일지!$D$5:$D$1004,IF($E$30="전체","*",$E$30))) -> 0 | G34: =IF($A34="","",COUNTIFS(업무일지!$B$5:$B$1004,">="&DATE($B$3,6,1),업무일지!$B$5:$B$1004,"<"&DATE($B$3,6+1,1),업무일지!$I$5:$I$1004,$A34,업무일지!$D$5:$D$1004,IF($E$30="전체","*",$E$30))+COUNTIFS(업무일지!$B$5:$B$1004,">="&DATE($B$3,6,1),업무일지!$B$5:$B$1004,"<"&DATE($B$3,6+1,1),업무일지!$J$5:$J$1004,"*"&$A34&"*",업무일지!$D$5:$D$1004,IF($E$30="전체","*",$E$30))) -> 0 | H34: =IF($A34="","",COUNTIFS(업무일지!$B$5:$B$1004,">="&DATE($B$3,7,1),업무일지!$B$5:$B$1004,"<"&DATE($B$3,7+1,1),업무일지!$I$5:$I$1004,$A34,업무일지!$D$5:$D$1004,IF($E$30="전체","*",$E$30))+COUNTIFS(업무일지!$B$5:$B$1004,">="&DATE($B$3,7,1),업무일지!$B$5:$B$1004,"<"&DATE($B$3,7+1,1),업무일지!$J$5:$J$1004,"*"&$A34&"*",업무일지!$D$5:$D$1004,IF($E$30="전체","*",$E$30))) -> 0 | I34: =IF($A34="","",COUNTIFS(업무일지!$B$5:$B$1004,">="&DATE($B$3,8,1),업무일지!$B$5:$B$1004,"<"&DATE($B$3,8+1,1),업무일지!$I$5:$I$1004,$A34,업무일지!$D$5:$D$1004,IF($E$30="전체","*",$E$30))+COUNTIFS(업무일지!$B$5:$B$1004,">="&DATE($B$3,8,1),업무일지!$B$5:$B$1004,"<"&DATE($B$3,8+1,1),업무일지!$J$5:$J$1004,"*"&$A34&"*",업무일지!$D$5:$D$1004,IF($E$30="전체","*",$E$30))) -> 0 | J34: =IF($A34="","",COUNTIFS(업무일지!$B$5:$B$1004,">="&DATE($B$3,9,1),업무일지!$B$5:$B$1004,"<"&DATE($B$3,9+1,1),업무일지!$I$5:$I$1004,$A34,업무일지!$D$5:$D$1004,IF($E$30="전체","*",$E$30))+COUNTIFS(업무일지!$B$5:$B$1004,">="&DATE($B$3,9,1),업무일지!$B$5:$B$1004,"<"&DATE($B$3,9+1,1),업무일지!$J$5:$J$1004,"*"&$A34&"*",업무일지!$D$5:$D$1004,IF($E$30="전체","*",$E$30))) -> 0 | K34: =IF($A34="","",COUNTIFS(업무일지!$B$5:$B$1004,">="&DATE($B$3,10,1),업무일지!$B$5:$B$1004,"<"&DATE($B$3,10+1,1),업무일지!$I$5:$I$1004,$A34,업무일지!$D$5:$D$1004,IF($E$30="전체","*",$E$30))+COUNTIFS(업무일지!$B$5:$B$1004,">="&DATE($B$3,10,1),업무일지!$B$5:$B$1004,"<"&DATE($B$3,10+1,1),업무일지!$J$5:$J$1004,"*"&$A34&"*",업무일지!$D$5:$D$1004,IF($E$30="전체","*",$E$30))) -> 0 | L34: =IF($A34="","",COUNTIFS(업무일지!$B$5:$B$1004,">="&DATE($B$3,11,1),업무일지!$B$5:$B$1004,"<"&DATE($B$3,11+1,1),업무일지!$I$5:$I$1004,$A34,업무일지!$D$5:$D$1004,IF($E$30="전체","*",$E$30))+COUNTIFS(업무일지!$B$5:$B$1004,">="&DATE($B$3,11,1),업무일지!$B$5:$B$1004,"<"&DATE($B$3,11+1,1),업무일지!$J$5:$J$1004,"*"&$A34&"*",업무일지!$D$5:$D$1004,IF($E$30="전체","*",$E$30))) -> 0 | M34: =IF($A34="","",COUNTIFS(업무일지!$B$5:$B$1004,">="&DATE($B$3,12,1),업무일지!$B$5:$B$1004,"<"&DATE($B$3,12+1,1),업무일지!$I$5:$I$1004,$A34,업무일지!$D$5:$D$1004,IF($E$30="전체","*",$E$30))+COUNTIFS(업무일지!$B$5:$B$1004,">="&DATE($B$3,12,1),업무일지!$B$5:$B$1004,"<"&DATE($B$3,12+1,1),업무일지!$J$5:$J$1004,"*"&$A34&"*",업무일지!$D$5:$D$1004,IF($E$30="전체","*",$E$30))) -> 0 | N34: =IF($A34="","",SUM(B34:M34)) -> 2
A35: =IF($A10="","",$A10) -> 최분석 | B35: =IF($A35="","",COUNTIFS(업무일지!$B$5:$B$1004,">="&DATE($B$3,1,1),업무일지!$B$5:$B$1004,"<"&DATE($B$3,1+1,1),업무일지!$I$5:$I$1004,$A35,업무일지!$D$5:$D$1004,IF($E$30="전체","*",$E$30))+COUNTIFS(업무일지!$B$5:$B$1004,">="&DATE($B$3,1,1),업무일지!$B$5:$B$1004,"<"&DATE($B$3,1+1,1),업무일지!$J$5:$J$1004,"*"&$A35&"*",업무일지!$D$5:$D$1004,IF($E$30="전체","*",$E$30))) -> 0 | C35: =IF($A35="","",COUNTIFS(업무일지!$B$5:$B$1004,">="&DATE($B$3,2,1),업무일지!$B$5:$B$1004,"<"&DATE($B$3,2+1,1),업무일지!$I$5:$I$1004,$A35,업무일지!$D$5:$D$1004,IF($E$30="전체","*",$E$30))+COUNTIFS(업무일지!$B$5:$B$1004,">="&DATE($B$3,2,1),업무일지!$B$5:$B$1004,"<"&DATE($B$3,2+1,1),업무일지!$J$5:$J$1004,"*"&$A35&"*",업무일지!$D$5:$D$1004,IF($E$30="전체","*",$E$30))) -> 0 | D35: =IF($A35="","",COUNTIFS(업무일지!$B$5:$B$1004,">="&DATE($B$3,3,1),업무일지!$B$5:$B$1004,"<"&DATE($B$3,3+1,1),업무일지!$I$5:$I$1004,$A35,업무일지!$D$5:$D$1004,IF($E$30="전체","*",$E$30))+COUNTIFS(업무일지!$B$5:$B$1004,">="&DATE($B$3,3,1),업무일지!$B$5:$B$1004,"<"&DATE($B$3,3+1,1),업무일지!$J$5:$J$1004,"*"&$A35&"*",업무일지!$D$5:$D$1004,IF($E$30="전체","*",$E$30))) -> 0 | E35: =IF($A35="","",COUNTIFS(업무일지!$B$5:$B$1004,">="&DATE($B$3,4,1),업무일지!$B$5:$B$1004,"<"&DATE($B$3,4+1,1),업무일지!$I$5:$I$1004,$A35,업무일지!$D$5:$D$1004,IF($E$30="전체","*",$E$30))+COUNTIFS(업무일지!$B$5:$B$1004,">="&DATE($B$3,4,1),업무일지!$B$5:$B$1004,"<"&DATE($B$3,4+1,1),업무일지!$J$5:$J$1004,"*"&$A35&"*",업무일지!$D$5:$D$1004,IF($E$30="전체","*",$E$30))) -> 0 | F35: =IF($A35="","",COUNTIFS(업무일지!$B$5:$B$1004,">="&DATE($B$3,5,1),업무일지!$B$5:$B$1004,"<"&DATE($B$3,5+1,1),업무일지!$I$5:$I$1004,$A35,업무일지!$D$5:$D$1004,IF($E$30="전체","*",$E$30))+COUNTIFS(업무일지!$B$5:$B$1004,">="&DATE($B$3,5,1),업무일지!$B$5:$B$1004,"<"&DATE($B$3,5+1,1),업무일지!$J$5:$J$1004,"*"&$A35&"*",업무일지!$D$5:$D$1004,IF($E$30="전체","*",$E$30))) -> 0 | G35: =IF($A35="","",COUNTIFS(업무일지!$B$5:$B$1004,">="&DATE($B$3,6,1),업무일지!$B$5:$B$1004,"<"&DATE($B$3,6+1,1),업무일지!$I$5:$I$1004,$A35,업무일지!$D$5:$D$1004,IF($E$30="전체","*",$E$30))+COUNTIFS(업무일지!$B$5:$B$1004,">="&DATE($B$3,6,1),업무일지!$B$5:$B$1004,"<"&DATE($B$3,6+1,1),업무일지!$J$5:$J$1004,"*"&$A35&"*",업무일지!$D$5:$D$1004,IF($E$30="전체","*",$E$30))) -> 0 | H35: =IF($A35="","",COUNTIFS(업무일지!$B$5:$B$1004,">="&DATE($B$3,7,1),업무일지!$B$5:$B$1004,"<"&DATE($B$3,7+1,1),업무일지!$I$5:$I$1004,$A35,업무일지!$D$5:$D$1004,IF($E$30="전체","*",$E$30))+COUNTIFS(업무일지!$B$5:$B$1004,">="&DATE($B$3,7,1),업무일지!$B$5:$B$1004,"<"&DATE($B$3,7+1,1),업무일지!$J$5:$J$1004,"*"&$A35&"*",업무일지!$D$5:$D$1004,IF($E$30="전체","*",$E$30))) -> 0 | I35: =IF($A35="","",COUNTIFS(업무일지!$B$5:$B$1004,">="&DATE($B$3,8,1),업무일지!$B$5:$B$1004,"<"&DATE($B$3,8+1,1),업무일지!$I$5:$I$1004,$A35,업무일지!$D$5:$D$1004,IF($E$30="전체","*",$E$30))+COUNTIFS(업무일지!$B$5:$B$1004,">="&DATE($B$3,8,1),업무일지!$B$5:$B$1004,"<"&DATE($B$3,8+1,1),업무일지!$J$5:$J$1004,"*"&$A35&"*",업무일지!$D$5:$D$1004,IF($E$30="전체","*",$E$30))) -> 0 | J35: =IF($A35="","",COUNTIFS(업무일지!$B$5:$B$1004,">="&DATE($B$3,9,1),업무일지!$B$5:$B$1004,"<"&DATE($B$3,9+1,1),업무일지!$I$5:$I$1004,$A35,업무일지!$D$5:$D$1004,IF($E$30="전체","*",$E$30))+COUNTIFS(업무일지!$B$5:$B$1004,">="&DATE($B$3,9,1),업무일지!$B$5:$B$1004,"<"&DATE($B$3,9+1,1),업무일지!$J$5:$J$1004,"*"&$A35&"*",업무일지!$D$5:$D$1004,IF($E$30="전체","*",$E$30))) -> 0 | K35: =IF($A35="","",COUNTIFS(업무일지!$B$5:$B$1004,">="&DATE($B$3,10,1),업무일지!$B$5:$B$1004,"<"&DATE($B$3,10+1,1),업무일지!$I$5:$I$1004,$A35,업무일지!$D$5:$D$1004,IF($E$30="전체","*",$E$30))+COUNTIFS(업무일지!$B$5:$B$1004,">="&DATE($B$3,10,1),업무일지!$B$5:$B$1004,"<"&DATE($B$3,10+1,1),업무일지!$J$5:$J$1004,"*"&$A35&"*",업무일지!$D$5:$D$1004,IF($E$30="전체","*",$E$30))) -> 0 | L35: =IF($A35="","",COUNTIFS(업무일지!$B$5:$B$1004,">="&DATE($B$3,11,1),업무일지!$B$5:$B$1004,"<"&DATE($B$3,11+1,1),업무일지!$I$5:$I$1004,$A35,업무일지!$D$5:$D$1004,IF($E$30="전체","*",$E$30))+COUNTIFS(업무일지!$B$5:$B$1004,">="&DATE($B$3,11,1),업무일지!$B$5:$B$1004,"<"&DATE($B$3,11+1,1),업무일지!$J$5:$J$1004,"*"&$A35&"*",업무일지!$D$5:$D$1004,IF($E$30="전체","*",$E$30))) -> 0 | M35: =IF($A35="","",COUNTIFS(업무일지!$B$5:$B$1004,">="&DATE($B$3,12,1),업무일지!$B$5:$B$1004,"<"&DATE($B$3,12+1,1),업무일지!$I$5:$I$1004,$A35,업무일지!$D$5:$D$1004,IF($E$30="전체","*",$E$30))+COUNTIFS(업무일지!$B$5:$B$1004,">="&DATE($B$3,12,1),업무일지!$B$5:$B$1004,"<"&DATE($B$3,12+1,1),업무일지!$J$5:$J$1004,"*"&$A35&"*",업무일지!$D$5:$D$1004,IF($E$30="전체","*",$E$30))) -> 0 | N35: =IF($A35="","",SUM(B35:M35)) -> 0
A36: =IF($A11="","",$A11) -> 정현장 | B36: =IF($A36="","",COUNTIFS(업무일지!$B$5:$B$1004,">="&DATE($B$3,1,1),업무일지!$B$5:$B$1004,"<"&DATE($B$3,1+1,1),업무일지!$I$5:$I$1004,$A36,업무일지!$D$5:$D$1004,IF($E$30="전체","*",$E$30))+COUNTIFS(업무일지!$B$5:$B$1004,">="&DATE($B$3,1,1),업무일지!$B$5:$B$1004,"<"&DATE($B$3,1+1,1),업무일지!$J$5:$J$1004,"*"&$A36&"*",업무일지!$D$5:$D$1004,IF($E$30="전체","*",$E$30))) -> 0 | C36: =IF($A36="","",COUNTIFS(업무일지!$B$5:$B$1004,">="&DATE($B$3,2,1),업무일지!$B$5:$B$1004,"<"&DATE($B$3,2+1,1),업무일지!$I$5:$I$1004,$A36,업무일지!$D$5:$D$1004,IF($E$30="전체","*",$E$30))+COUNTIFS(업무일지!$B$5:$B$1004,">="&DATE($B$3,2,1),업무일지!$B$5:$B$1004,"<"&DATE($B$3,2+1,1),업무일지!$J$5:$J$1004,"*"&$A36&"*",업무일지!$D$5:$D$1004,IF($E$30="전체","*",$E$30))) -> 0 | D36: =IF($A36="","",COUNTIFS(업무일지!$B$5:$B$1004,">="&DATE($B$3,3,1),업무일지!$B$5:$B$1004,"<"&DATE($B$3,3+1,1),업무일지!$I$5:$I$1004,$A36,업무일지!$D$5:$D$1004,IF($E$30="전체","*",$E$30))+COUNTIFS(업무일지!$B$5:$B$1004,">="&DATE($B$3,3,1),업무일지!$B$5:$B$1004,"<"&DATE($B$3,3+1,1),업무일지!$J$5:$J$1004,"*"&$A36&"*",업무일지!$D$5:$D$1004,IF($E$30="전체","*",$E$30))) -> 0 | E36: =IF($A36="","",COUNTIFS(업무일지!$B$5:$B$1004,">="&DATE($B$3,4,1),업무일지!$B$5:$B$1004,"<"&DATE($B$3,4+1,1),업무일지!$I$5:$I$1004,$A36,업무일지!$D$5:$D$1004,IF($E$30="전체","*",$E$30))+COUNTIFS(업무일지!$B$5:$B$1004,">="&DATE($B$3,4,1),업무일지!$B$5:$B$1004,"<"&DATE($B$3,4+1,1),업무일지!$J$5:$J$1004,"*"&$A36&"*",업무일지!$D$5:$D$1004,IF($E$30="전체","*",$E$30))) -> 0 | F36: =IF($A36="","",COUNTIFS(업무일지!$B$5:$B$1004,">="&DATE($B$3,5,1),업무일지!$B$5:$B$1004,"<"&DATE($B$3,5+1,1),업무일지!$I$5:$I$1004,$A36,업무일지!$D$5:$D$1004,IF($E$30="전체","*",$E$30))+COUNTIFS(업무일지!$B$5:$B$1004,">="&DATE($B$3,5,1),업무일지!$B$5:$B$1004,"<"&DATE($B$3,5+1,1),업무일지!$J$5:$J$1004,"*"&$A36&"*",업무일지!$D$5:$D$1004,IF($E$30="전체","*",$E$30))) -> 0 | G36: =IF($A36="","",COUNTIFS(업무일지!$B$5:$B$1004,">="&DATE($B$3,6,1),업무일지!$B$5:$B$1004,"<"&DATE($B$3,6+1,1),업무일지!$I$5:$I$1004,$A36,업무일지!$D$5:$D$1004,IF($E$30="전체","*",$E$30))+COUNTIFS(업무일지!$B$5:$B$1004,">="&DATE($B$3,6,1),업무일지!$B$5:$B$1004,"<"&DATE($B$3,6+1,1),업무일지!$J$5:$J$1004,"*"&$A36&"*",업무일지!$D$5:$D$1004,IF($E$30="전체","*",$E$30))) -> 0 | H36: =IF($A36="","",COUNTIFS(업무일지!$B$5:$B$1004,">="&DATE($B$3,7,1),업무일지!$B$5:$B$1004,"<"&DATE($B$3,7+1,1),업무일지!$I$5:$I$1004,$A36,업무일지!$D$5:$D$1004,IF($E$30="전체","*",$E$30))+COUNTIFS(업무일지!$B$5:$B$1004,">="&DATE($B$3,7,1),업무일지!$B$5:$B$1004,"<"&DATE($B$3,7+1,1),업무일지!$J$5:$J$1004,"*"&$A36&"*",업무일지!$D$5:$D$1004,IF($E$30="전체","*",$E$30))) -> 0 | I36: =IF($A36="","",COUNTIFS(업무일지!$B$5:$B$1004,">="&DATE($B$3,8,1),업무일지!$B$5:$B$1004,"<"&DATE($B$3,8+1,1),업무일지!$I$5:$I$1004,$A36,업무일지!$D$5:$D$1004,IF($E$30="전체","*",$E$30))+COUNTIFS(업무일지!$B$5:$B$1004,">="&DATE($B$3,8,1),업무일지!$B$5:$B$1004,"<"&DATE($B$3,8+1,1),업무일지!$J$5:$J$1004,"*"&$A36&"*",업무일지!$D$5:$D$1004,IF($E$30="전체","*",$E$30))) -> 0 | J36: =IF($A36="","",COUNTIFS(업무일지!$B$5:$B$1004,">="&DATE($B$3,9,1),업무일지!$B$5:$B$1004,"<"&DATE($B$3,9+1,1),업무일지!$I$5:$I$1004,$A36,업무일지!$D$5:$D$1004,IF($E$30="전체","*",$E$30))+COUNTIFS(업무일지!$B$5:$B$1004,">="&DATE($B$3,9,1),업무일지!$B$5:$B$1004,"<"&DATE($B$3,9+1,1),업무일지!$J$5:$J$1004,"*"&$A36&"*",업무일지!$D$5:$D$1004,IF($E$30="전체","*",$E$30))) -> 0 | K36: =IF($A36="","",COUNTIFS(업무일지!$B$5:$B$1004,">="&DATE($B$3,10,1),업무일지!$B$5:$B$1004,"<"&DATE($B$3,10+1,1),업무일지!$I$5:$I$1004,$A36,업무일지!$D$5:$D$1004,IF($E$30="전체","*",$E$30))+COUNTIFS(업무일지!$B$5:$B$1004,">="&DATE($B$3,10,1),업무일지!$B$5:$B$1004,"<"&DATE($B$3,10+1,1),업무일지!$J$5:$J$1004,"*"&$A36&"*",업무일지!$D$5:$D$1004,IF($E$30="전체","*",$E$30))) -> 0 | L36: =IF($A36="","",COUNTIFS(업무일지!$B$5:$B$1004,">="&DATE($B$3,11,1),업무일지!$B$5:$B$1004,"<"&DATE($B$3,11+1,1),업무일지!$I$5:$I$1004,$A36,업무일지!$D$5:$D$1004,IF($E$30="전체","*",$E$30))+COUNTIFS(업무일지!$B$5:$B$1004,">="&DATE($B$3,11,1),업무일지!$B$5:$B$1004,"<"&DATE($B$3,11+1,1),업무일지!$J$5:$J$1004,"*"&$A36&"*",업무일지!$D$5:$D$1004,IF($E$30="전체","*",$E$30))) -> 0 | M36: =IF($A36="","",COUNTIFS(업무일지!$B$5:$B$1004,">="&DATE($B$3,12,1),업무일지!$B$5:$B$1004,"<"&DATE($B$3,12+1,1),업무일지!$I$5:$I$1004,$A36,업무일지!$D$5:$D$1004,IF($E$30="전체","*",$E$30))+COUNTIFS(업무일지!$B$5:$B$1004,">="&DATE($B$3,12,1),업무일지!$B$5:$B$1004,"<"&DATE($B$3,12+1,1),업무일지!$J$5:$J$1004,"*"&$A36&"*",업무일지!$D$5:$D$1004,IF($E$30="전체","*",$E$30))) -> 0 | N36: =IF($A36="","",SUM(B36:M36)) -> 0
A37: =IF($A12="","",$A12) | B37: =IF($A37="","",COUNTIFS(업무일지!$B$5:$B$1004,">="&DATE($B$3,1,1),업무일지!$B$5:$B$1004,"<"&DATE($B$3,1+1,1),업무일지!$I$5:$I$1004,$A37,업무일지!$D$5:$D$1004,IF($E$30="전체","*",$E$30))+COUNTIFS(업무일지!$B$5:$B$1004,">="&DATE($B$3,1,1),업무일지!$B$5:$B$1004,"<"&DATE($B$3,1+1,1),업무일지!$J$5:$J$1004,"*"&$A37&"*",업무일지!$D$5:$D$1004,IF($E$30="전체","*",$E$30))) | C37: =IF($A37="","",COUNTIFS(업무일지!$B$5:$B$1004,">="&DATE($B$3,2,1),업무일지!$B$5:$B$1004,"<"&DATE($B$3,2+1,1),업무일지!$I$5:$I$1004,$A37,업무일지!$D$5:$D$1004,IF($E$30="전체","*",$E$30))+COUNTIFS(업무일지!$B$5:$B$1004,">="&DATE($B$3,2,1),업무일지!$B$5:$B$1004,"<"&DATE($B$3,2+1,1),업무일지!$J$5:$J$1004,"*"&$A37&"*",업무일지!$D$5:$D$1004,IF($E$30="전체","*",$E$30))) | D37: =IF($A37="","",COUNTIFS(업무일지!$B$5:$B$1004,">="&DATE($B$3,3,1),업무일지!$B$5:$B$1004,"<"&DATE($B$3,3+1,1),업무일지!$I$5:$I$1004,$A37,업무일지!$D$5:$D$1004,IF($E$30="전체","*",$E$30))+COUNTIFS(업무일지!$B$5:$B$1004,">="&DATE($B$3,3,1),업무일지!$B$5:$B$1004,"<"&DATE($B$3,3+1,1),업무일지!$J$5:$J$1004,"*"&$A37&"*",업무일지!$D$5:$D$1004,IF($E$30="전체","*",$E$30))) | E37: =IF($A37="","",COUNTIFS(업무일지!$B$5:$B$1004,">="&DATE($B$3,4,1),업무일지!$B$5:$B$1004,"<"&DATE($B$3,4+1,1),업무일지!$I$5:$I$1004,$A37,업무일지!$D$5:$D$1004,IF($E$30="전체","*",$E$30))+COUNTIFS(업무일지!$B$5:$B$1004,">="&DATE($B$3,4,1),업무일지!$B$5:$B$1004,"<"&DATE($B$3,4+1,1),업무일지!$J$5:$J$1004,"*"&$A37&"*",업무일지!$D$5:$D$1004,IF($E$30="전체","*",$E$30))) | F37: =IF($A37="","",COUNTIFS(업무일지!$B$5:$B$1004,">="&DATE($B$3,5,1),업무일지!$B$5:$B$1004,"<"&DATE($B$3,5+1,1),업무일지!$I$5:$I$1004,$A37,업무일지!$D$5:$D$1004,IF($E$30="전체","*",$E$30))+COUNTIFS(업무일지!$B$5:$B$1004,">="&DATE($B$3,5,1),업무일지!$B$5:$B$1004,"<"&DATE($B$3,5+1,1),업무일지!$J$5:$J$1004,"*"&$A37&"*",업무일지!$D$5:$D$1004,IF($E$30="전체","*",$E$30))) | G37: =IF($A37="","",COUNTIFS(업무일지!$B$5:$B$1004,">="&DATE($B$3,6,1),업무일지!$B$5:$B$1004,"<"&DATE($B$3,6+1,1),업무일지!$I$5:$I$1004,$A37,업무일지!$D$5:$D$1004,IF($E$30="전체","*",$E$30))+COUNTIFS(업무일지!$B$5:$B$1004,">="&DATE($B$3,6,1),업무일지!$B$5:$B$1004,"<"&DATE($B$3,6+1,1),업무일지!$J$5:$J$1004,"*"&$A37&"*",업무일지!$D$5:$D$1004,IF($E$30="전체","*",$E$30))) | H37: =IF($A37="","",COUNTIFS(업무일지!$B$5:$B$1004,">="&DATE($B$3,7,1),업무일지!$B$5:$B$1004,"<"&DATE($B$3,7+1,1),업무일지!$I$5:$I$1004,$A37,업무일지!$D$5:$D$1004,IF($E$30="전체","*",$E$30))+COUNTIFS(업무일지!$B$5:$B$1004,">="&DATE($B$3,7,1),업무일지!$B$5:$B$1004,"<"&DATE($B$3,7+1,1),업무일지!$J$5:$J$1004,"*"&$A37&"*",업무일지!$D$5:$D$1004,IF($E$30="전체","*",$E$30))) | I37: =IF($A37="","",COUNTIFS(업무일지!$B$5:$B$1004,">="&DATE($B$3,8,1),업무일지!$B$5:$B$1004,"<"&DATE($B$3,8+1,1),업무일지!$I$5:$I$1004,$A37,업무일지!$D$5:$D$1004,IF($E$30="전체","*",$E$30))+COUNTIFS(업무일지!$B$5:$B$1004,">="&DATE($B$3,8,1),업무일지!$B$5:$B$1004,"<"&DATE($B$3,8+1,1),업무일지!$J$5:$J$1004,"*"&$A37&"*",업무일지!$D$5:$D$1004,IF($E$30="전체","*",$E$30))) | J37: =IF($A37="","",COUNTIFS(업무일지!$B$5:$B$1004,">="&DATE($B$3,9,1),업무일지!$B$5:$B$1004,"<"&DATE($B$3,9+1,1),업무일지!$I$5:$I$1004,$A37,업무일지!$D$5:$D$1004,IF($E$30="전체","*",$E$30))+COUNTIFS(업무일지!$B$5:$B$1004,">="&DATE($B$3,9,1),업무일지!$B$5:$B$1004,"<"&DATE($B$3,9+1,1),업무일지!$J$5:$J$1004,"*"&$A37&"*",업무일지!$D$5:$D$1004,IF($E$30="전체","*",$E$30))) | K37: =IF($A37="","",COUNTIFS(업무일지!$B$5:$B$1004,">="&DATE($B$3,10,1),업무일지!$B$5:$B$1004,"<"&DATE($B$3,10+1,1),업무일지!$I$5:$I$1004,$A37,업무일지!$D$5:$D$1004,IF($E$30="전체","*",$E$30))+COUNTIFS(업무일지!$B$5:$B$1004,">="&DATE($B$3,10,1),업무일지!$B$5:$B$1004,"<"&DATE($B$3,10+1,1),업무일지!$J$5:$J$1004,"*"&$A37&"*",업무일지!$D$5:$D$1004,IF($E$30="전체","*",$E$30))) | L37: =IF($A37="","",COUNTIFS(업무일지!$B$5:$B$1004,">="&DATE($B$3,11,1),업무일지!$B$5:$B$1004,"<"&DATE($B$3,11+1,1),업무일지!$I$5:$I$1004,$A37,업무일지!$D$5:$D$1004,IF($E$30="전체","*",$E$30))+COUNTIFS(업무일지!$B$5:$B$1004,">="&DATE($B$3,11,1),업무일지!$B$5:$B$1004,"<"&DATE($B$3,11+1,1),업무일지!$J$5:$J$1004,"*"&$A37&"*",업무일지!$D$5:$D$1004,IF($E$30="전체","*",$E$30))) | M37: =IF($A37="","",COUNTIFS(업무일지!$B$5:$B$1004,">="&DATE($B$3,12,1),업무일지!$B$5:$B$1004,"<"&DATE($B$3,12+1,1),업무일지!$I$5:$I$1004,$A37,업무일지!$D$5:$D$1004,IF($E$30="전체","*",$E$30))+COUNTIFS(업무일지!$B$5:$B$1004,">="&DATE($B$3,12,1),업무일지!$B$5:$B$1004,"<"&DATE($B$3,12+1,1),업무일지!$J$5:$J$1004,"*"&$A37&"*",업무일지!$D$5:$D$1004,IF($E$30="전체","*",$E$30))) | N37: =IF($A37="","",SUM(B37:M37))
A38: =IF($A13="","",$A13) | B38: =IF($A38="","",COUNTIFS(업무일지!$B$5:$B$1004,">="&DATE($B$3,1,1),업무일지!$B$5:$B$1004,"<"&DATE($B$3,1+1,1),업무일지!$I$5:$I$1004,$A38,업무일지!$D$5:$D$1004,IF($E$30="전체","*",$E$30))+COUNTIFS(업무일지!$B$5:$B$1004,">="&DATE($B$3,1,1),업무일지!$B$5:$B$1004,"<"&DATE($B$3,1+1,1),업무일지!$J$5:$J$1004,"*"&$A38&"*",업무일지!$D$5:$D$1004,IF($E$30="전체","*",$E$30))) | C38: =IF($A38="","",COUNTIFS(업무일지!$B$5:$B$1004,">="&DATE($B$3,2,1),업무일지!$B$5:$B$1004,"<"&DATE($B$3,2+1,1),업무일지!$I$5:$I$1004,$A38,업무일지!$D$5:$D$1004,IF($E$30="전체","*",$E$30))+COUNTIFS(업무일지!$B$5:$B$1004,">="&DATE($B$3,2,1),업무일지!$B$5:$B$1004,"<"&DATE($B$3,2+1,1),업무일지!$J$5:$J$1004,"*"&$A38&"*",업무일지!$D$5:$D$1004,IF($E$30="전체","*",$E$30))) | D38: =IF($A38="","",COUNTIFS(업무일지!$B$5:$B$1004,">="&DATE($B$3,3,1),업무일지!$B$5:$B$1004,"<"&DATE($B$3,3+1,1),업무일지!$I$5:$I$1004,$A38,업무일지!$D$5:$D$1004,IF($E$30="전체","*",$E$30))+COUNTIFS(업무일지!$B$5:$B$1004,">="&DATE($B$3,3,1),업무일지!$B$5:$B$1004,"<"&DATE($B$3,3+1,1),업무일지!$J$5:$J$1004,"*"&$A38&"*",업무일지!$D$5:$D$1004,IF($E$30="전체","*",$E$30))) | E38: =IF($A38="","",COUNTIFS(업무일지!$B$5:$B$1004,">="&DATE($B$3,4,1),업무일지!$B$5:$B$1004,"<"&DATE($B$3,4+1,1),업무일지!$I$5:$I$1004,$A38,업무일지!$D$5:$D$1004,IF($E$30="전체","*",$E$30))+COUNTIFS(업무일지!$B$5:$B$1004,">="&DATE($B$3,4,1),업무일지!$B$5:$B$1004,"<"&DATE($B$3,4+1,1),업무일지!$J$5:$J$1004,"*"&$A38&"*",업무일지!$D$5:$D$1004,IF($E$30="전체","*",$E$30))) | F38: =IF($A38="","",COUNTIFS(업무일지!$B$5:$B$1004,">="&DATE($B$3,5,1),업무일지!$B$5:$B$1004,"<"&DATE($B$3,5+1,1),업무일지!$I$5:$I$1004,$A38,업무일지!$D$5:$D$1004,IF($E$30="전체","*",$E$30))+COUNTIFS(업무일지!$B$5:$B$1004,">="&DATE($B$3,5,1),업무일지!$B$5:$B$1004,"<"&DATE($B$3,5+1,1),업무일지!$J$5:$J$1004,"*"&$A38&"*",업무일지!$D$5:$D$1004,IF($E$30="전체","*",$E$30))) | G38: =IF($A38="","",COUNTIFS(업무일지!$B$5:$B$1004,">="&DATE($B$3,6,1),업무일지!$B$5:$B$1004,"<"&DATE($B$3,6+1,1),업무일지!$I$5:$I$1004,$A38,업무일지!$D$5:$D$1004,IF($E$30="전체","*",$E$30))+COUNTIFS(업무일지!$B$5:$B$1004,">="&DATE($B$3,6,1),업무일지!$B$5:$B$1004,"<"&DATE($B$3,6+1,1),업무일지!$J$5:$J$1004,"*"&$A38&"*",업무일지!$D$5:$D$1004,IF($E$30="전체","*",$E$30))) | H38: =IF($A38="","",COUNTIFS(업무일지!$B$5:$B$1004,">="&DATE($B$3,7,1),업무일지!$B$5:$B$1004,"<"&DATE($B$3,7+1,1),업무일지!$I$5:$I$1004,$A38,업무일지!$D$5:$D$1004,IF($E$30="전체","*",$E$30))+COUNTIFS(업무일지!$B$5:$B$1004,">="&DATE($B$3,7,1),업무일지!$B$5:$B$1004,"<"&DATE($B$3,7+1,1),업무일지!$J$5:$J$1004,"*"&$A38&"*",업무일지!$D$5:$D$1004,IF($E$30="전체","*",$E$30))) | I38: =IF($A38="","",COUNTIFS(업무일지!$B$5:$B$1004,">="&DATE($B$3,8,1),업무일지!$B$5:$B$1004,"<"&DATE($B$3,8+1,1),업무일지!$I$5:$I$1004,$A38,업무일지!$D$5:$D$1004,IF($E$30="전체","*",$E$30))+COUNTIFS(업무일지!$B$5:$B$1004,">="&DATE($B$3,8,1),업무일지!$B$5:$B$1004,"<"&DATE($B$3,8+1,1),업무일지!$J$5:$J$1004,"*"&$A38&"*",업무일지!$D$5:$D$1004,IF($E$30="전체","*",$E$30))) | J38: =IF($A38="","",COUNTIFS(업무일지!$B$5:$B$1004,">="&DATE($B$3,9,1),업무일지!$B$5:$B$1004,"<"&DATE($B$3,9+1,1),업무일지!$I$5:$I$1004,$A38,업무일지!$D$5:$D$1004,IF($E$30="전체","*",$E$30))+COUNTIFS(업무일지!$B$5:$B$1004,">="&DATE($B$3,9,1),업무일지!$B$5:$B$1004,"<"&DATE($B$3,9+1,1),업무일지!$J$5:$J$1004,"*"&$A38&"*",업무일지!$D$5:$D$1004,IF($E$30="전체","*",$E$30))) | K38: =IF($A38="","",COUNTIFS(업무일지!$B$5:$B$1004,">="&DATE($B$3,10,1),업무일지!$B$5:$B$1004,"<"&DATE($B$3,10+1,1),업무일지!$I$5:$I$1004,$A38,업무일지!$D$5:$D$1004,IF($E$30="전체","*",$E$30))+COUNTIFS(업무일지!$B$5:$B$1004,">="&DATE($B$3,10,1),업무일지!$B$5:$B$1004,"<"&DATE($B$3,10+1,1),업무일지!$J$5:$J$1004,"*"&$A38&"*",업무일지!$D$5:$D$1004,IF($E$30="전체","*",$E$30))) | L38: =IF($A38="","",COUNTIFS(업무일지!$B$5:$B$1004,">="&DATE($B$3,11,1),업무일지!$B$5:$B$1004,"<"&DATE($B$3,11+1,1),업무일지!$I$5:$I$1004,$A38,업무일지!$D$5:$D$1004,IF($E$30="전체","*",$E$30))+COUNTIFS(업무일지!$B$5:$B$1004,">="&DATE($B$3,11,1),업무일지!$B$5:$B$1004,"<"&DATE($B$3,11+1,1),업무일지!$J$5:$J$1004,"*"&$A38&"*",업무일지!$D$5:$D$1004,IF($E$30="전체","*",$E$30))) | M38: =IF($A38="","",COUNTIFS(업무일지!$B$5:$B$1004,">="&DATE($B$3,12,1),업무일지!$B$5:$B$1004,"<"&DATE($B$3,12+1,1),업무일지!$I$5:$I$1004,$A38,업무일지!$D$5:$D$1004,IF($E$30="전체","*",$E$30))+COUNTIFS(업무일지!$B$5:$B$1004,">="&DATE($B$3,12,1),업무일지!$B$5:$B$1004,"<"&DATE($B$3,12+1,1),업무일지!$J$5:$J$1004,"*"&$A38&"*",업무일지!$D$5:$D$1004,IF($E$30="전체","*",$E$30))) | N38: =IF($A38="","",SUM(B38:M38))
A39: =IF($A14="","",$A14) | B39: =IF($A39="","",COUNTIFS(업무일지!$B$5:$B$1004,">="&DATE($B$3,1,1),업무일지!$B$5:$B$1004,"<"&DATE($B$3,1+1,1),업무일지!$I$5:$I$1004,$A39,업무일지!$D$5:$D$1004,IF($E$30="전체","*",$E$30))+COUNTIFS(업무일지!$B$5:$B$1004,">="&DATE($B$3,1,1),업무일지!$B$5:$B$1004,"<"&DATE($B$3,1+1,1),업무일지!$J$5:$J$1004,"*"&$A39&"*",업무일지!$D$5:$D$1004,IF($E$30="전체","*",$E$30))) | C39: =IF($A39="","",COUNTIFS(업무일지!$B$5:$B$1004,">="&DATE($B$3,2,1),업무일지!$B$5:$B$1004,"<"&DATE($B$3,2+1,1),업무일지!$I$5:$I$1004,$A39,업무일지!$D$5:$D$1004,IF($E$30="전체","*",$E$30))+COUNTIFS(업무일지!$B$5:$B$1004,">="&DATE($B$3,2,1),업무일지!$B$5:$B$1004,"<"&DATE($B$3,2+1,1),업무일지!$J$5:$J$1004,"*"&$A39&"*",업무일지!$D$5:$D$1004,IF($E$30="전체","*",$E$30))) | D39: =IF($A39="","",COUNTIFS(업무일지!$B$5:$B$1004,">="&DATE($B$3,3,1),업무일지!$B$5:$B$1004,"<"&DATE($B$3,3+1,1),업무일지!$I$5:$I$1004,$A39,업무일지!$D$5:$D$1004,IF($E$30="전체","*",$E$30))+COUNTIFS(업무일지!$B$5:$B$1004,">="&DATE($B$3,3,1),업무일지!$B$5:$B$1004,"<"&DATE($B$3,3+1,1),업무일지!$J$5:$J$1004,"*"&$A39&"*",업무일지!$D$5:$D$1004,IF($E$30="전체","*",$E$30))) | E39: =IF($A39="","",COUNTIFS(업무일지!$B$5:$B$1004,">="&DATE($B$3,4,1),업무일지!$B$5:$B$1004,"<"&DATE($B$3,4+1,1),업무일지!$I$5:$I$1004,$A39,업무일지!$D$5:$D$1004,IF($E$30="전체","*",$E$30))+COUNTIFS(업무일지!$B$5:$B$1004,">="&DATE($B$3,4,1),업무일지!$B$5:$B$1004,"<"&DATE($B$3,4+1,1),업무일지!$J$5:$J$1004,"*"&$A39&"*",업무일지!$D$5:$D$1004,IF($E$30="전체","*",$E$30))) | F39: =IF($A39="","",COUNTIFS(업무일지!$B$5:$B$1004,">="&DATE($B$3,5,1),업무일지!$B$5:$B$1004,"<"&DATE($B$3,5+1,1),업무일지!$I$5:$I$1004,$A39,업무일지!$D$5:$D$1004,IF($E$30="전체","*",$E$30))+COUNTIFS(업무일지!$B$5:$B$1004,">="&DATE($B$3,5,1),업무일지!$B$5:$B$1004,"<"&DATE($B$3,5+1,1),업무일지!$J$5:$J$1004,"*"&$A39&"*",업무일지!$D$5:$D$1004,IF($E$30="전체","*",$E$30))) | G39: =IF($A39="","",COUNTIFS(업무일지!$B$5:$B$1004,">="&DATE($B$3,6,1),업무일지!$B$5:$B$1004,"<"&DATE($B$3,6+1,1),업무일지!$I$5:$I$1004,$A39,업무일지!$D$5:$D$1004,IF($E$30="전체","*",$E$30))+COUNTIFS(업무일지!$B$5:$B$1004,">="&DATE($B$3,6,1),업무일지!$B$5:$B$1004,"<"&DATE($B$3,6+1,1),업무일지!$J$5:$J$1004,"*"&$A39&"*",업무일지!$D$5:$D$1004,IF($E$30="전체","*",$E$30))) | H39: =IF($A39="","",COUNTIFS(업무일지!$B$5:$B$1004,">="&DATE($B$3,7,1),업무일지!$B$5:$B$1004,"<"&DATE($B$3,7+1,1),업무일지!$I$5:$I$1004,$A39,업무일지!$D$5:$D$1004,IF($E$30="전체","*",$E$30))+COUNTIFS(업무일지!$B$5:$B$1004,">="&DATE($B$3,7,1),업무일지!$B$5:$B$1004,"<"&DATE($B$3,7+1,1),업무일지!$J$5:$J$1004,"*"&$A39&"*",업무일지!$D$5:$D$1004,IF($E$30="전체","*",$E$30))) | I39: =IF($A39="","",COUNTIFS(업무일지!$B$5:$B$1004,">="&DATE($B$3,8,1),업무일지!$B$5:$B$1004,"<"&DATE($B$3,8+1,1),업무일지!$I$5:$I$1004,$A39,업무일지!$D$5:$D$1004,IF($E$30="전체","*",$E$30))+COUNTIFS(업무일지!$B$5:$B$1004,">="&DATE($B$3,8,1),업무일지!$B$5:$B$1004,"<"&DATE($B$3,8+1,1),업무일지!$J$5:$J$1004,"*"&$A39&"*",업무일지!$D$5:$D$1004,IF($E$30="전체","*",$E$30))) | J39: =IF($A39="","",COUNTIFS(업무일지!$B$5:$B$1004,">="&DATE($B$3,9,1),업무일지!$B$5:$B$1004,"<"&DATE($B$3,9+1,1),업무일지!$I$5:$I$1004,$A39,업무일지!$D$5:$D$1004,IF($E$30="전체","*",$E$30))+COUNTIFS(업무일지!$B$5:$B$1004,">="&DATE($B$3,9,1),업무일지!$B$5:$B$1004,"<"&DATE($B$3,9+1,1),업무일지!$J$5:$J$1004,"*"&$A39&"*",업무일지!$D$5:$D$1004,IF($E$30="전체","*",$E$30))) | K39: =IF($A39="","",COUNTIFS(업무일지!$B$5:$B$1004,">="&DATE($B$3,10,1),업무일지!$B$5:$B$1004,"<"&DATE($B$3,10+1,1),업무일지!$I$5:$I$1004,$A39,업무일지!$D$5:$D$1004,IF($E$30="전체","*",$E$30))+COUNTIFS(업무일지!$B$5:$B$1004,">="&DATE($B$3,10,1),업무일지!$B$5:$B$1004,"<"&DATE($B$3,10+1,1),업무일지!$J$5:$J$1004,"*"&$A39&"*",업무일지!$D$5:$D$1004,IF($E$30="전체","*",$E$30))) | L39: =IF($A39="","",COUNTIFS(업무일지!$B$5:$B$1004,">="&DATE($B$3,11,1),업무일지!$B$5:$B$1004,"<"&DATE($B$3,11+1,1),업무일지!$I$5:$I$1004,$A39,업무일지!$D$5:$D$1004,IF($E$30="전체","*",$E$30))+COUNTIFS(업무일지!$B$5:$B$1004,">="&DATE($B$3,11,1),업무일지!$B$5:$B$1004,"<"&DATE($B$3,11+1,1),업무일지!$J$5:$J$1004,"*"&$A39&"*",업무일지!$D$5:$D$1004,IF($E$30="전체","*",$E$30))) | M39: =IF($A39="","",COUNTIFS(업무일지!$B$5:$B$1004,">="&DATE($B$3,12,1),업무일지!$B$5:$B$1004,"<"&DATE($B$3,12+1,1),업무일지!$I$5:$I$1004,$A39,업무일지!$D$5:$D$1004,IF($E$30="전체","*",$E$30))+COUNTIFS(업무일지!$B$5:$B$1004,">="&DATE($B$3,12,1),업무일지!$B$5:$B$1004,"<"&DATE($B$3,12+1,1),업무일지!$J$5:$J$1004,"*"&$A39&"*",업무일지!$D$5:$D$1004,IF($E$30="전체","*",$E$30))) | N39: =IF($A39="","",SUM(B39:M39))
A40: =IF($A15="","",$A15) | B40: =IF($A40="","",COUNTIFS(업무일지!$B$5:$B$1004,">="&DATE($B$3,1,1),업무일지!$B$5:$B$1004,"<"&DATE($B$3,1+1,1),업무일지!$I$5:$I$1004,$A40,업무일지!$D$5:$D$1004,IF($E$30="전체","*",$E$30))+COUNTIFS(업무일지!$B$5:$B$1004,">="&DATE($B$3,1,1),업무일지!$B$5:$B$1004,"<"&DATE($B$3,1+1,1),업무일지!$J$5:$J$1004,"*"&$A40&"*",업무일지!$D$5:$D$1004,IF($E$30="전체","*",$E$30))) | C40: =IF($A40="","",COUNTIFS(업무일지!$B$5:$B$1004,">="&DATE($B$3,2,1),업무일지!$B$5:$B$1004,"<"&DATE($B$3,2+1,1),업무일지!$I$5:$I$1004,$A40,업무일지!$D$5:$D$1004,IF($E$30="전체","*",$E$30))+COUNTIFS(업무일지!$B$5:$B$1004,">="&DATE($B$3,2,1),업무일지!$B$5:$B$1004,"<"&DATE($B$3,2+1,1),업무일지!$J$5:$J$1004,"*"&$A40&"*",업무일지!$D$5:$D$1004,IF($E$30="전체","*",$E$30))) | D40: =IF($A40="","",COUNTIFS(업무일지!$B$5:$B$1004,">="&DATE($B$3,3,1),업무일지!$B$5:$B$1004,"<"&DATE($B$3,3+1,1),업무일지!$I$5:$I$1004,$A40,업무일지!$D$5:$D$1004,IF($E$30="전체","*",$E$30))+COUNTIFS(업무일지!$B$5:$B$1004,">="&DATE($B$3,3,1),업무일지!$B$5:$B$1004,"<"&DATE($B$3,3+1,1),업무일지!$J$5:$J$1004,"*"&$A40&"*",업무일지!$D$5:$D$1004,IF($E$30="전체","*",$E$30))) | E40: =IF($A40="","",COUNTIFS(업무일지!$B$5:$B$1004,">="&DATE($B$3,4,1),업무일지!$B$5:$B$1004,"<"&DATE($B$3,4+1,1),업무일지!$I$5:$I$1004,$A40,업무일지!$D$5:$D$1004,IF($E$30="전체","*",$E$30))+COUNTIFS(업무일지!$B$5:$B$1004,">="&DATE($B$3,4,1),업무일지!$B$5:$B$1004,"<"&DATE($B$3,4+1,1),업무일지!$J$5:$J$1004,"*"&$A40&"*",업무일지!$D$5:$D$1004,IF($E$30="전체","*",$E$30))) | F40: =IF($A40="","",COUNTIFS(업무일지!$B$5:$B$1004,">="&DATE($B$3,5,1),업무일지!$B$5:$B$1004,"<"&DATE($B$3,5+1,1),업무일지!$I$5:$I$1004,$A40,업무일지!$D$5:$D$1004,IF($E$30="전체","*",$E$30))+COUNTIFS(업무일지!$B$5:$B$1004,">="&DATE($B$3,5,1),업무일지!$B$5:$B$1004,"<"&DATE($B$3,5+1,1),업무일지!$J$5:$J$1004,"*"&$A40&"*",업무일지!$D$5:$D$1004,IF($E$30="전체","*",$E$30))) | G40: =IF($A40="","",COUNTIFS(업무일지!$B$5:$B$1004,">="&DATE($B$3,6,1),업무일지!$B$5:$B$1004,"<"&DATE($B$3,6+1,1),업무일지!$I$5:$I$1004,$A40,업무일지!$D$5:$D$1004,IF($E$30="전체","*",$E$30))+COUNTIFS(업무일지!$B$5:$B$1004,">="&DATE($B$3,6,1),업무일지!$B$5:$B$1004,"<"&DATE($B$3,6+1,1),업무일지!$J$5:$J$1004,"*"&$A40&"*",업무일지!$D$5:$D$1004,IF($E$30="전체","*",$E$30))) | H40: =IF($A40="","",COUNTIFS(업무일지!$B$5:$B$1004,">="&DATE($B$3,7,1),업무일지!$B$5:$B$1004,"<"&DATE($B$3,7+1,1),업무일지!$I$5:$I$1004,$A40,업무일지!$D$5:$D$1004,IF($E$30="전체","*",$E$30))+COUNTIFS(업무일지!$B$5:$B$1004,">="&DATE($B$3,7,1),업무일지!$B$5:$B$1004,"<"&DATE($B$3,7+1,1),업무일지!$J$5:$J$1004,"*"&$A40&"*",업무일지!$D$5:$D$1004,IF($E$30="전체","*",$E$30))) | I40: =IF($A40="","",COUNTIFS(업무일지!$B$5:$B$1004,">="&DATE($B$3,8,1),업무일지!$B$5:$B$1004,"<"&DATE($B$3,8+1,1),업무일지!$I$5:$I$1004,$A40,업무일지!$D$5:$D$1004,IF($E$30="전체","*",$E$30))+COUNTIFS(업무일지!$B$5:$B$1004,">="&DATE($B$3,8,1),업무일지!$B$5:$B$1004,"<"&DATE($B$3,8+1,1),업무일지!$J$5:$J$1004,"*"&$A40&"*",업무일지!$D$5:$D$1004,IF($E$30="전체","*",$E$30))) | J40: =IF($A40="","",COUNTIFS(업무일지!$B$5:$B$1004,">="&DATE($B$3,9,1),업무일지!$B$5:$B$1004,"<"&DATE($B$3,9+1,1),업무일지!$I$5:$I$1004,$A40,업무일지!$D$5:$D$1004,IF($E$30="전체","*",$E$30))+COUNTIFS(업무일지!$B$5:$B$1004,">="&DATE($B$3,9,1),업무일지!$B$5:$B$1004,"<"&DATE($B$3,9+1,1),업무일지!$J$5:$J$1004,"*"&$A40&"*",업무일지!$D$5:$D$1004,IF($E$30="전체","*",$E$30))) | K40: =IF($A40="","",COUNTIFS(업무일지!$B$5:$B$1004,">="&DATE($B$3,10,1),업무일지!$B$5:$B$1004,"<"&DATE($B$3,10+1,1),업무일지!$I$5:$I$1004,$A40,업무일지!$D$5:$D$1004,IF($E$30="전체","*",$E$30))+COUNTIFS(업무일지!$B$5:$B$1004,">="&DATE($B$3,10,1),업무일지!$B$5:$B$1004,"<"&DATE($B$3,10+1,1),업무일지!$J$5:$J$1004,"*"&$A40&"*",업무일지!$D$5:$D$1004,IF($E$30="전체","*",$E$30))) | L40: =IF($A40="","",COUNTIFS(업무일지!$B$5:$B$1004,">="&DATE($B$3,11,1),업무일지!$B$5:$B$1004,"<"&DATE($B$3,11+1,1),업무일지!$I$5:$I$1004,$A40,업무일지!$D$5:$D$1004,IF($E$30="전체","*",$E$30))+COUNTIFS(업무일지!$B$5:$B$1004,">="&DATE($B$3,11,1),업무일지!$B$5:$B$1004,"<"&DATE($B$3,11+1,1),업무일지!$J$5:$J$1004,"*"&$A40&"*",업무일지!$D$5:$D$1004,IF($E$30="전체","*",$E$30))) | M40: =IF($A40="","",COUNTIFS(업무일지!$B$5:$B$1004,">="&DATE($B$3,12,1),업무일지!$B$5:$B$1004,"<"&DATE($B$3,12+1,1),업무일지!$I$5:$I$1004,$A40,업무일지!$D$5:$D$1004,IF($E$30="전체","*",$E$30))+COUNTIFS(업무일지!$B$5:$B$1004,">="&DATE($B$3,12,1),업무일지!$B$5:$B$1004,"<"&DATE($B$3,12+1,1),업무일지!$J$5:$J$1004,"*"&$A40&"*",업무일지!$D$5:$D$1004,IF($E$30="전체","*",$E$30))) | N40: =IF($A40="","",SUM(B40:M40))
A41: =IF($A16="","",$A16) | B41: =IF($A41="","",COUNTIFS(업무일지!$B$5:$B$1004,">="&DATE($B$3,1,1),업무일지!$B$5:$B$1004,"<"&DATE($B$3,1+1,1),업무일지!$I$5:$I$1004,$A41,업무일지!$D$5:$D$1004,IF($E$30="전체","*",$E$30))+COUNTIFS(업무일지!$B$5:$B$1004,">="&DATE($B$3,1,1),업무일지!$B$5:$B$1004,"<"&DATE($B$3,1+1,1),업무일지!$J$5:$J$1004,"*"&$A41&"*",업무일지!$D$5:$D$1004,IF($E$30="전체","*",$E$30))) | C41: =IF($A41="","",COUNTIFS(업무일지!$B$5:$B$1004,">="&DATE($B$3,2,1),업무일지!$B$5:$B$1004,"<"&DATE($B$3,2+1,1),업무일지!$I$5:$I$1004,$A41,업무일지!$D$5:$D$1004,IF($E$30="전체","*",$E$30))+COUNTIFS(업무일지!$B$5:$B$1004,">="&DATE($B$3,2,1),업무일지!$B$5:$B$1004,"<"&DATE($B$3,2+1,1),업무일지!$J$5:$J$1004,"*"&$A41&"*",업무일지!$D$5:$D$1004,IF($E$30="전체","*",$E$30))) | D41: =IF($A41="","",COUNTIFS(업무일지!$B$5:$B$1004,">="&DATE($B$3,3,1),업무일지!$B$5:$B$1004,"<"&DATE($B$3,3+1,1),업무일지!$I$5:$I$1004,$A41,업무일지!$D$5:$D$1004,IF($E$30="전체","*",$E$30))+COUNTIFS(업무일지!$B$5:$B$1004,">="&DATE($B$3,3,1),업무일지!$B$5:$B$1004,"<"&DATE($B$3,3+1,1),업무일지!$J$5:$J$1004,"*"&$A41&"*",업무일지!$D$5:$D$1004,IF($E$30="전체","*",$E$30))) | E41: =IF($A41="","",COUNTIFS(업무일지!$B$5:$B$1004,">="&DATE($B$3,4,1),업무일지!$B$5:$B$1004,"<"&DATE($B$3,4+1,1),업무일지!$I$5:$I$1004,$A41,업무일지!$D$5:$D$1004,IF($E$30="전체","*",$E$30))+COUNTIFS(업무일지!$B$5:$B$1004,">="&DATE($B$3,4,1),업무일지!$B$5:$B$1004,"<"&DATE($B$3,4+1,1),업무일지!$J$5:$J$1004,"*"&$A41&"*",업무일지!$D$5:$D$1004,IF($E$30="전체","*",$E$30))) | F41: =IF($A41="","",COUNTIFS(업무일지!$B$5:$B$1004,">="&DATE($B$3,5,1),업무일지!$B$5:$B$1004,"<"&DATE($B$3,5+1,1),업무일지!$I$5:$I$1004,$A41,업무일지!$D$5:$D$1004,IF($E$30="전체","*",$E$30))+COUNTIFS(업무일지!$B$5:$B$1004,">="&DATE($B$3,5,1),업무일지!$B$5:$B$1004,"<"&DATE($B$3,5+1,1),업무일지!$J$5:$J$1004,"*"&$A41&"*",업무일지!$D$5:$D$1004,IF($E$30="전체","*",$E$30))) | G41: =IF($A41="","",COUNTIFS(업무일지!$B$5:$B$1004,">="&DATE($B$3,6,1),업무일지!$B$5:$B$1004,"<"&DATE($B$3,6+1,1),업무일지!$I$5:$I$1004,$A41,업무일지!$D$5:$D$1004,IF($E$30="전체","*",$E$30))+COUNTIFS(업무일지!$B$5:$B$1004,">="&DATE($B$3,6,1),업무일지!$B$5:$B$1004,"<"&DATE($B$3,6+1,1),업무일지!$J$5:$J$1004,"*"&$A41&"*",업무일지!$D$5:$D$1004,IF($E$30="전체","*",$E$30))) | H41: =IF($A41="","",COUNTIFS(업무일지!$B$5:$B$1004,">="&DATE($B$3,7,1),업무일지!$B$5:$B$1004,"<"&DATE($B$3,7+1,1),업무일지!$I$5:$I$1004,$A41,업무일지!$D$5:$D$1004,IF($E$30="전체","*",$E$30))+COUNTIFS(업무일지!$B$5:$B$1004,">="&DATE($B$3,7,1),업무일지!$B$5:$B$1004,"<"&DATE($B$3,7+1,1),업무일지!$J$5:$J$1004,"*"&$A41&"*",업무일지!$D$5:$D$1004,IF($E$30="전체","*",$E$30))) | I41: =IF($A41="","",COUNTIFS(업무일지!$B$5:$B$1004,">="&DATE($B$3,8,1),업무일지!$B$5:$B$1004,"<"&DATE($B$3,8+1,1),업무일지!$I$5:$I$1004,$A41,업무일지!$D$5:$D$1004,IF($E$30="전체","*",$E$30))+COUNTIFS(업무일지!$B$5:$B$1004,">="&DATE($B$3,8,1),업무일지!$B$5:$B$1004,"<"&DATE($B$3,8+1,1),업무일지!$J$5:$J$1004,"*"&$A41&"*",업무일지!$D$5:$D$1004,IF($E$30="전체","*",$E$30))) | J41: =IF($A41="","",COUNTIFS(업무일지!$B$5:$B$1004,">="&DATE($B$3,9,1),업무일지!$B$5:$B$1004,"<"&DATE($B$3,9+1,1),업무일지!$I$5:$I$1004,$A41,업무일지!$D$5:$D$1004,IF($E$30="전체","*",$E$30))+COUNTIFS(업무일지!$B$5:$B$1004,">="&DATE($B$3,9,1),업무일지!$B$5:$B$1004,"<"&DATE($B$3,9+1,1),업무일지!$J$5:$J$1004,"*"&$A41&"*",업무일지!$D$5:$D$1004,IF($E$30="전체","*",$E$30))) | K41: =IF($A41="","",COUNTIFS(업무일지!$B$5:$B$1004,">="&DATE($B$3,10,1),업무일지!$B$5:$B$1004,"<"&DATE($B$3,10+1,1),업무일지!$I$5:$I$1004,$A41,업무일지!$D$5:$D$1004,IF($E$30="전체","*",$E$30))+COUNTIFS(업무일지!$B$5:$B$1004,">="&DATE($B$3,10,1),업무일지!$B$5:$B$1004,"<"&DATE($B$3,10+1,1),업무일지!$J$5:$J$1004,"*"&$A41&"*",업무일지!$D$5:$D$1004,IF($E$30="전체","*",$E$30))) | L41: =IF($A41="","",COUNTIFS(업무일지!$B$5:$B$1004,">="&DATE($B$3,11,1),업무일지!$B$5:$B$1004,"<"&DATE($B$3,11+1,1),업무일지!$I$5:$I$1004,$A41,업무일지!$D$5:$D$1004,IF($E$30="전체","*",$E$30))+COUNTIFS(업무일지!$B$5:$B$1004,">="&DATE($B$3,11,1),업무일지!$B$5:$B$1004,"<"&DATE($B$3,11+1,1),업무일지!$J$5:$J$1004,"*"&$A41&"*",업무일지!$D$5:$D$1004,IF($E$30="전체","*",$E$30))) | M41: =IF($A41="","",COUNTIFS(업무일지!$B$5:$B$1004,">="&DATE($B$3,12,1),업무일지!$B$5:$B$1004,"<"&DATE($B$3,12+1,1),업무일지!$I$5:$I$1004,$A41,업무일지!$D$5:$D$1004,IF($E$30="전체","*",$E$30))+COUNTIFS(업무일지!$B$5:$B$1004,">="&DATE($B$3,12,1),업무일지!$B$5:$B$1004,"<"&DATE($B$3,12+1,1),업무일지!$J$5:$J$1004,"*"&$A41&"*",업무일지!$D$5:$D$1004,IF($E$30="전체","*",$E$30))) | N41: =IF($A41="","",SUM(B41:M41))
A42: =IF($A17="","",$A17) | B42: =IF($A42="","",COUNTIFS(업무일지!$B$5:$B$1004,">="&DATE($B$3,1,1),업무일지!$B$5:$B$1004,"<"&DATE($B$3,1+1,1),업무일지!$I$5:$I$1004,$A42,업무일지!$D$5:$D$1004,IF($E$30="전체","*",$E$30))+COUNTIFS(업무일지!$B$5:$B$1004,">="&DATE($B$3,1,1),업무일지!$B$5:$B$1004,"<"&DATE($B$3,1+1,1),업무일지!$J$5:$J$1004,"*"&$A42&"*",업무일지!$D$5:$D$1004,IF($E$30="전체","*",$E$30))) | C42: =IF($A42="","",COUNTIFS(업무일지!$B$5:$B$1004,">="&DATE($B$3,2,1),업무일지!$B$5:$B$1004,"<"&DATE($B$3,2+1,1),업무일지!$I$5:$I$1004,$A42,업무일지!$D$5:$D$1004,IF($E$30="전체","*",$E$30))+COUNTIFS(업무일지!$B$5:$B$1004,">="&DATE($B$3,2,1),업무일지!$B$5:$B$1004,"<"&DATE($B$3,2+1,1),업무일지!$J$5:$J$1004,"*"&$A42&"*",업무일지!$D$5:$D$1004,IF($E$30="전체","*",$E$30))) | D42: =IF($A42="","",COUNTIFS(업무일지!$B$5:$B$1004,">="&DATE($B$3,3,1),업무일지!$B$5:$B$1004,"<"&DATE($B$3,3+1,1),업무일지!$I$5:$I$1004,$A42,업무일지!$D$5:$D$1004,IF($E$30="전체","*",$E$30))+COUNTIFS(업무일지!$B$5:$B$1004,">="&DATE($B$3,3,1),업무일지!$B$5:$B$1004,"<"&DATE($B$3,3+1,1),업무일지!$J$5:$J$1004,"*"&$A42&"*",업무일지!$D$5:$D$1004,IF($E$30="전체","*",$E$30))) | E42: =IF($A42="","",COUNTIFS(업무일지!$B$5:$B$1004,">="&DATE($B$3,4,1),업무일지!$B$5:$B$1004,"<"&DATE($B$3,4+1,1),업무일지!$I$5:$I$1004,$A42,업무일지!$D$5:$D$1004,IF($E$30="전체","*",$E$30))+COUNTIFS(업무일지!$B$5:$B$1004,">="&DATE($B$3,4,1),업무일지!$B$5:$B$1004,"<"&DATE($B$3,4+1,1),업무일지!$J$5:$J$1004,"*"&$A42&"*",업무일지!$D$5:$D$1004,IF($E$30="전체","*",$E$30))) | F42: =IF($A42="","",COUNTIFS(업무일지!$B$5:$B$1004,">="&DATE($B$3,5,1),업무일지!$B$5:$B$1004,"<"&DATE($B$3,5+1,1),업무일지!$I$5:$I$1004,$A42,업무일지!$D$5:$D$1004,IF($E$30="전체","*",$E$30))+COUNTIFS(업무일지!$B$5:$B$1004,">="&DATE($B$3,5,1),업무일지!$B$5:$B$1004,"<"&DATE($B$3,5+1,1),업무일지!$J$5:$J$1004,"*"&$A42&"*",업무일지!$D$5:$D$1004,IF($E$30="전체","*",$E$30))) | G42: =IF($A42="","",COUNTIFS(업무일지!$B$5:$B$1004,">="&DATE($B$3,6,1),업무일지!$B$5:$B$1004,"<"&DATE($B$3,6+1,1),업무일지!$I$5:$I$1004,$A42,업무일지!$D$5:$D$1004,IF($E$30="전체","*",$E$30))+COUNTIFS(업무일지!$B$5:$B$1004,">="&DATE($B$3,6,1),업무일지!$B$5:$B$1004,"<"&DATE($B$3,6+1,1),업무일지!$J$5:$J$1004,"*"&$A42&"*",업무일지!$D$5:$D$1004,IF($E$30="전체","*",$E$30))) | H42: =IF($A42="","",COUNTIFS(업무일지!$B$5:$B$1004,">="&DATE($B$3,7,1),업무일지!$B$5:$B$1004,"<"&DATE($B$3,7+1,1),업무일지!$I$5:$I$1004,$A42,업무일지!$D$5:$D$1004,IF($E$30="전체","*",$E$30))+COUNTIFS(업무일지!$B$5:$B$1004,">="&DATE($B$3,7,1),업무일지!$B$5:$B$1004,"<"&DATE($B$3,7+1,1),업무일지!$J$5:$J$1004,"*"&$A42&"*",업무일지!$D$5:$D$1004,IF($E$30="전체","*",$E$30))) | I42: =IF($A42="","",COUNTIFS(업무일지!$B$5:$B$1004,">="&DATE($B$3,8,1),업무일지!$B$5:$B$1004,"<"&DATE($B$3,8+1,1),업무일지!$I$5:$I$1004,$A42,업무일지!$D$5:$D$1004,IF($E$30="전체","*",$E$30))+COUNTIFS(업무일지!$B$5:$B$1004,">="&DATE($B$3,8,1),업무일지!$B$5:$B$1004,"<"&DATE($B$3,8+1,1),업무일지!$J$5:$J$1004,"*"&$A42&"*",업무일지!$D$5:$D$1004,IF($E$30="전체","*",$E$30))) | J42: =IF($A42="","",COUNTIFS(업무일지!$B$5:$B$1004,">="&DATE($B$3,9,1),업무일지!$B$5:$B$1004,"<"&DATE($B$3,9+1,1),업무일지!$I$5:$I$1004,$A42,업무일지!$D$5:$D$1004,IF($E$30="전체","*",$E$30))+COUNTIFS(업무일지!$B$5:$B$1004,">="&DATE($B$3,9,1),업무일지!$B$5:$B$1004,"<"&DATE($B$3,9+1,1),업무일지!$J$5:$J$1004,"*"&$A42&"*",업무일지!$D$5:$D$1004,IF($E$30="전체","*",$E$30))) | K42: =IF($A42="","",COUNTIFS(업무일지!$B$5:$B$1004,">="&DATE($B$3,10,1),업무일지!$B$5:$B$1004,"<"&DATE($B$3,10+1,1),업무일지!$I$5:$I$1004,$A42,업무일지!$D$5:$D$1004,IF($E$30="전체","*",$E$30))+COUNTIFS(업무일지!$B$5:$B$1004,">="&DATE($B$3,10,1),업무일지!$B$5:$B$1004,"<"&DATE($B$3,10+1,1),업무일지!$J$5:$J$1004,"*"&$A42&"*",업무일지!$D$5:$D$1004,IF($E$30="전체","*",$E$30))) | L42: =IF($A42="","",COUNTIFS(업무일지!$B$5:$B$1004,">="&DATE($B$3,11,1),업무일지!$B$5:$B$1004,"<"&DATE($B$3,11+1,1),업무일지!$I$5:$I$1004,$A42,업무일지!$D$5:$D$1004,IF($E$30="전체","*",$E$30))+COUNTIFS(업무일지!$B$5:$B$1004,">="&DATE($B$3,11,1),업무일지!$B$5:$B$1004,"<"&DATE($B$3,11+1,1),업무일지!$J$5:$J$1004,"*"&$A42&"*",업무일지!$D$5:$D$1004,IF($E$30="전체","*",$E$30))) | M42: =IF($A42="","",COUNTIFS(업무일지!$B$5:$B$1004,">="&DATE($B$3,12,1),업무일지!$B$5:$B$1004,"<"&DATE($B$3,12+1,1),업무일지!$I$5:$I$1004,$A42,업무일지!$D$5:$D$1004,IF($E$30="전체","*",$E$30))+COUNTIFS(업무일지!$B$5:$B$1004,">="&DATE($B$3,12,1),업무일지!$B$5:$B$1004,"<"&DATE($B$3,12+1,1),업무일지!$J$5:$J$1004,"*"&$A42&"*",업무일지!$D$5:$D$1004,IF($E$30="전체","*",$E$30))) | N42: =IF($A42="","",SUM(B42:M42))
A43: =IF($A18="","",$A18) | B43: =IF($A43="","",COUNTIFS(업무일지!$B$5:$B$1004,">="&DATE($B$3,1,1),업무일지!$B$5:$B$1004,"<"&DATE($B$3,1+1,1),업무일지!$I$5:$I$1004,$A43,업무일지!$D$5:$D$1004,IF($E$30="전체","*",$E$30))+COUNTIFS(업무일지!$B$5:$B$1004,">="&DATE($B$3,1,1),업무일지!$B$5:$B$1004,"<"&DATE($B$3,1+1,1),업무일지!$J$5:$J$1004,"*"&$A43&"*",업무일지!$D$5:$D$1004,IF($E$30="전체","*",$E$30))) | C43: =IF($A43="","",COUNTIFS(업무일지!$B$5:$B$1004,">="&DATE($B$3,2,1),업무일지!$B$5:$B$1004,"<"&DATE($B$3,2+1,1),업무일지!$I$5:$I$1004,$A43,업무일지!$D$5:$D$1004,IF($E$30="전체","*",$E$30))+COUNTIFS(업무일지!$B$5:$B$1004,">="&DATE($B$3,2,1),업무일지!$B$5:$B$1004,"<"&DATE($B$3,2+1,1),업무일지!$J$5:$J$1004,"*"&$A43&"*",업무일지!$D$5:$D$1004,IF($E$30="전체","*",$E$30))) | D43: =IF($A43="","",COUNTIFS(업무일지!$B$5:$B$1004,">="&DATE($B$3,3,1),업무일지!$B$5:$B$1004,"<"&DATE($B$3,3+1,1),업무일지!$I$5:$I$1004,$A43,업무일지!$D$5:$D$1004,IF($E$30="전체","*",$E$30))+COUNTIFS(업무일지!$B$5:$B$1004,">="&DATE($B$3,3,1),업무일지!$B$5:$B$1004,"<"&DATE($B$3,3+1,1),업무일지!$J$5:$J$1004,"*"&$A43&"*",업무일지!$D$5:$D$1004,IF($E$30="전체","*",$E$30))) | E43: =IF($A43="","",COUNTIFS(업무일지!$B$5:$B$1004,">="&DATE($B$3,4,1),업무일지!$B$5:$B$1004,"<"&DATE($B$3,4+1,1),업무일지!$I$5:$I$1004,$A43,업무일지!$D$5:$D$1004,IF($E$30="전체","*",$E$30))+COUNTIFS(업무일지!$B$5:$B$1004,">="&DATE($B$3,4,1),업무일지!$B$5:$B$1004,"<"&DATE($B$3,4+1,1),업무일지!$J$5:$J$1004,"*"&$A43&"*",업무일지!$D$5:$D$1004,IF($E$30="전체","*",$E$30))) | F43: =IF($A43="","",COUNTIFS(업무일지!$B$5:$B$1004,">="&DATE($B$3,5,1),업무일지!$B$5:$B$1004,"<"&DATE($B$3,5+1,1),업무일지!$I$5:$I$1004,$A43,업무일지!$D$5:$D$1004,IF($E$30="전체","*",$E$30))+COUNTIFS(업무일지!$B$5:$B$1004,">="&DATE($B$3,5,1),업무일지!$B$5:$B$1004,"<"&DATE($B$3,5+1,1),업무일지!$J$5:$J$1004,"*"&$A43&"*",업무일지!$D$5:$D$1004,IF($E$30="전체","*",$E$30))) | G43: =IF($A43="","",COUNTIFS(업무일지!$B$5:$B$1004,">="&DATE($B$3,6,1),업무일지!$B$5:$B$1004,"<"&DATE($B$3,6+1,1),업무일지!$I$5:$I$1004,$A43,업무일지!$D$5:$D$1004,IF($E$30="전체","*",$E$30))+COUNTIFS(업무일지!$B$5:$B$1004,">="&DATE($B$3,6,1),업무일지!$B$5:$B$1004,"<"&DATE($B$3,6+1,1),업무일지!$J$5:$J$1004,"*"&$A43&"*",업무일지!$D$5:$D$1004,IF($E$30="전체","*",$E$30))) | H43: =IF($A43="","",COUNTIFS(업무일지!$B$5:$B$1004,">="&DATE($B$3,7,1),업무일지!$B$5:$B$1004,"<"&DATE($B$3,7+1,1),업무일지!$I$5:$I$1004,$A43,업무일지!$D$5:$D$1004,IF($E$30="전체","*",$E$30))+COUNTIFS(업무일지!$B$5:$B$1004,">="&DATE($B$3,7,1),업무일지!$B$5:$B$1004,"<"&DATE($B$3,7+1,1),업무일지!$J$5:$J$1004,"*"&$A43&"*",업무일지!$D$5:$D$1004,IF($E$30="전체","*",$E$30))) | I43: =IF($A43="","",COUNTIFS(업무일지!$B$5:$B$1004,">="&DATE($B$3,8,1),업무일지!$B$5:$B$1004,"<"&DATE($B$3,8+1,1),업무일지!$I$5:$I$1004,$A43,업무일지!$D$5:$D$1004,IF($E$30="전체","*",$E$30))+COUNTIFS(업무일지!$B$5:$B$1004,">="&DATE($B$3,8,1),업무일지!$B$5:$B$1004,"<"&DATE($B$3,8+1,1),업무일지!$J$5:$J$1004,"*"&$A43&"*",업무일지!$D$5:$D$1004,IF($E$30="전체","*",$E$30))) | J43: =IF($A43="","",COUNTIFS(업무일지!$B$5:$B$1004,">="&DATE($B$3,9,1),업무일지!$B$5:$B$1004,"<"&DATE($B$3,9+1,1),업무일지!$I$5:$I$1004,$A43,업무일지!$D$5:$D$1004,IF($E$30="전체","*",$E$30))+COUNTIFS(업무일지!$B$5:$B$1004,">="&DATE($B$3,9,1),업무일지!$B$5:$B$1004,"<"&DATE($B$3,9+1,1),업무일지!$J$5:$J$1004,"*"&$A43&"*",업무일지!$D$5:$D$1004,IF($E$30="전체","*",$E$30))) | K43: =IF($A43="","",COUNTIFS(업무일지!$B$5:$B$1004,">="&DATE($B$3,10,1),업무일지!$B$5:$B$1004,"<"&DATE($B$3,10+1,1),업무일지!$I$5:$I$1004,$A43,업무일지!$D$5:$D$1004,IF($E$30="전체","*",$E$30))+COUNTIFS(업무일지!$B$5:$B$1004,">="&DATE($B$3,10,1),업무일지!$B$5:$B$1004,"<"&DATE($B$3,10+1,1),업무일지!$J$5:$J$1004,"*"&$A43&"*",업무일지!$D$5:$D$1004,IF($E$30="전체","*",$E$30))) | L43: =IF($A43="","",COUNTIFS(업무일지!$B$5:$B$1004,">="&DATE($B$3,11,1),업무일지!$B$5:$B$1004,"<"&DATE($B$3,11+1,1),업무일지!$I$5:$I$1004,$A43,업무일지!$D$5:$D$1004,IF($E$30="전체","*",$E$30))+COUNTIFS(업무일지!$B$5:$B$1004,">="&DATE($B$3,11,1),업무일지!$B$5:$B$1004,"<"&DATE($B$3,11+1,1),업무일지!$J$5:$J$1004,"*"&$A43&"*",업무일지!$D$5:$D$1004,IF($E$30="전체","*",$E$30))) | M43: =IF($A43="","",COUNTIFS(업무일지!$B$5:$B$1004,">="&DATE($B$3,12,1),업무일지!$B$5:$B$1004,"<"&DATE($B$3,12+1,1),업무일지!$I$5:$I$1004,$A43,업무일지!$D$5:$D$1004,IF($E$30="전체","*",$E$30))+COUNTIFS(업무일지!$B$5:$B$1004,">="&DATE($B$3,12,1),업무일지!$B$5:$B$1004,"<"&DATE($B$3,12+1,1),업무일지!$J$5:$J$1004,"*"&$A43&"*",업무일지!$D$5:$D$1004,IF($E$30="전체","*",$E$30))) | N43: =IF($A43="","",SUM(B43:M43))
... A51: =IF($A26="","",$A26) | B51: =IF($A51="","",COUNTIFS(업무일지!$B$5:$B$1004,">="&DATE($B$3,1,1),업무일지!$B$5:$B$1004,"<"&DATE($B$3,1+1,1),업무일지!$I$5:$I$1004,$A51,업무일지!$D$5:$D$1004,IF($E$30="전체","*",$E$30))+COUNTIFS(업무일지!$B$5:$B$1004,">="&DATE($B$3,1,1),업무일지!$B$5:$B$1004,"<"&DATE($B$3,1+1,1),업무일지!$J$5:$J$1004,"*"&$A51&"*",업무일지!$D$5:$D$1004,IF($E$30="전체","*",$E$30))) | C51: =IF($A51="","",COUNTIFS(업무일지!$B$5:$B$1004,">="&DATE($B$3,2,1),업무일지!$B$5:$B$1004,"<"&DATE($B$3,2+1,1),업무일지!$I$5:$I$1004,$A51,업무일지!$D$5:$D$1004,IF($E$30="전체","*",$E$30))+COUNTIFS(업무일지!$B$5:$B$1004,">="&DATE($B$3,2,1),업무일지!$B$5:$B$1004,"<"&DATE($B$3,2+1,1),업무일지!$J$5:$J$1004,"*"&$A51&"*",업무일지!$D$5:$D$1004,IF($E$30="전체","*",$E$30))) | D51: =IF($A51="","",COUNTIFS(업무일지!$B$5:$B$1004,">="&DATE($B$3,3,1),업무일지!$B$5:$B$1004,"<"&DATE($B$3,3+1,1),업무일지!$I$5:$I$1004,$A51,업무일지!$D$5:$D$1004,IF($E$30="전체","*",$E$30))+COUNTIFS(업무일지!$B$5:$B$1004,">="&DATE($B$3,3,1),업무일지!$B$5:$B$1004,"<"&DATE($B$3,3+1,1),업무일지!$J$5:$J$1004,"*"&$A51&"*",업무일지!$D$5:$D$1004,IF($E$30="전체","*",$E$30))) | E51: =IF($A51="","",COUNTIFS(업무일지!$B$5:$B$1004,">="&DATE($B$3,4,1),업무일지!$B$5:$B$1004,"<"&DATE($B$3,4+1,1),업무일지!$I$5:$I$1004,$A51,업무일지!$D$5:$D$1004,IF($E$30="전체","*",$E$30))+COUNTIFS(업무일지!$B$5:$B$1004,">="&DATE($B$3,4,1),업무일지!$B$5:$B$1004,"<"&DATE($B$3,4+1,1),업무일지!$J$5:$J$1004,"*"&$A51&"*",업무일지!$D$5:$D$1004,IF($E$30="전체","*",$E$30))) | F51: =IF($A51="","",COUNTIFS(업무일지!$B$5:$B$1004,">="&DATE($B$3,5,1),업무일지!$B$5:$B$1004,"<"&DATE($B$3,5+1,1),업무일지!$I$5:$I$1004,$A51,업무일지!$D$5:$D$1004,IF($E$30="전체","*",$E$30))+COUNTIFS(업무일지!$B$5:$B$1004,">="&DATE($B$3,5,1),업무일지!$B$5:$B$1004,"<"&DATE($B$3,5+1,1),업무일지!$J$5:$J$1004,"*"&$A51&"*",업무일지!$D$5:$D$1004,IF($E$30="전체","*",$E$30))) | G51: =IF($A51="","",COUNTIFS(업무일지!$B$5:$B$1004,">="&DATE($B$3,6,1),업무일지!$B$5:$B$1004,"<"&DATE($B$3,6+1,1),업무일지!$I$5:$I$1004,$A51,업무일지!$D$5:$D$1004,IF($E$30="전체","*",$E$30))+COUNTIFS(업무일지!$B$5:$B$1004,">="&DATE($B$3,6,1),업무일지!$B$5:$B$1004,"<"&DATE($B$3,6+1,1),업무일지!$J$5:$J$1004,"*"&$A51&"*",업무일지!$D$5:$D$1004,IF($E$30="전체","*",$E$30))) | H51: =IF($A51="","",COUNTIFS(업무일지!$B$5:$B$1004,">="&DATE($B$3,7,1),업무일지!$B$5:$B$1004,"<"&DATE($B$3,7+1,1),업무일지!$I$5:$I$1004,$A51,업무일지!$D$5:$D$1004,IF($E$30="전체","*",$E$30))+COUNTIFS(업무일지!$B$5:$B$1004,">="&DATE($B$3,7,1),업무일지!$B$5:$B$1004,"<"&DATE($B$3,7+1,1),업무일지!$J$5:$J$1004,"*"&$A51&"*",업무일지!$D$5:$D$1004,IF($E$30="전체","*",$E$30))) | I51: =IF($A51="","",COUNTIFS(업무일지!$B$5:$B$1004,">="&DATE($B$3,8,1),업무일지!$B$5:$B$1004,"<"&DATE($B$3,8+1,1),업무일지!$I$5:$I$1004,$A51,업무일지!$D$5:$D$1004,IF($E$30="전체","*",$E$30))+COUNTIFS(업무일지!$B$5:$B$1004,">="&DATE($B$3,8,1),업무일지!$B$5:$B$1004,"<"&DATE($B$3,8+1,1),업무일지!$J$5:$J$1004,"*"&$A51&"*",업무일지!$D$5:$D$1004,IF($E$30="전체","*",$E$30))) | J51: =IF($A51="","",COUNTIFS(업무일지!$B$5:$B$1004,">="&DATE($B$3,9,1),업무일지!$B$5:$B$1004,"<"&DATE($B$3,9+1,1),업무일지!$I$5:$I$1004,$A51,업무일지!$D$5:$D$1004,IF($E$30="전체","*",$E$30))+COUNTIFS(업무일지!$B$5:$B$1004,">="&DATE($B$3,9,1),업무일지!$B$5:$B$1004,"<"&DATE($B$3,9+1,1),업무일지!$J$5:$J$1004,"*"&$A51&"*",업무일지!$D$5:$D$1004,IF($E$30="전체","*",$E$30))) | K51: =IF($A51="","",COUNTIFS(업무일지!$B$5:$B$1004,">="&DATE($B$3,10,1),업무일지!$B$5:$B$1004,"<"&DATE($B$3,10+1,1),업무일지!$I$5:$I$1004,$A51,업무일지!$D$5:$D$1004,IF($E$30="전체","*",$E$30))+COUNTIFS(업무일지!$B$5:$B$1004,">="&DATE($B$3,10,1),업무일지!$B$5:$B$1004,"<"&DATE($B$3,10+1,1),업무일지!$J$5:$J$1004,"*"&$A51&"*",업무일지!$D$5:$D$1004,IF($E$30="전체","*",$E$30))) | L51: =IF($A51="","",COUNTIFS(업무일지!$B$5:$B$1004,">="&DATE($B$3,11,1),업무일지!$B$5:$B$1004,"<"&DATE($B$3,11+1,1),업무일지!$I$5:$I$1004,$A51,업무일지!$D$5:$D$1004,IF($E$30="전체","*",$E$30))+COUNTIFS(업무일지!$B$5:$B$1004,">="&DATE($B$3,11,1),업무일지!$B$5:$B$1004,"<"&DATE($B$3,11+1,1),업무일지!$J$5:$J$1004,"*"&$A51&"*",업무일지!$D$5:$D$1004,IF($E$30="전체","*",$E$30))) | M51: =IF($A51="","",COUNTIFS(업무일지!$B$5:$B$1004,">="&DATE($B$3,12,1),업무일지!$B$5:$B$1004,"<"&DATE($B$3,12+1,1),업무일지!$I$5:$I$1004,$A51,업무일지!$D$5:$D$1004,IF($E$30="전체","*",$E$30))+COUNTIFS(업무일지!$B$5:$B$1004,">="&DATE($B$3,12,1),업무일지!$B$5:$B$1004,"<"&DATE($B$3,12+1,1),업무일지!$J$5:$J$1004,"*"&$A51&"*",업무일지!$D$5:$D$1004,IF($E$30="전체","*",$E$30))) | N51: =IF($A51="","",SUM(B51:M51))
A52: 합계 | B52: =SUM(B32:B51) -> 0 | C52: =SUM(C32:C51) -> 0 | D52: =SUM(D32:D51) -> 5 | E52: =SUM(E32:E51) -> 0 | F52: =SUM(F32:F51) -> 0 | G52: =SUM(G32:G51) -> 0 | H52: =SUM(H32:H51) -> 0 | I52: =SUM(I32:I51) -> 0 | ... N52: =SUM(N32:N51) -> 5

Sheet 코드설정
A1: 코드 설정
A2: ※ 목록을 수정하면 업무일지 드롭다운과 모든 집계표가 함께 바뀝니다. 위에서부터 빈칸 없이 채워주세요. ※ 동명이인이 있으면 '김디지(1팀)'처럼 반드시 구분해서 등록하세요 — 동행자 집계가 부분일치 방식입니다.
A4: 직무구분 | B4: 세부유형 | C4: 담당자 | D4: 소속팀 | E4: 요청·의뢰처 | F4: 진행상태 | H4: 직무구분 마스터
A5: 출장 | B5: 압수·수색 집행 | C5: 김디지 | D5: 포렌식1팀 | E5: 본청 수사과 | F5: 진행중 | H5: 출장
A6: 출장 | B6: 현장 증거수집 | C6: 이수사 | D6: 포렌식1팀 | E6: 지방청 사이버수사대 | F6: 완료 | H6: 분석
A7: 출장 | B7: 현장 지원·입회 | C7: 박증거 | D7: 포렌식2팀 | E7: 감사실 | F7: 보류
A8: 출장 | B8: 회의·협의 | C8: 최분석 | D8: 포렌식2팀 | E8: 외부 의뢰기관
A9: 출장 | B9: 교육·세미나 | C9: 정현장 | D9: 침해대응팀 | E9: 자체 인지
A10: 출장 | B10: 기타 출장
A11: 분석 | B11: 디스크 이미지 분석
A12: 분석 | B12: 모바일 분석
A13: 분석 | B13: 영상·이미지 분석
A14: 분석 | B14: 로그·네트워크 분석
A15: 분석 | B15: 악성코드 분석
A16: 분석 | B16: 보고서 작성·검증
A17: 분석 | B17: 기타 분석
